time (s),strain (mm/mm),phase (pi radians)
4.566944000000000004e-01,8.649515151515152836e-03,0.000000000000000000e+00
4.551589999999999803e-01,8.620435606060605424e-03,2.936078084836424296e-05
4.547956000000000221e-01,8.613553030303030406e-03,6.228452754397650892e-05
4.524696000000000273e-01,8.569500000000000728e-03,7.372339732691912673e-05
4.532864999999999811e-01,8.584971590909089290e-03,-4.363748771007980309e-05
4.537726000000000259e-01,8.594178030303030111e-03,2.526393765756029808e-05
4.527675999999999923e-01,8.575143939393937986e-03,5.227790486295180727e-05
4.546743999999999786e-01,8.611257575757574195e-03,3.978650989000520610e-05
4.518685000000000063e-01,8.558115530303030474e-03,2.749361100640168587e-05
4.561946000000000057e-01,8.640049242424242479e-03,6.605999682651741978e-05
4.538801000000000085e-01,8.596214015151516785e-03,1.060084952083650833e-04
4.542471000000000148e-01,8.603164772727274479e-03,6.319799494725053535e-05
4.546575999999999951e-01,8.610939393939393005e-03,5.817955361486770727e-05
4.524253999999999776e-01,8.568662878787878731e-03,1.680555126361005236e-04
4.520924000000000054e-01,8.562356060606060235e-03,1.446930218796937950e-04
4.491274000000000099e-01,8.506200757575757554e-03,2.001382042019494989e-04
4.548922000000000243e-01,8.615382575757576586e-03,1.769527981189122912e-04
4.549730000000000163e-01,8.616912878787878413e-03,1.729941603556550689e-04
4.529387999999999748e-01,8.578386363636362685e-03,1.645888337504786136e-04
4.513681999999999972e-01,8.548640151515150831e-03,2.268169701216127265e-04
4.531884999999999941e-01,8.583115530303029456e-03,1.539386467644954237e-04
4.518934000000000006e-01,8.558587121212121382e-03,7.058135597481918211e-05
4.528182000000000040e-01,8.576102272727271700e-03,1.259319142158377147e-04
4.527236000000000038e-01,8.574310606060606132e-03,1.812273419191656743e-04
4.522901999999999756e-01,8.566102272727272107e-03,1.043045342687953791e-04
4.533930999999999933e-01,8.586990530303029862e-03,1.416929523136989388e-04
4.536379999999999857e-01,8.591628787878788712e-03,1.686896512673730086e-04
4.542186999999999752e-01,8.602626893939393365e-03,1.340476273735680124e-04
4.550443000000000127e-01,8.618263257575758604e-03,2.244319261346383598e-04
4.547514999999999752e-01,8.612717803030302613e-03,2.544670191917397517e-04
4.548595999999999751e-01,8.614765151515151043e-03,2.870546385191907746e-04
4.544439000000000117e-01,8.606892045454546045e-03,2.539696855377027163e-04
4.536317999999999739e-01,8.591511363636363668e-03,2.924475564176631792e-04
4.531132999999999966e-01,8.581691287878787447e-03,3.458888822560624021e-04
4.532513000000000236e-01,8.584304924242424847e-03,3.163293912140652253e-04
4.476326999999999945e-01,8.477892045454545403e-03,4.402097779686586776e-04
4.503328999999999804e-01,8.529032196969696389e-03,4.753672982112933099e-04
4.425509000000000248e-01,8.381645833333332962e-03,4.891707466048167419e-04
4.438182999999999989e-01,8.405649621212121086e-03,5.609975628081409482e-04
4.436147999999999758e-01,8.401795454545455191e-03,5.496394185288133727e-04
4.431138000000000021e-01,8.392306818181817854e-03,5.334892630112220147e-04
4.406233999999999984e-01,8.345140151515152011e-03,5.282047505148490529e-04
4.386372000000000049e-01,8.307522727272727628e-03,5.504397360445167919e-04
4.391722000000000126e-01,8.317655303030304162e-03,5.110670247410187272e-04
4.385010999999999770e-01,8.304945075757574902e-03,4.521473282201871058e-04
4.377519000000000271e-01,8.290755681818182121e-03,3.980482497357717975e-04
4.383962000000000137e-01,8.302958333333334065e-03,4.023498986874818328e-04
4.355829999999999980e-01,8.249678030303030790e-03,2.511288108468789915e-04
4.392450999999999994e-01,8.319035984848484680e-03,2.189130134413463935e-04
4.403525999999999829e-01,8.340011363636363681e-03,1.789197577537482431e-04
4.418152000000000190e-01,8.367712121212121310e-03,1.455568594089795553e-04
4.417009000000000074e-01,8.365547348484847837e-03,1.840106541263208939e-04
4.406277000000000110e-01,8.345221590909090645e-03,2.310193426282580731e-04
4.404100000000000237e-01,8.341098484848485928e-03,2.037676686043043972e-04
4.385555999999999899e-01,8.305977272727272168e-03,3.553914387951495613e-04
4.389524000000000203e-01,8.313492424242424628e-03,3.249654271052504484e-04
4.355074999999999918e-01,8.248248106060606169e-03,3.557463295369434064e-04
4.352772999999999781e-01,8.243888257575757161e-03,3.598142570397921958e-04
4.346121000000000012e-01,8.231289772727272067e-03,3.531222340149575700e-04
4.348052000000000028e-01,8.234946969696970223e-03,3.061254370385624313e-04
4.370458999999999872e-01,8.277384469696969296e-03,2.187477230447543164e-04
4.376713999999999882e-01,8.289231060606061172e-03,1.524248617885692880e-04
4.372642999999999947e-01,8.281520833333333442e-03,1.160542070184344965e-04
4.369062000000000223e-01,8.274738636363637365e-03,1.862252479277737294e-04
4.385472000000000259e-01,8.305818181818183307e-03,1.954940410011651863e-04
4.395136000000000043e-01,8.324121212121211519e-03,1.536926363684409935e-04
4.391304999999999792e-01,8.316865530303030329e-03,2.296781878192710735e-04
4.398552000000000017e-01,8.330590909090909019e-03,2.993306463496825387e-04
4.376983999999999875e-01,8.289742424242425162e-03,3.199065964704095322e-04
4.371286999999999812e-01,8.278952651515151737e-03,3.488342854495174450e-04
4.366979000000000277e-01,8.270793560606061814e-03,4.785366890714959354e-04
4.361421999999999799e-01,8.260268939393938803e-03,5.658674237207783619e-04
4.329448000000000185e-01,8.199712121212121563e-03,6.718446566842395384e-04
4.323960000000000026e-01,8.189318181818181289e-03,6.100792301407809148e-04
4.314361999999999919e-01,8.171140151515151467e-03,7.412245138213036100e-04
4.322540000000000271e-01,8.186628787878787866e-03,7.781624336459236346e-04
4.287915999999999950e-01,8.121053030303030523e-03,8.295325300610167929e-04
4.278982000000000063e-01,8.104132575757577034e-03,8.790334004922240041e-04
4.311609000000000136e-01,8.165926136363636095e-03,8.644161250619397663e-04
4.294397999999999826e-01,8.133329545454544285e-03,9.308633870764859708e-04
4.293598000000000137e-01,8.131814393939394356e-03,9.729432358211997922e-04
4.304446000000000105e-01,8.152359848484849736e-03,9.664297953118072826e-04
4.294507000000000185e-01,8.133535984848484779e-03,9.486921900171418898e-04
4.317568999999999990e-01,8.177214015151515816e-03,1.002998246491748624e-03
4.289948000000000095e-01,8.124901515151515541e-03,9.892046885437433268e-04
4.273966000000000154e-01,8.094632575757576207e-03,9.889814850298495053e-04
4.311183000000000098e-01,8.165119318181817895e-03,9.713289957248294471e-04
4.290034999999999821e-01,8.125066287878788748e-03,1.082989754410679240e-03
4.266596999999999751e-01,8.080676136363635839e-03,1.024156810395970840e-03
4.296162000000000036e-01,8.136670454545455455e-03,1.027779081755553214e-03
4.286948999999999899e-01,8.119221590909091874e-03,1.061741999767829014e-03
4.244519999999999960e-01,8.038863636363635656e-03,1.053280358640107384e-03
4.277352999999999850e-01,8.101047348484848726e-03,1.020474185889630458e-03
4.262980000000000103e-01,8.073825757575757087e-03,9.982114198077152167e-04
4.252345000000000153e-01,8.053683712121213409e-03,9.945717733317871456e-04
4.236729000000000189e-01,8.024107954545453905e-03,9.765806676121924212e-04
4.269831000000000043e-01,8.086801136363636761e-03,9.719184163025085255e-04
4.270555999999999797e-01,8.088174242424242197e-03,9.405841339650278243e-04
4.254012999999999822e-01,8.056842803030303535e-03,8.487574617610516015e-04
4.253991999999999774e-01,8.056803030303030452e-03,8.295027009576072530e-04
4.251075000000000270e-01,8.051278409090910707e-03,8.599663152127901000e-04
4.212915999999999883e-01,7.979007575757575063e-03,7.738642842826104484e-04
4.227355999999999892e-01,8.006356060606061031e-03,8.112395839739994230e-04
4.251034000000000201e-01,8.051200757575758746e-03,7.973857259018224397e-04
4.216103999999999963e-01,7.985045454545454738e-03,7.352686965815813380e-04
4.237054000000000098e-01,8.024723484848485244e-03,6.719741461137518357e-04
4.215574999999999739e-01,7.984043560606059534e-03,6.441171890979591197e-04
4.228045999999999749e-01,8.007662878787877997e-03,6.380234575489307502e-04
4.223955999999999822e-01,7.999916666666667328e-03,5.810863800433940796e-04
4.241282000000000107e-01,8.032731060606061388e-03,5.701929983130682444e-04
4.219108999999999776e-01,7.990736742424241895e-03,5.366286762134020449e-04
4.220398000000000205e-01,7.993178030303031006e-03,5.049088276436464184e-04
4.174357000000000206e-01,7.905979166666667057e-03,5.109921358914526479e-04
4.217742999999999909e-01,7.988149621212121618e-03,4.935695782974924839e-04
4.200236999999999998e-01,7.954994318181819388e-03,4.969017893264870978e-04
4.214098000000000011e-01,7.981246212121212089e-03,4.193703102642887259e-04
4.197855999999999810e-01,7.950484848484847336e-03,4.938690459443950687e-04
4.204791999999999974e-01,7.963621212121211809e-03,5.007704163996207214e-04
4.217269000000000156e-01,7.987251893939395497e-03,5.060546599932047585e-04
4.195747000000000226e-01,7.946490530303031152e-03,5.058620088704834927e-04
4.214609000000000272e-01,7.982214015151515088e-03,5.738521093942017259e-04
4.181941000000000130e-01,7.920342803030302331e-03,5.957898307068498767e-04
4.146672000000000136e-01,7.853545454545455065e-03,6.642362205199203729e-04
4.190650000000000208e-01,7.936837121212122342e-03,6.448117390335239563e-04
4.166121999999999881e-01,7.890382575757574901e-03,7.106743662825820707e-04
4.169692999999999872e-01,7.897145833333332407e-03,7.213742072244011538e-04
4.177572999999999981e-01,7.912070075757575774e-03,7.324361746243734927e-04
4.162662999999999780e-01,7.883831439393938767e-03,7.978686850838023759e-04
4.162356999999999863e-01,7.883251893939393837e-03,7.911743469226628633e-04
4.162699000000000260e-01,7.883899621212121442e-03,8.363420107827534977e-04
4.161356999999999973e-01,7.881357954545455125e-03,9.371915041536116320e-04
4.166966999999999755e-01,7.891982954545453607e-03,9.306505716930590921e-04
4.190675999999999846e-01,7.936886363636362976e-03,9.764104908143167449e-04
4.145790999999999782e-01,7.851876893939393684e-03,1.000077851776748350e-03
4.148513999999999813e-01,7.857034090909091606e-03,9.953524207107489197e-04
4.155646000000000062e-01,7.870541666666666311e-03,1.056778758852794375e-03
4.155554000000000192e-01,7.870367424242423818e-03,1.044537269390743983e-03
4.144732999999999890e-01,7.849873106060606745e-03,1.141927722102475951e-03
4.149800000000000155e-01,7.859469696969698105e-03,1.112751848892423734e-03
4.133437999999999835e-01,7.828481060606061817e-03,1.145986947020560809e-03
4.150421000000000249e-01,7.860645833333334068e-03,1.201620599413866231e-03
4.171888999999999736e-01,7.901304924242423533e-03,1.144895967550185745e-03
4.169045000000000112e-01,7.895918560606061606e-03,1.194323645972494852e-03
4.159489000000000103e-01,7.877820075757576215e-03,1.181425579711348206e-03
4.177595000000000058e-01,7.912111742424243060e-03,1.234105981283983855e-03
4.155654999999999766e-01,7.870558712121210679e-03,1.218201252693229542e-03
4.161490999999999940e-01,7.881611742424243783e-03,1.208313296198637588e-03
4.166181999999999941e-01,7.890496212121211536e-03,1.241921386751443368e-03
4.176787000000000138e-01,7.910581439393939499e-03,1.229145574051404566e-03
4.182022000000000239e-01,7.920496212121212048e-03,1.233763550496869144e-03
4.212564999999999782e-01,7.978342803030303090e-03,1.184972110329141071e-03
4.227611000000000008e-01,8.006839015151515429e-03,1.216255411980171619e-03
4.241268000000000260e-01,8.032704545454546000e-03,1.154919653477248787e-03
4.231376000000000026e-01,8.013969696969698228e-03,1.151510234516595066e-03
4.260124000000000133e-01,8.068416666666668180e-03,1.122900143600225054e-03
4.282004999999999839e-01,8.109857954545454661e-03,1.140281921778840690e-03
4.295784999999999743e-01,8.135956439393939379e-03,1.096003676664236703e-03
4.281226000000000198e-01,8.108382575757576080e-03,1.120415476137837096e-03
4.272922000000000109e-01,8.092655303030302921e-03,1.148248219736469622e-03
4.279818000000000233e-01,8.105715909090909638e-03,1.099073748992207555e-03
4.286950999999999956e-01,8.119225378787878547e-03,1.127312170442373862e-03
4.271448999999999940e-01,8.089865530303030558e-03,1.125511454693362001e-03
4.276886999999999772e-01,8.100164772727272769e-03,1.047131566926817747e-03
4.249254000000000087e-01,8.047829545454545513e-03,1.118334630883399683e-03
4.270764000000000227e-01,8.088568181818182878e-03,1.140159632920023647e-03
4.267256999999999856e-01,8.081926136363635355e-03,1.077167982489746212e-03
4.246590000000000087e-01,8.042784090909090022e-03,1.044775131758934883e-03
4.264217000000000146e-01,8.076168560606061461e-03,1.046787564744522392e-03
4.267160999999999871e-01,8.081744318181817779e-03,1.116090563893945564e-03
4.269286999999999943e-01,8.085770833333333699e-03,1.103349070652070996e-03
4.240343999999999780e-01,8.030954545454545984e-03,1.107703907018031675e-03
4.224764999999999771e-01,8.001448863636363359e-03,1.120756014555690516e-03
4.236348999999999809e-01,8.023388257575758686e-03,1.136750582810486243e-03
4.206956000000000029e-01,7.967719696969697077e-03,1.171891512317502215e-03
4.219005000000000116e-01,7.990539772727274156e-03,1.174703219605610638e-03
4.215685000000000127e-01,7.984251893939394232e-03,1.211924229481575743e-03
4.243079000000000156e-01,8.036134469696969151e-03,1.219365629613444746e-03
4.246500000000000274e-01,8.042613636363635937e-03,1.202764694543334567e-03
4.256790999999999769e-01,8.062104166666667071e-03,1.183859469302883660e-03
4.266620999999999886e-01,8.080721590909091534e-03,1.166136245381532710e-03
4.286954000000000042e-01,8.119231060606061159e-03,1.144095812358858488e-03
4.284015999999999935e-01,8.113666666666666596e-03,1.067792354426166934e-03
4.298192000000000124e-01,8.140515151515152065e-03,1.040609934168934547e-03
4.270496999999999765e-01,8.088062499999999766e-03,9.412412420415350311e-04
4.247869000000000228e-01,8.045206439393940562e-03,8.912466048641709548e-04
4.259762999999999744e-01,8.067732954545454166e-03,9.539274178388401637e-04
4.223174000000000095e-01,7.998435606060606134e-03,9.676596409404769616e-04
4.195450000000000013e-01,7.945928030303030590e-03,1.021120014490006778e-03
4.170147000000000159e-01,7.898005681818183119e-03,1.064887951745752126e-03
4.194262999999999741e-01,7.943679924242424278e-03,1.084603936288786041e-03
4.156156999999999768e-01,7.871509469696969311e-03,1.134190792028533235e-03
4.199382999999999866e-01,7.953376893939394579e-03,1.138558216109419874e-03
4.190560999999999869e-01,7.936668560606060727e-03,1.167560218714502884e-03
4.182858999999999883e-01,7.922081439393938856e-03,1.127646142332294765e-03
4.213941999999999966e-01,7.980950757575757878e-03,1.091007852552006163e-03
4.198058000000000067e-01,7.950867424242424528e-03,1.084365035625756146e-03
4.202942000000000067e-01,7.960117424242425105e-03,1.125227279887675014e-03
4.242719999999999825e-01,8.035454545454545280e-03,1.024985507569853294e-03
4.232524999999999760e-01,8.016145833333333456e-03,9.807649172784982383e-04
4.203316000000000274e-01,7.960825757575758568e-03,9.892496841426567933e-04
4.230149999999999744e-01,8.011647727272726630e-03,9.102598218915236572e-04
4.196995000000000031e-01,7.948854166666666568e-03,9.033923419338174554e-04
4.214459999999999873e-01,7.981931818181818572e-03,9.277993501253245512e-04
4.198743999999999810e-01,7.952166666666666411e-03,9.175190376852215834e-04
4.201175999999999799e-01,7.956772727272727261e-03,9.684642390902498121e-04
4.178642000000000190e-01,7.914094696969697224e-03,9.756903237927994077e-04
4.180134999999999823e-01,7.916922348484848465e-03,9.651491775443110654e-04
4.154362999999999806e-01,7.868111742424242425e-03,1.020709490879900816e-03
4.178587000000000273e-01,7.913990530303029874e-03,9.838763357485347250e-04
4.147104999999999819e-01,7.854365530303030959e-03,1.005511830656058425e-03
4.141087999999999991e-01,7.842969696969697216e-03,1.016642924359933975e-03
4.136509999999999909e-01,7.834299242424241569e-03,9.967867508364203211e-04
4.165266000000000246e-01,7.888761363636365154e-03,1.002179632430266754e-03
4.136159999999999837e-01,7.833636363636363800e-03,1.050017086603960426e-03
4.196771999999999725e-01,7.948431818181818029e-03,1.014123841608371990e-03
4.169877000000000167e-01,7.897494318181819128e-03,1.071441731646638473e-03
4.150418000000000163e-01,7.860640151515151455e-03,1.126420638385805528e-03
4.161097000000000268e-01,7.880865530303031441e-03,1.056718489665320337e-03
4.146661999999999848e-01,7.853526515151514759e-03,1.101202419323821236e-03
4.144458999999999782e-01,7.849354166666667673e-03,1.045021503628451587e-03
4.158741000000000243e-01,7.876403409090909288e-03,1.039670476598975046e-03
4.142070999999999947e-01,7.844831439393939662e-03,1.085294808351511264e-03
4.164798000000000111e-01,7.887874999999999054e-03,1.060055445015195552e-03
4.178398999999999863e-01,7.913634469696969806e-03,1.044929314205356174e-03
4.165473000000000092e-01,7.889153409090908162e-03,1.022083401079787457e-03
4.164675999999999934e-01,7.887643939393939110e-03,1.010959581863590806e-03
4.171049000000000007e-01,7.899714015151515847e-03,9.359841558437276277e-04
4.183433999999999764e-01,7.923170454545453573e-03,9.447738157486451627e-04
4.180092000000000252e-01,7.916840909090909831e-03,9.306365802006499877e-04
4.175453000000000081e-01,7.908054924242425079e-03,9.021652798307799870e-04
4.164133999999999891e-01,7.886617424242424457e-03,9.395484977058332632e-04
4.172486999999999724e-01,7.902437499999999740e-03,8.849621807190954925e-04
4.171965999999999730e-01,7.901450757575756434e-03,8.819291105595095104e-04
4.193350000000000133e-01,7.941950757575758774e-03,8.514927992591125872e-04
4.168105999999999756e-01,7.894140151515150264e-03,8.033547217538572482e-04
4.170166000000000150e-01,7.898041666666666058e-03,8.256239482792304685e-04
4.168196000000000123e-01,7.894310606060606084e-03,7.866152780401369782e-04
4.156322000000000072e-01,7.871821969696969623e-03,7.845028461581637913e-04
4.170240000000000058e-01,7.898181818181818081e-03,7.051030848029826714e-04
4.182603999999999767e-01,7.921598484848484459e-03,7.485925449347563543e-04
4.186752000000000251e-01,7.929454545454546824e-03,7.194633165605868186e-04
4.205571000000000170e-01,7.965096590909090390e-03,7.366859469589703835e-04
4.176576000000000177e-01,7.910181818181819674e-03,7.370028966020569783e-04
4.180014000000000229e-01,7.916693181818182726e-03,7.536943886915503654e-04
4.185158999999999963e-01,7.926437499999999456e-03,7.295990023771237176e-04
4.205216999999999983e-01,7.964426136363635805e-03,7.063078900830799256e-04
4.192394999999999872e-01,7.940142045454545369e-03,7.224717042907391473e-04
4.173647999999999803e-01,7.904636363636363683e-03,6.427789198999445119e-04
4.168464000000000058e-01,7.894818181818181665e-03,6.794903583146050252e-04
4.182869000000000170e-01,7.922100378787879163e-03,6.601849584940699955e-04
4.186900000000000066e-01,7.929734848484849136e-03,6.516631573884046347e-04
4.172847000000000084e-01,7.903119318181817815e-03,7.086194623097119560e-04
4.187961000000000045e-01,7.931744318181818687e-03,7.128095366633058205e-04
4.195182000000000078e-01,7.945420454545455008e-03,6.836758165432721412e-04
4.206230000000000246e-01,7.966344696969697436e-03,6.621881883451807838e-04
4.201995000000000036e-01,7.958323863636363599e-03,6.644322271077696129e-04
4.226885000000000225e-01,8.005464015151515789e-03,6.660314566510061596e-04
4.205827999999999789e-01,7.965583333333333196e-03,7.134165388937852015e-04
4.231056000000000261e-01,8.013363636363636175e-03,6.943877160259237513e-04
4.242680999999999814e-01,8.035380681818181728e-03,7.124239991543879214e-04
4.223894000000000259e-01,7.999799242424242285e-03,6.565868217595083323e-04
4.257422000000000151e-01,8.063299242424243340e-03,6.801186733697006659e-04
4.262887000000000204e-01,8.073649621212122124e-03,7.251982548774904558e-04
4.276878000000000069e-01,8.100147727272728401e-03,7.072877402689581317e-04
4.282074000000000158e-01,8.109988636363637399e-03,7.687031345491313061e-04
4.276408999999999905e-01,8.099259469696969832e-03,8.286426630377263791e-04
4.274546000000000179e-01,8.095731060606061943e-03,8.669207040706838896e-04
4.263951000000000269e-01,8.075664772727272553e-03,9.252525071183903549e-04
4.294781999999999766e-01,8.134056818181818055e-03,9.618356724266918789e-04
4.285942999999999836e-01,8.117316287878787937e-03,1.076846466676772973e-03
4.272498000000000129e-01,8.091852272727273129e-03,1.085991207175784901e-03
4.264899999999999802e-01,8.077462121212120733e-03,1.166663757530161938e-03
4.225323999999999747e-01,8.002507575757574279e-03,1.220603622597127291e-03
4.247292999999999763e-01,8.044115530303029907e-03,1.210491689944193094e-03
4.243028999999999828e-01,8.036039772727272823e-03,1.205022495928687043e-03
4.236978000000000133e-01,8.024579545454544813e-03,1.177995585847413373e-03
4.228235000000000188e-01,8.008020833333334004e-03,1.220002773756445613e-03
4.239995999999999765e-01,8.030295454545454889e-03,1.213367371040996456e-03
4.236921000000000159e-01,8.024471590909090790e-03,1.213798528259757425e-03
4.220033000000000256e-01,7.992486742424243645e-03,1.160867239644869375e-03
4.208791000000000060e-01,7.971195075757575924e-03,1.103521190726985957e-03
4.229518999999999918e-01,8.010452651515152095e-03,1.063105745986503425e-03
4.198949000000000153e-01,7.952554924242424481e-03,1.117463010193164852e-03
4.220100999999999991e-01,7.992615530303030444e-03,1.044401277925488536e-03
4.242264000000000035e-01,8.034590909090909630e-03,1.033540026888324359e-03
4.234082000000000123e-01,8.019094696969696415e-03,9.768578381684767109e-04
4.258546999999999749e-01,8.065429924242424609e-03,9.510435890702773065e-04
4.274550999999999767e-01,8.095740530303029495e-03,8.703693412928092954e-04
4.277290000000000258e-01,8.100928030303031213e-03,8.720753519851909275e-04
4.285297000000000134e-01,8.116092803030303809e-03,8.327009469658586127e-04
4.282547999999999910e-01,8.110886363636363519e-03,8.020721831758503839e-04
4.297730000000000161e-01,8.139640151515151190e-03,8.264759209132277462e-04
4.312910999999999828e-01,8.168392045454544656e-03,7.864592984414553456e-04
4.314360999999999891e-01,8.171138257575757263e-03,7.791918915366347065e-04
4.360005000000000130e-01,8.257585227272727993e-03,8.309099831539379366e-04
4.320621000000000045e-01,8.182994318181818424e-03,8.234980570486216678e-04
4.313118000000000229e-01,8.168784090909091133e-03,8.531607774000526945e-04
4.321859000000000117e-01,8.185339015151515268e-03,7.919313642785752450e-04
4.326692999999999789e-01,8.194494318181817782e-03,8.395439306878582642e-04
4.329440999999999984e-01,8.199698863636363869e-03,8.302112414341200619e-04
4.306068000000000118e-01,8.155431818181818615e-03,7.956927961718651687e-04
4.286461999999999772e-01,8.118299242424241099e-03,7.932608337662960807e-04
4.292965999999999727e-01,8.130617424242423882e-03,7.834325530456931475e-04
4.301683000000000034e-01,8.147126893939394057e-03,7.437458591614820591e-04
4.319812000000000096e-01,8.181462121212122393e-03,6.451997846350643329e-04
4.313258999999999843e-01,8.169051136363635751e-03,5.977090791755568233e-04
4.330689999999999817e-01,8.202064393939393488e-03,5.350883097711145453e-04
4.320423999999999931e-01,8.182621212121212254e-03,5.417405324601443084e-04
4.334312000000000165e-01,8.208924242424243262e-03,4.534028631070219362e-04
4.374669999999999948e-01,8.285359848484847439e-03,3.236599590480393474e-04
4.352724000000000038e-01,8.243795454545455037e-03,3.074148200029602762e-04
4.370859000000000272e-01,8.278142045454546863e-03,3.122208344260579693e-04
4.412377000000000105e-01,8.356774621212122514e-03,2.478318495328091231e-04
4.380163999999999724e-01,8.295765151515151203e-03,2.965559111494098232e-04
4.402311999999999892e-01,8.337712121212120797e-03,3.389908876788583214e-04
4.420225999999999877e-01,8.371640151515150757e-03,2.541638267148371710e-04
4.394404000000000088e-01,8.322734848484848388e-03,3.661550314614236967e-04
4.405235000000000123e-01,8.343248106060605768e-03,2.686254414282496228e-04
4.407432000000000016e-01,8.347409090909091098e-03,2.612792804415065007e-04
4.398894999999999889e-01,8.331240530303029093e-03,3.255339952563662820e-04
4.398996000000000017e-01,8.331431818181817689e-03,3.602759987781922746e-04
4.399817999999999785e-01,8.332988636363634904e-03,3.451605862369033773e-04
4.382899000000000100e-01,8.300945075757576105e-03,3.577315219897014842e-04
4.371498999999999802e-01,8.279354166666667500e-03,3.586198194404088824e-04
4.406989000000000045e-01,8.346570075757574897e-03,3.712842121599280176e-04
4.406066000000000149e-01,8.344821969696969086e-03,4.494749740836523344e-04
4.383456000000000019e-01,8.302000000000000351e-03,3.975490543988158265e-04
4.421779000000000126e-01,8.374581439393940369e-03,4.156684146148226233e-04
4.382886999999999755e-01,8.300922348484847391e-03,4.237081937324971292e-04
4.365676000000000001e-01,8.268325757575757315e-03,3.613777582046617809e-04
4.370612999999999859e-01,8.277676136363636833e-03,3.401665758973049236e-04
4.374938999999999911e-01,8.285869318181817225e-03,2.759312002459379798e-04
4.383325000000000138e-01,8.301751893939394306e-03,3.156035058055062237e-04
4.408314999999999872e-01,8.349081439393939152e-03,2.839818019744200228e-04
4.379341999999999957e-01,8.294208333333332253e-03,2.732068990192182412e-04
4.399973999999999830e-01,8.333284090909090849e-03,2.486332282169989583e-04
4.412164000000000086e-01,8.356371212121212547e-03,1.505913904396027903e-04
4.437097999999999876e-01,8.403594696969697575e-03,9.341841659160632361e-05
4.463560999999999779e-01,8.453714015151514785e-03,9.541152741365799272e-05
4.466865999999999892e-01,8.459973484848483383e-03,1.304459783385558680e-04
4.480585000000000262e-01,8.485956439393940731e-03,1.089378317545852681e-04
4.465873000000000204e-01,8.458092803030304099e-03,1.012337162182852524e-04
4.497212999999999905e-01,8.517448863636362458e-03,1.613739712800210668e-04
4.498825000000000185e-01,8.520501893939394500e-03,2.182689557611583453e-04
4.504593000000000069e-01,8.531426136363637336e-03,1.652068207677048761e-04
4.491815000000000113e-01,8.507225378787879738e-03,2.392875336599820102e-04
4.498386999999999802e-01,8.519672348484849320e-03,2.602377872924499513e-04
4.482821000000000167e-01,8.490191287878789614e-03,3.473200693243638781e-04
4.505832000000000170e-01,8.533772727272728384e-03,3.563170653608782601e-04
4.499835999999999836e-01,8.522416666666665988e-03,3.681663438936944033e-04
4.498709000000000180e-01,8.520282196969698046e-03,4.247286173312270208e-04
4.465168999999999944e-01,8.456759469696970011e-03,4.260501988982978716e-04
4.490511999999999837e-01,8.504757575757575239e-03,4.149651753301286661e-04
4.491693999999999964e-01,8.506996212121212264e-03,3.839437106346599293e-04
4.495753000000000110e-01,8.514683712121213013e-03,3.479018524371602084e-04
4.537240000000000162e-01,8.593257575757577010e-03,3.283522348569434257e-04
4.526304999999999912e-01,8.572547348484848423e-03,3.062252918575314453e-04
4.575491999999999893e-01,8.665704545454545882e-03,3.609940184041704470e-04
4.564505999999999841e-01,8.644897727272726762e-03,3.243086830412300614e-04
4.575117000000000211e-01,8.664994318181819949e-03,5.100910186027762805e-04
4.593235999999999986e-01,8.699310606060606244e-03,5.093923370327324562e-04
4.573883999999999728e-01,8.662659090909090656e-03,6.295985642601475973e-04
4.554727000000000081e-01,8.626376893939392831e-03,6.300139541752791672e-04
4.529720999999999886e-01,8.579017045454545923e-03,6.979689240412811913e-04
4.511245999999999867e-01,8.544026515151514900e-03,7.131482862069438156e-04
4.531977999999999840e-01,8.583291666666666153e-03,7.497145085986200996e-04
4.536183999999999772e-01,8.591257575757575010e-03,6.077705883655859509e-04
4.553977000000000164e-01,8.624956439393940966e-03,6.423708074390077627e-04
4.542074999999999863e-01,8.602414772727271994e-03,4.966965495681874287e-04
4.574542999999999804e-01,8.663907196969697702e-03,5.379558182738719552e-04
4.595562999999999731e-01,8.703717803030301681e-03,5.557427828777328216e-04
4.586414999999999798e-01,8.686392045454545754e-03,5.943107573792572040e-04
4.606851000000000140e-01,8.725096590909092384e-03,6.104544617934193340e-04
4.592837000000000169e-01,8.698554924242424616e-03,7.290598902056633079e-04
4.543418000000000179e-01,8.604958333333334250e-03,8.208888157242855144e-04
4.563984999999999848e-01,8.643910984848485191e-03,7.858310340328467092e-04
4.500462000000000073e-01,8.523602272727272972e-03,7.596779575894663239e-04
4.527182000000000150e-01,8.574208333333332988e-03,7.687325540329803530e-04
4.516393000000000213e-01,8.553774621212121773e-03,6.872139045399627832e-04
4.517586000000000102e-01,8.556034090909091575e-03,5.723453135050293739e-04
4.530854999999999744e-01,8.581164772727273293e-03,5.518403006158356661e-04
4.559062999999999866e-01,8.634589015151515265e-03,4.948414180279137042e-04
4.586914000000000269e-01,8.687337121212121774e-03,4.760460603502325583e-04
4.576456999999999886e-01,8.667532196969697858e-03,3.910919554517278129e-04
4.569542999999999799e-01,8.654437500000000671e-03,3.693890694790313844e-04
4.576309000000000071e-01,8.667251893939395546e-03,4.284778309252557094e-04
4.562203000000000230e-01,8.640535984848485285e-03,4.858853798560547332e-04
4.542951000000000072e-01,8.604073863636364089e-03,5.095029718586996381e-04
4.546031999999999851e-01,8.609909090909089943e-03,3.892410956256586729e-04
4.529080999999999801e-01,8.577804924242423551e-03,3.501591943868564982e-04
4.553826999999999736e-01,8.624672348484848511e-03,2.532544138413861390e-04
4.534921000000000091e-01,8.588865530303030002e-03,2.707641035607499802e-04
4.567383999999999888e-01,8.650348484848484690e-03,4.011368851175589612e-05
4.567278000000000171e-01,8.650147727272726808e-03,3.726369006562535446e-05
4.587466000000000044e-01,8.688382575757576734e-03,-5.729854241232068546e-05
4.600676000000000210e-01,8.713401515151516022e-03,7.922736316778866694e-06
4.594732999999999734e-01,8.702145833333332567e-03,-3.848155545072007300e-05
4.616271000000000124e-01,8.742937500000000708e-03,2.916649882001021155e-05
4.614108000000000098e-01,8.738840909090909645e-03,4.068126768563828932e-06
4.621786999999999979e-01,8.753384469696970024e-03,1.660691346304643545e-04
4.596852000000000160e-01,8.706159090909090792e-03,1.556929147827901261e-04
4.587237000000000120e-01,8.687948863636362970e-03,6.914537248203789233e-05
4.587148999999999810e-01,8.687782196969697293e-03,1.318250148902855301e-04
4.576219999999999732e-01,8.667083333333333930e-03,1.112529533093820078e-04
4.583142000000000049e-01,8.680193181818183015e-03,2.150844435511167774e-05
4.583242000000000149e-01,8.680382575757575672e-03,-3.947801103154624514e-05
4.604543999999999859e-01,8.720727272727272356e-03,9.037726916738542116e-06
4.576540000000000052e-01,8.667689393939394249e-03,-1.007177896394928496e-04
4.609068000000000054e-01,8.729295454545454858e-03,-2.515116521519811243e-04
4.619472000000000023e-01,8.748999999999999833e-03,-3.213761735555431542e-04
4.634612000000000176e-01,8.777674242424243073e-03,-4.188207460399384630e-04
4.646080000000000210e-01,8.799393939393940212e-03,-4.854079431748647977e-04
4.649153999999999787e-01,8.805215909090908372e-03,-3.212620210683025945e-04
4.660249000000000197e-01,8.826229166666666251e-03,-3.303121678582821019e-04
4.690532000000000035e-01,8.883583333333333609e-03,-3.888271798971887350e-04
4.661808000000000063e-01,8.829181818181819352e-03,-2.318953459157224728e-04
4.674644000000000021e-01,8.853492424242423442e-03,-2.957365672512368704e-04
4.678597999999999923e-01,8.860981060606060514e-03,-2.458982425515010561e-04
4.663888999999999951e-01,8.833123106060606494e-03,-1.088481518474182508e-04
4.666658000000000195e-01,8.838367424242425663e-03,-1.207061860557523403e-04
4.652148999999999868e-01,8.810888257575756957e-03,-2.979801258962133659e-05
4.635135000000000227e-01,8.778664772727273052e-03,-3.187748050337280148e-05
4.609499000000000235e-01,8.730111742424242344e-03,-3.777692712536584452e-05
4.664579999999999838e-01,8.834431818181817664e-03,1.803127419197636527e-05
4.673384999999999900e-01,8.851107954545453516e-03,-3.109170426984775304e-05
4.657512999999999792e-01,8.821047348484847145e-03,-1.582823408952105382e-05
4.676595000000000057e-01,8.857187500000000477e-03,-6.349236491265397575e-05
4.708076999999999956e-01,8.916812499999999392e-03,-1.555965219066646199e-04
4.725928999999999824e-01,8.950623106060606043e-03,-9.766068542005346131e-05
4.764838000000000129e-01,9.024314393939393553e-03,-8.010735324004425451e-05
4.751795999999999798e-01,8.999613636363635455e-03,-4.945980194293042587e-07
4.758795000000000108e-01,9.012869318181819175e-03,7.819999451530446066e-05
4.760141999999999984e-01,9.015420454545454779e-03,1.275288518602923915e-04
4.767820999999999865e-01,9.029964015151515158e-03,1.548240682341939234e-04
4.770903000000000227e-01,9.035801136363636951e-03,2.716050308890771703e-04
4.776747000000000076e-01,9.046869318181818484e-03,2.321657203601112940e-04
4.797341999999999995e-01,9.085875000000000201e-03,2.807546531689020242e-04
4.754538999999999849e-01,9.004808712121212255e-03,3.110685488676434574e-04
4.753955999999999738e-01,9.003704545454545641e-03,2.952976292192044383e-04
4.749214999999999964e-01,8.994725378787879824e-03,3.433089332233185687e-04
4.748413000000000217e-01,8.993206439393939752e-03,3.013471868004158338e-04
4.766216999999999815e-01,9.026926136363636749e-03,1.907617785350534945e-04
4.770044999999999980e-01,9.034176136363637061e-03,2.110556812370267821e-04
4.760698999999999903e-01,9.016475378787879025e-03,1.476828516543404746e-04
4.786736999999999798e-01,9.065789772727272239e-03,1.777677645984354626e-04
4.798971000000000209e-01,9.088960227272728509e-03,1.030284041624307534e-04
4.821166000000000063e-01,9.130996212121211819e-03,1.126538403417587375e-04
4.822779999999999845e-01,9.134053030303030535e-03,9.693857260817395627e-05
4.812411999999999801e-01,9.114416666666666500e-03,2.055859587457575799e-04
4.855866999999999822e-01,9.196717803030302063e-03,1.658854459682945759e-04
4.841015000000000179e-01,9.168589015151515018e-03,1.199891022446442079e-04
4.837417999999999996e-01,9.161776515151515143e-03,2.303661689088132292e-04
4.816347999999999741e-01,9.121871212121211367e-03,2.558488634700761821e-04
4.820290999999999881e-01,9.129339015151515663e-03,2.705360466010997555e-04
4.837925000000000142e-01,9.162736742424243061e-03,3.293421928132200804e-04
4.837243999999999988e-01,9.161446969696970463e-03,4.288441201448778273e-04
4.813767999999999936e-01,9.116984848484848206e-03,3.974126800935229298e-04
4.793750999999999984e-01,9.079073863636363817e-03,3.771709366799935736e-04
4.830375000000000085e-01,9.148437500000000319e-03,3.075478112068985581e-04
4.813350000000000128e-01,9.116193181818181904e-03,3.912815211728482012e-04
4.789050999999999725e-01,9.070172348484848227e-03,3.351482456417365086e-04
4.802578000000000125e-01,9.095791666666666955e-03,3.808051716247540242e-04
4.767958999999999947e-01,9.030225378787878898e-03,3.871815438915016117e-04
4.779018999999999906e-01,9.051172348484848307e-03,3.594531943308387767e-04
4.771407999999999761e-01,9.036757575757574726e-03,3.832179605124386157e-04
4.794250999999999929e-01,9.080020833333332306e-03,3.397788018547620581e-04
4.789847999999999884e-01,9.071681818181817278e-03,3.255829315805813806e-04
4.783482000000000012e-01,9.059624999999999970e-03,3.605860110583725131e-04
4.776574000000000098e-01,9.046541666666666273e-03,3.701557443104297462e-04
4.790242000000000111e-01,9.072428030303029620e-03,2.905791341328844979e-04
4.791951999999999878e-01,9.075666666666665910e-03,3.605538228635962739e-04
4.800541999999999865e-01,9.091935606060605121e-03,3.784461962949015046e-04
4.824642000000000097e-01,9.137579545454545954e-03,3.353337309824899748e-04
4.795259000000000049e-01,9.081929924242424651e-03,3.261133015455275341e-04
4.804643000000000108e-01,9.099702651515152035e-03,2.727021035492382950e-04
4.810015999999999736e-01,9.109878787878788325e-03,3.295146277132454671e-04
4.830902999999999725e-01,9.149437499999999585e-03,2.513991536035042884e-04
4.833528000000000269e-01,9.154409090909091523e-03,2.483575838246876444e-04
4.848276000000000252e-01,9.182340909090909095e-03,2.718706911882806665e-04
4.836921000000000137e-01,9.160835227272727532e-03,2.909177504590854113e-04
4.837619000000000224e-01,9.162157196969698131e-03,2.637611843718801197e-04
4.821136999999999784e-01,9.130941287878788573e-03,2.262979869470660432e-04
4.835393000000000052e-01,9.157941287878787820e-03,2.785027229420533601e-04
4.863008999999999804e-01,9.210244318181817075e-03,2.113437291620945402e-04
4.840642000000000000e-01,9.167882575757575758e-03,1.682733047694284778e-04
4.870684000000000125e-01,9.224780303030302372e-03,1.569700389938422092e-04
4.841667000000000054e-01,9.169823863636364369e-03,1.772241090116644102e-04
4.865472000000000130e-01,9.214909090909091313e-03,1.130132145598095050e-04
4.879002000000000061e-01,9.240534090909090920e-03,1.950900724143611598e-04
4.870882000000000267e-01,9.225155303030304482e-03,1.396368337552855721e-04
4.862341000000000024e-01,9.208979166666667396e-03,6.089120035857042978e-05
4.893122999999999778e-01,9.267278409090909039e-03,4.272173266028911343e-05
4.875641000000000003e-01,9.234168560606060769e-03,-4.245027024663006188e-05
4.882375999999999938e-01,9.246924242424242255e-03,2.649763864004395231e-05
4.871327999999999769e-01,9.225999999999999826e-03,6.013933528503656589e-06
4.902279999999999971e-01,9.284621212121212802e-03,-9.386920241749585614e-05
4.915318000000000187e-01,9.309314393939394083e-03,-1.793304619039925996e-04
4.904213000000000044e-01,9.288282196969697632e-03,-2.540024534976037529e-04
4.889107999999999787e-01,9.259674242424242863e-03,-2.905687153104130616e-04
4.928663999999999823e-01,9.334590909090908703e-03,-3.249271440493028962e-04
4.943944000000000116e-01,9.363530303030302357e-03,-5.422784066333452557e-04
4.972256999999999927e-01,9.417153409090908006e-03,-6.217697348260831092e-04
4.966218000000000021e-01,9.405715909090908711e-03,-6.353322363255031746e-04
4.992848999999999760e-01,9.456153409090908846e-03,-6.858174528709959361e-04
4.980980999999999881e-01,9.433676136363635875e-03,-7.667964500712720621e-04
4.980868999999999991e-01,9.433464015151514503e-03,-7.574866589190598631e-04
4.963855999999999824e-01,9.401242424242423068e-03,-8.217166734948433415e-04
4.989939999999999931e-01,9.450643939393939263e-03,-7.519017780263093087e-04
4.960898000000000252e-01,9.395640151515151361e-03,-9.224170835775424848e-04
4.966662000000000021e-01,9.406556818181817381e-03,-9.153555367192867109e-04
4.958322000000000007e-01,9.390761363636363282e-03,-8.101541650537003036e-04
4.943325000000000080e-01,9.362357954545454802e-03,-9.452852193092553534e-04
4.922749000000000152e-01,9.323388257575757759e-03,-8.558803895275524098e-04
4.943693000000000115e-01,9.363054924242424776e-03,-9.050266135880447038e-04
4.916447999999999929e-01,9.311454545454546372e-03,-8.947549526092668515e-04
4.906924999999999759e-01,9.293418560606061044e-03,-9.057811003401194938e-04
4.909045000000000214e-01,9.297433712121213473e-03,-8.650507206300339647e-04
4.889867999999999992e-01,9.261113636363636770e-03,-7.308637827314612423e-04
4.893678000000000194e-01,9.268329545454546611e-03,-7.754916360804831044e-04
4.876725000000000088e-01,9.236221590909091811e-03,-7.013098564506714538e-04
4.896695999999999827e-01,9.274045454545454953e-03,-6.369655756887082632e-04
4.866533000000000109e-01,9.216918560606060865e-03,-5.538771236868189618e-04
4.862233000000000249e-01,9.208774621212121106e-03,-5.830385503845514350e-04
4.884292000000000078e-01,9.250553030303030819e-03,-5.120044790479783003e-04
4.864911000000000096e-01,9.213846590909090251e-03,-3.650509417341130103e-04
4.868258999999999781e-01,9.220187499999999217e-03,-4.169119057214620838e-04
4.869017999999999957e-01,9.221624999999998920e-03,-3.062737723377173538e-04
4.877929999999999766e-01,9.238503787878786858e-03,-3.680510908481426924e-04
4.889228999999999936e-01,9.259903409090910337e-03,-3.566460072379484814e-04
4.930445999999999995e-01,9.337965909090908609e-03,-3.033941400700790325e-04
4.915720000000000089e-01,9.310075757575758323e-03,-2.873104065410636565e-04
4.925231999999999943e-01,9.328090909090909141e-03,-3.169259267461477236e-04
4.939996999999999860e-01,9.356054924242424714e-03,-3.606997052398863701e-04
4.923181999999999836e-01,9.324208333333333654e-03,-4.491787444468320345e-04
4.938446000000000224e-01,9.353117424242425246e-03,-4.395880758920611697e-04
4.961214999999999931e-01,9.396240530303030802e-03,-5.779773472360805187e-04
4.943969999999999754e-01,9.363579545454546460e-03,-5.836853842966505113e-04
4.940685000000000215e-01,9.357357954545455006e-03,-6.057163634608508929e-04
4.954440999999999984e-01,9.383410984848485764e-03,-7.166003031235934628e-04
4.937233999999999789e-01,9.350821969696969035e-03,-6.654477878700326698e-04
4.913580000000000170e-01,9.306022727272728751e-03,-6.204854224136635565e-04
4.922619999999999774e-01,9.323143939393938387e-03,-8.163625921833173038e-04
4.911610000000000142e-01,9.302291666666667042e-03,-6.719856134227430999e-04
4.913058000000000147e-01,9.305034090909091241e-03,-6.364964652831872627e-04
4.910783000000000231e-01,9.300725378787878805e-03,-7.120951799879371436e-04
4.900140000000000051e-01,9.280568181818181495e-03,-6.266229449404248086e-04
4.920449000000000073e-01,9.319032196969697160e-03,-7.686163086334518724e-04
4.922646999999999995e-01,9.323195075757574959e-03,-7.124803748757013722e-04
4.898399999999999976e-01,9.277272727272726019e-03,-7.669961233529587474e-04
4.870232999999999923e-01,9.223926136363636008e-03,-7.190245989506793833e-04
4.875809999999999866e-01,9.234488636363636163e-03,-6.418620519488271725e-04
4.875368999999999953e-01,9.233653409090908371e-03,-6.900594663437065179e-04
4.896369999999999889e-01,9.273428030303029410e-03,-7.362368553645026736e-04
4.867173000000000194e-01,9.218130681818181502e-03,-6.379923183674751641e-04
4.870876000000000094e-01,9.225143939393939257e-03,-7.367401644526871962e-04
4.927128000000000063e-01,9.331681818181817092e-03,-7.494034142938588161e-04
4.884409000000000112e-01,9.250774621212121476e-03,-7.233148646609288690e-04
4.889071999999999862e-01,9.259606060606060188e-03,-7.514960910561807594e-04
4.893668999999999936e-01,9.268312500000000509e-03,-7.452499718387795014e-04
4.908524000000000220e-01,9.296446969696970167e-03,-7.803984042683564937e-04
4.913829000000000113e-01,9.306494318181817924e-03,-9.046300610558999367e-04
4.910321999999999742e-01,9.299852272727272134e-03,-8.603622848134540035e-04
4.898108999999999935e-01,9.276721590909090681e-03,-8.197082609577854839e-04
4.914768999999999943e-01,9.308274621212121736e-03,-8.395678711504706015e-04
4.911722000000000032e-01,9.302503787878788413e-03,-8.918477813927294662e-04
4.936688000000000187e-01,9.349787878787879300e-03,-8.257539248004430732e-04
4.954552999999999874e-01,9.383623106060607136e-03,-9.477301060549780942e-04
4.936563999999999952e-01,9.349553030303030948e-03,-9.385102979041493043e-04
4.935612999999999806e-01,9.347751893939392626e-03,-9.038732414332617537e-04
4.934411000000000214e-01,9.345475378787878457e-03,-8.892421568378328089e-04
4.953509999999999858e-01,9.381647727272726320e-03,-9.141117044597635299e-04
4.946503999999999901e-01,9.368378787878788375e-03,-9.282421114428229814e-04
4.950693999999999928e-01,9.376314393939393435e-03,-9.545431291182460143e-04
4.951107000000000147e-01,9.377096590909090451e-03,-9.478665077161663177e-04
4.984552999999999900e-01,9.440441287878787585e-03,-9.052258121002854097e-04
4.964293000000000178e-01,9.402070075757575779e-03,-8.942085868735016874e-04
4.977913999999999950e-01,9.427867424242423675e-03,-1.021152464295793649e-03
4.969044000000000239e-01,9.411068181818181902e-03,-8.696026200452067201e-04
4.981731999999999827e-01,9.435098484848483680e-03,-9.764629559679827153e-04
4.975548000000000193e-01,9.423386363636364685e-03,-8.945041032434319916e-04
5.001476999999999729e-01,9.472494318181817405e-03,-9.248298454059833418e-04
4.999041000000000179e-01,9.467880681818183208e-03,-8.821857632571594721e-04
5.002410999999999941e-01,9.474263257575757727e-03,-8.930251361299879065e-04
4.980172999999999961e-01,9.432145833333334048e-03,-9.738978076280213614e-04
4.999333999999999723e-01,9.468435606060605220e-03,-8.599613676052442202e-04
4.976184000000000163e-01,9.424590909090908505e-03,-9.967396798541416914e-04
4.998834999999999806e-01,9.467490530303029200e-03,-9.262367180332686800e-04
5.010124999999999718e-01,9.488873106060604842e-03,-9.427127644816568619e-04
4.970166999999999780e-01,9.413195075757576497e-03,-9.260781827523656418e-04
5.005399999999999849e-01,9.479924242424242822e-03,-8.650113442268958508e-04
5.016505999999999466e-01,9.500958333333331743e-03,-8.915981019093077720e-04
4.997786000000000173e-01,9.465503787878788364e-03,-8.502001521566437958e-04
5.002910000000000412e-01,9.475208333333333746e-03,-9.119395464546320440e-04
4.992059999999999831e-01,9.454659090909091693e-03,-8.069867262647800743e-04
5.018996999999999487e-01,9.505676136363636758e-03,-7.739032196695250221e-04
4.977660999999999891e-01,9.427388257575757685e-03,-7.899947736486057082e-04
4.972914999999999974e-01,9.418399621212120848e-03,-6.439777478634001184e-04
4.956458000000000252e-01,9.387231060606061189e-03,-5.469128856865346222e-04
4.963086999999999915e-01,9.399785984848484793e-03,-5.455029034426850387e-04
4.951292999999999944e-01,9.377448863636363846e-03,-4.628671167230535843e-04
4.935976000000000252e-01,9.348439393939393313e-03,-4.042335917930905964e-04
4.926725000000000132e-01,9.330918560606060383e-03,-3.603427100244971371e-04
4.897862000000000049e-01,9.276253787878788182e-03,-1.801757882554655410e-04
4.905038999999999927e-01,9.289846590909089930e-03,-1.324154679818168034e-04
4.880858000000000141e-01,9.244049242424242849e-03,-4.495922318314971022e-05
4.902576000000000156e-01,9.285181818181817426e-03,-8.069763562268406076e-06
4.875045000000000073e-01,9.233039772727272970e-03,-1.029244875438983797e-05
4.872177999999999787e-01,9.227609848484847818e-03,1.325956161358776697e-04
4.849806999999999868e-01,9.185240530303031420e-03,4.186903631020477690e-06
4.862158999999999787e-01,9.208634469696969083e-03,1.331240863209348646e-04
4.873270000000000102e-01,9.229678030303030759e-03,1.099784568795447726e-04
4.871577000000000268e-01,9.226471590909090734e-03,1.093006669036222789e-04
4.868128999999999929e-01,9.219941287878787375e-03,7.957603568020665818e-05
4.850705000000000156e-01,9.186941287878787332e-03,6.729044316111654211e-05
4.856215999999999866e-01,9.197378787878787362e-03,3.783652687749938792e-05
4.864017999999999953e-01,9.212155303030303624e-03,-3.687652208617109295e-05
4.864129999999999843e-01,9.212367424242423261e-03,-3.328472407559956991e-05
4.895148000000000277e-01,9.271113636363636362e-03,-3.667932527728900993e-05
4.869631999999999850e-01,9.222787878787878924e-03,-8.795808369255198045e-05
4.872315999999999869e-01,9.227871212121211558e-03,-6.813913945591387744e-05
4.887791000000000219e-01,9.257179924242424710e-03,-1.640819162891382632e-04
4.864334000000000158e-01,9.212753787878788861e-03,-2.318653810823301242e-04
4.865664000000000100e-01,9.215272727272726463e-03,-2.961110279992018590e-04
4.867431999999999870e-01,9.218621212121210981e-03,-3.998737711767841319e-04
4.916613000000000233e-01,9.311767045454544950e-03,-5.699419562739116429e-04
4.888658000000000170e-01,9.258821969696970702e-03,-5.963813189238109658e-04
4.881637999999999811e-01,9.245526515151513899e-03,-6.371837530296797780e-04
4.844725999999999755e-01,9.175617424242422937e-03,-6.374645698837833052e-04
4.850715999999999917e-01,9.186962121212120108e-03,-6.188788894549990260e-04
4.879642000000000146e-01,9.241746212121213291e-03,-6.698767712250974782e-04
4.836575000000000180e-01,9.160179924242424845e-03,-7.519048056393584645e-04
4.850103000000000053e-01,9.185801136363636044e-03,-7.606715741507175110e-04
4.830938000000000176e-01,9.149503787878788055e-03,-7.473169825495951102e-04
4.838127999999999873e-01,9.163121212121210987e-03,-6.848912903558712628e-04
4.864562000000000053e-01,9.213185606060604951e-03,-8.726330971418061466e-04
4.851181999999999994e-01,9.187844696969697800e-03,-8.263586070406114814e-04
4.839060000000000028e-01,9.164886363636364636e-03,-7.467640481795267959e-04
4.834455999999999753e-01,9.156166666666666620e-03,-7.786724416131152182e-04
4.877523999999999749e-01,9.237734848484847536e-03,-8.216122749856724639e-04
4.884105000000000252e-01,9.250198863636363220e-03,-9.724933242917233045e-04
4.895498999999999823e-01,9.271778409090910070e-03,-9.849813090607728583e-04
4.881369999999999876e-01,9.245018939393940052e-03,-1.003585697024300671e-03
4.880233999999999961e-01,9.242867424242424274e-03,-1.046061410441945227e-03
4.890479999999999827e-01,9.262272727272726630e-03,-9.904971501366599540e-04
4.873550999999999855e-01,9.230210227272727525e-03,-1.054836760969624088e-03
4.873739999999999739e-01,9.230568181818181797e-03,-1.038839833346294483e-03
4.870710999999999791e-01,9.224831439393938945e-03,-1.164666056658991700e-03
4.876473000000000058e-01,9.235744318181818291e-03,-1.072870435654960097e-03
4.874593999999999872e-01,9.232185606060606606e-03,-1.041086998448070844e-03
4.862948000000000270e-01,9.210128787878787970e-03,-1.079528630856807503e-03
4.869756000000000085e-01,9.223022727272727275e-03,-1.024601185488527300e-03
4.853913999999999729e-01,9.193018939393940089e-03,-9.244224191021777060e-04
4.854279000000000233e-01,9.193710227272727450e-03,-9.388687319361599393e-04
4.887257999999999880e-01,9.256170454545454424e-03,-9.719528314964254179e-04
4.867698999999999776e-01,9.219126893939394093e-03,-9.581288602732440651e-04
4.879363999999999923e-01,9.241219696969695668e-03,-9.210657537481736767e-04
4.884241000000000277e-01,9.250456439393940286e-03,-9.916656334291173991e-04
4.907514000000000043e-01,9.294534090909091148e-03,-9.147257283002030448e-04
4.926421000000000272e-01,9.330342803030303861e-03,-9.180803847029794795e-04
4.924058000000000046e-01,9.325867424242425749e-03,-1.079992418573705315e-03
4.950028000000000206e-01,9.375053030303032164e-03,-1.018817942349703465e-03
4.955899999999999750e-01,9.386174242424241004e-03,-1.095206136291548837e-03
4.955512999999999724e-01,9.385441287878788091e-03,-1.048317834162926232e-03
4.985767999999999867e-01,9.442742424242424673e-03,-1.025595003255053150e-03
4.965010000000000256e-01,9.403428030303031052e-03,-1.207656604279128132e-03
4.986694999999999878e-01,9.444498106060605566e-03,-1.135753866499999987e-03
4.986094999999999833e-01,9.443361742424242686e-03,-1.217626811716776558e-03
5.014608999999999872e-01,9.497365530303031322e-03,-1.189951276291734139e-03
5.027129000000000181e-01,9.521077651515151910e-03,-1.352589191081832176e-03
5.044085999999999848e-01,9.553193181818181792e-03,-1.248386538524992595e-03
5.037228000000000261e-01,9.540204545454546159e-03,-1.254415442805689729e-03
5.045404000000000000e-01,9.555689393939394150e-03,-1.349806391932606431e-03
5.055224999999999858e-01,9.574289772727272510e-03,-1.252137889630744461e-03
5.078740000000000476e-01,9.618825757575758320e-03,-1.286023443120565268e-03
5.073440999999999645e-01,9.608789772727272319e-03,-1.199261505358206747e-03
5.087211999999999845e-01,9.634871212121210934e-03,-1.264009471156235520e-03
5.094347000000000181e-01,9.648384469696969987e-03,-1.202165488644602043e-03
5.095813000000000148e-01,9.651160984848484656e-03,-1.231841317071658004e-03
5.089574999999999516e-01,9.639346590909089046e-03,-1.046915799365444322e-03
5.102529999999999566e-01,9.663882575757573937e-03,-1.193538607014099640e-03
5.071375000000000188e-01,9.604876893939393034e-03,-1.101705005466468990e-03
5.110084000000000293e-01,9.678189393939395230e-03,-1.311063859232075579e-03
5.104819000000000440e-01,9.668217803030303495e-03,-1.224619504167079320e-03
5.096524000000000054e-01,9.652507575757576438e-03,-1.266686510868142435e-03
5.113491000000000009e-01,9.684642045454546627e-03,-1.349939957062007423e-03
5.086768000000000400e-01,9.634030303030303999e-03,-1.415059888568714896e-03
5.117764000000000202e-01,9.692734848484848079e-03,-1.371537458796812103e-03
5.112128000000000227e-01,9.682060606060607227e-03,-1.479530908152115742e-03
5.121613000000000415e-01,9.700024621212121473e-03,-1.515073134905842167e-03
5.083001000000000325e-01,9.626895833333334526e-03,-1.504432997599836064e-03
5.114511999999999947e-01,9.686575757575756687e-03,-1.664822063682125375e-03
5.096401000000000403e-01,9.652274621212122291e-03,-1.803608631680830854e-03
5.104003000000000290e-01,9.666672348484849769e-03,-1.789765485228467234e-03
5.086680000000000090e-01,9.633863636363636587e-03,-1.770474875268823745e-03
5.066294999999999549e-01,9.595255681818180490e-03,-1.801674822046850366e-03
5.066479999999999873e-01,9.595606060606061416e-03,-1.775030495423934873e-03
5.067582999999999949e-01,9.597695075757575398e-03,-1.705433238219034031e-03
5.036958999999999742e-01,9.539695075757574638e-03,-1.605810735607282602e-03
5.064013000000000542e-01,9.590933712121212096e-03,-1.738735247832967623e-03
5.053801999999999461e-01,9.571594696969696475e-03,-1.606673841057504326e-03
5.042092999999999714e-01,9.549418560606060327e-03,-1.478829870248943301e-03
5.061868000000000478e-01,9.586871212121213237e-03,-1.555348798738087623e-03
5.043290999999999746e-01,9.551687499999999414e-03,-1.472629116345713918e-03
5.053672000000000164e-01,9.571348484848486368e-03,-1.398099379506190232e-03
5.048030999999999491e-01,9.560664772727272762e-03,-1.333596599638053881e-03
5.061535000000000339e-01,9.586240530303030000e-03,-1.516609621788123086e-03
5.055882999999999905e-01,9.575535984848483617e-03,-1.287421660537080292e-03
5.054018999999999595e-01,9.572005681818181524e-03,-1.291072042347796156e-03
5.067867999999999817e-01,9.598234848484848980e-03,-1.309374408389518685e-03
5.052187000000000205e-01,9.568535984848485290e-03,-1.279812975587102386e-03
5.036445999999999978e-01,9.538723484848484965e-03,-1.243122474881896977e-03
5.044433000000000389e-01,9.553850378787880418e-03,-1.349574743070625082e-03
5.053450999999999915e-01,9.570929924242424502e-03,-1.197890219681529977e-03
5.055897000000000308e-01,9.575562500000000740e-03,-1.476977795020095741e-03
5.047808000000000295e-01,9.560242424242425957e-03,-1.356249013439780882e-03
5.034990000000000299e-01,9.535965909090908868e-03,-1.326618423106440403e-03
5.086496999999999824e-01,9.633517045454545805e-03,-1.395075703793491328e-03
5.076988999999999530e-01,9.615509469696968334e-03,-1.480139824891035794e-03
5.079451999999999856e-01,9.620174242424242572e-03,-1.570880581927669439e-03
5.067779000000000034e-01,9.598066287878787364e-03,-1.546997800971117165e-03
5.094918999999999976e-01,9.649467803030303825e-03,-1.630673270726079593e-03
5.100694999999999535e-01,9.660407196969695090e-03,-1.656865676642027552e-03
5.103539000000000270e-01,9.665793560606062221e-03,-1.680313046997894411e-03
5.102602000000000526e-01,9.664018939393939286e-03,-1.645672779178042333e-03
5.114878000000000480e-01,9.687268939393939987e-03,-1.679633758151943823e-03
5.139152000000000164e-01,9.733242424242423765e-03,-1.810448668678632522e-03
5.135222999999999871e-01,9.725801136363634858e-03,-1.833875339948054517e-03
5.156844000000000428e-01,9.766750000000001125e-03,-1.710410301006159983e-03
5.170076999999999590e-01,9.791812500000000169e-03,-1.842539325937697647e-03
5.178019000000000371e-01,9.806854166666666844e-03,-1.786911480814001862e-03
5.165467999999999726e-01,9.783083333333332868e-03,-1.742108864704938753e-03
5.187777000000000083e-01,9.825335227272727692e-03,-1.788740176283831751e-03
5.220983999999999625e-01,9.888227272727272490e-03,-1.922436122881787668e-03
5.238161000000000067e-01,9.920759469696970034e-03,-1.817713965084899463e-03
5.214923999999999671e-01,9.876750000000000113e-03,-1.929134194711856765e-03
5.251881999999999939e-01,9.946746212121212322e-03,-1.818933667033229007e-03
5.237399999999999833e-01,9.919318181818181923e-03,-1.758902355196378942e-03
5.253364000000000367e-01,9.949553030303030787e-03,-1.837530690193101002e-03
5.259894000000000513e-01,9.961920454545455939e-03,-1.741316853165142398e-03
5.269525000000000459e-01,9.980160984848485822e-03,-1.766057987434788146e-03
5.257186000000000359e-01,9.956791666666667609e-03,-1.728375127210246553e-03
5.282360000000000388e-01,1.000446969696969744e-02,-1.844998690404220376e-03
5.273698999999999470e-01,9.988066287878787086e-03,-1.784472386634150531e-03
5.273820000000000174e-01,9.988295454545454560e-03,-1.793489493767008724e-03
5.289260999999999546e-01,1.001753977272727171e-02,-1.709077421792493112e-03
5.291318999999999884e-01,1.002143749999999910e-02,-1.714774757392789617e-03
5.281344999999999512e-01,1.000254734848484740e-02,-1.812045305392806505e-03
5.277456999999999843e-01,9.995183712121212191e-03,-1.645398299821132504e-03
5.285615999999999648e-01,1.001063636363636218e-02,-1.527291523215734692e-03
5.290688000000000057e-01,1.002024242424242456e-02,-1.559983839572787190e-03
5.288079999999999448e-01,1.001530303030302889e-02,-1.540320607446243883e-03
5.293824000000000307e-01,1.002618181818181776e-02,-1.506558645829714216e-03
5.274303000000000186e-01,9.989210227272726783e-03,-1.467409880335668326e-03
5.293415999999999677e-01,1.002540909090909003e-02,-1.578342380601061024e-03
5.298374000000000139e-01,1.003479924242424264e-02,-1.638006892405674542e-03
5.273965000000000458e-01,9.988570075757575994e-03,-1.535529074145003392e-03
5.288652000000000353e-01,1.001638636363636446e-02,-1.625199160122048347e-03
5.261742000000000363e-01,9.965420454545454235e-03,-1.495401621645964241e-03
5.267617999999999467e-01,9.976549242424241626e-03,-1.448043804404886004e-03
5.266423000000000076e-01,9.974285984848485151e-03,-1.434765005570826091e-03
5.220183000000000462e-01,9.886710227272728357e-03,-1.361753617996952492e-03
5.252546000000000159e-01,9.948003787878788653e-03,-1.388174563024202612e-03
5.245663000000000409e-01,9.934967803030303121e-03,-1.435481014142925282e-03
5.251554000000000499e-01,9.946125000000000105e-03,-1.063575136374339536e-03
5.280002999999999780e-01,1.000000568181818109e-02,-1.231414422813159604e-03
5.252723999999999727e-01,9.948340909090908415e-03,-1.197934867547378879e-03
5.269930999999999921e-01,9.980929924242423409e-03,-1.131355060124517031e-03
5.308034999999999837e-01,1.005309659090908997e-02,-1.191983181066058606e-03
5.306271000000000182e-01,1.004975568181818227e-02,-1.224922556995244882e-03
5.321424000000000154e-01,1.007845454545454496e-02,-1.225176497627211702e-03
5.301972999999999825e-01,1.004161553030302918e-02,-1.213634903673654897e-03
5.293607000000000173e-01,1.002577083333333272e-02,-1.190052827013343695e-03
5.312367999999999535e-01,1.006130303030302979e-02,-1.163152213055407280e-03
5.304940999999999685e-01,1.004723674242424120e-02,-1.087332338533419929e-03
5.327876999999999752e-01,1.009067613636363721e-02,-1.124577898225065375e-03
5.306372000000000311e-01,1.004994696969697086e-02,-1.064605254561867831e-03
5.304740000000000011e-01,1.004685606060605994e-02,-1.084550169412556997e-03
5.290428999999999826e-01,1.001975189393939335e-02,-1.058325008257088307e-03
5.310932999999999904e-01,1.005858522727272678e-02,-1.087351123046920165e-03
5.301592000000000526e-01,1.004089393939393976e-02,-1.114554175851822926e-03
5.299855999999999456e-01,1.003760606060605937e-02,-1.141475187432905436e-03
5.324159000000000530e-01,1.008363446969696986e-02,-1.275993421805066141e-03
5.315550999999999471e-01,1.006733143939393844e-02,-1.191639501286534397e-03
5.309066999999999537e-01,1.005505113636363627e-02,-1.151342830116641736e-03
5.329614000000000296e-01,1.009396590909091007e-02,-1.225842606060623119e-03
5.338334000000000135e-01,1.011048106060606112e-02,-1.227979889321773044e-03
5.323109999999999786e-01,1.008164772727272729e-02,-1.211996674065574098e-03
5.333542000000000005e-01,1.010140530303030304e-02,-1.227947926726424832e-03
5.338332999999999551e-01,1.011047916666666692e-02,-1.258618557103852176e-03
5.347684000000000326e-01,1.012818939393939424e-02,-1.208242980717422199e-03
5.358114999999999961e-01,1.014794507575757579e-02,-1.276905071390332935e-03
5.361348999999999698e-01,1.015407007575757498e-02,-1.310552814947407718e-03
5.355668999999999569e-01,1.014331249999999955e-02,-1.171079476490310967e-03
5.387992000000000337e-01,1.020453030303030383e-02,-1.316721489089123232e-03
5.370489999999999986e-01,1.017138257575757494e-02,-1.221085025105095312e-03
5.370660000000000434e-01,1.017170454545454628e-02,-1.287689255106694297e-03
5.403084000000000220e-01,1.023311363636363741e-02,-1.294931692449319272e-03
5.394335000000000102e-01,1.021654356060605964e-02,-1.448858486823412228e-03
5.413601000000000107e-01,1.025303219696969796e-02,-1.447046495734904958e-03
5.393126000000000309e-01,1.021425378787878951e-02,-1.329523142244770639e-03
5.401976000000000555e-01,1.023101515151515241e-02,-1.401183754519030877e-03
5.419228000000000378e-01,1.026368939393939445e-02,-1.423819465236841886e-03
5.448768000000000500e-01,1.031963636363636590e-02,-1.455031101841530727e-03
5.392829999999999568e-01,1.021369318181818142e-02,-1.356624952110307980e-03
5.413153000000000548e-01,1.025218371212121421e-02,-1.362848398737792621e-03
5.460178999999999450e-01,1.034124810606060554e-02,-1.479565705351681970e-03
5.441926999999999737e-01,1.030667992424242306e-02,-1.442925635547820384e-03
5.430488999999999455e-01,1.028501704545454337e-02,-1.434850588111213909e-03
5.428490000000000260e-01,1.028123106060606015e-02,-1.485488081202301913e-03
5.447056999999999594e-01,1.031639583333333193e-02,-1.487329497098510700e-03
5.441972999999999949e-01,1.030676704545454431e-02,-1.607113710219598701e-03
5.419656000000000473e-01,1.026450000000000105e-02,-1.556382573815628945e-03
5.452757999999999772e-01,1.032719318181818044e-02,-1.581145830206520664e-03
5.449416999999999733e-01,1.032086553030303090e-02,-1.611850847620277527e-03
5.441723000000000532e-01,1.030629356060606266e-02,-1.761093010526071367e-03
5.435394000000000059e-01,1.029430681818181877e-02,-1.745796368375018837e-03
5.426528000000000462e-01,1.027751515151515208e-02,-1.812213445554933244e-03
5.446069999999999522e-01,1.031452651515151440e-02,-1.724316633937683640e-03
5.426516999999999591e-01,1.027749431818181756e-02,-1.663850481737116915e-03
5.429194000000000520e-01,1.028256439393939597e-02,-1.705871458935082075e-03
5.429336000000000162e-01,1.028283333333333480e-02,-1.703828686368424883e-03
5.400203000000000086e-01,1.022765719696969687e-02,-1.575461650750509257e-03
5.415227999999999708e-01,1.025611363636363613e-02,-1.674346679549798544e-03
5.432765000000000510e-01,1.028932765151515175e-02,-1.624482136930338605e-03
5.393396000000000301e-01,1.021476515151515177e-02,-1.664962085372478917e-03
5.410903000000000240e-01,1.024792234848484820e-02,-1.453498284003096330e-03
5.382502000000000120e-01,1.019413257575757514e-02,-1.362195800241106092e-03
5.386478999999999573e-01,1.020166477272727197e-02,-1.445247441350772100e-03
5.414369999999999461e-01,1.025448863636363450e-02,-1.558378350421718572e-03
5.400956000000000090e-01,1.022908333333333308e-02,-1.498939205527349827e-03
5.400544999999999929e-01,1.022830492424242448e-02,-1.378882855417873365e-03
5.419448000000000043e-01,1.026410606060606037e-02,-1.456613568013298554e-03
5.429336999999999636e-01,1.028283522727272727e-02,-1.490648394662619225e-03
5.423092000000000468e-01,1.027100757575757743e-02,-1.407190263726820767e-03
5.420131000000000254e-01,1.026539962121212138e-02,-1.377932579702312310e-03
5.401070999999999511e-01,1.022930113636363533e-02,-1.254081302825227340e-03
5.393963999999999981e-01,1.021584090909090879e-02,-1.367307619833613153e-03
5.394069999999999698e-01,1.021604166666666667e-02,-1.334874572281430360e-03
5.420892999999999962e-01,1.026684280303030369e-02,-1.332005157557381025e-03
5.402042999999999706e-01,1.023114204545454500e-02,-1.188321974054162844e-03
5.423394999999999744e-01,1.027158143939393975e-02,-1.292325037300146029e-03
5.399922000000000333e-01,1.022712500000000010e-02,-1.160357107585552328e-03
5.408342000000000427e-01,1.024307196969696972e-02,-1.199173154174504319e-03
5.432605999999999824e-01,1.028902651515151492e-02,-1.262574798845284008e-03
5.405822999999999601e-01,1.023830113636363566e-02,-1.439121827458089697e-03
5.391584000000000376e-01,1.021133333333333441e-02,-1.268817333066496467e-03
5.421034000000000130e-01,1.026710984848484831e-02,-1.455237780671359005e-03
5.432303000000000548e-01,1.028845265151515261e-02,-1.396461605171706033e-03
5.400441999999999743e-01,1.022810984848484747e-02,-1.432920084410760353e-03
5.419226000000000321e-01,1.026368560606060604e-02,-1.397115831660467045e-03
5.411884000000000139e-01,1.024978030303030224e-02,-1.315181150946198585e-03
5.425073000000000256e-01,1.027475946969697018e-02,-1.487587474072848970e-03
5.410228000000000259e-01,1.024664393939393910e-02,-1.447375049338006647e-03
5.405503000000000391e-01,1.023769507575757534e-02,-1.432377776451554396e-03
5.414790999999999910e-01,1.025528598484848515e-02,-1.325921572503774293e-03
5.394577999999999873e-01,1.021700378787878706e-02,-1.519399931232956469e-03
5.395940000000000181e-01,1.021958333333333399e-02,-1.602595181239063749e-03
5.403782000000000307e-01,1.023443560606060627e-02,-1.557622534176350548e-03
5.372637999999999581e-01,1.017545075757575641e-02,-1.583043810844397825e-03
5.396813999999999778e-01,1.022123863636363594e-02,-1.788711092345574016e-03
5.407507000000000286e-01,1.024149053030302958e-02,-1.715431496129515843e-03
5.408581000000000083e-01,1.024352462121212205e-02,-1.856302119340846879e-03
5.392850999999999617e-01,1.021373295454545450e-02,-1.948120550449128352e-03
5.390932999999999975e-01,1.021010037878787927e-02,-1.950700701564667128e-03
5.381820999999999966e-01,1.019284280303030428e-02,-2.161390020724796024e-03
5.379893999999999510e-01,1.018919318181818121e-02,-2.041529146208920231e-03
5.373984000000000538e-01,1.017800000000000128e-02,-2.130828070523116402e-03
5.380487000000000464e-01,1.019031628787878813e-02,-2.060501153386851136e-03
5.380641999999999925e-01,1.019060984848484813e-02,-2.319400451137543229e-03
5.367522999999999600e-01,1.016576325757575713e-02,-2.344787727891706197e-03
5.361044999999999838e-01,1.015349431818181845e-02,-2.374473306388957816e-03
5.356558000000000153e-01,1.014499621212121110e-02,-2.213105767634893084e-03
5.354411999999999505e-01,1.014093181818181803e-02,-2.294100303194768209e-03
5.337779999999999747e-01,1.010943181818181776e-02,-2.031018447831378637e-03
5.343776000000000082e-01,1.012078787878787842e-02,-1.896988361695717273e-03
5.355569000000000024e-01,1.014312310606060689e-02,-1.955625604987742960e-03
5.362441999999999487e-01,1.015614015151515039e-02,-1.703023063980291241e-03
5.319882999999999695e-01,1.007553598484848406e-02,-1.439177318407369732e-03
5.321310000000000207e-01,1.007823863636363691e-02,-1.270951533244191189e-03
5.315959000000000101e-01,1.006810416666666791e-02,-1.041716562498629095e-03
5.276094999999999535e-01,9.992604166666666995e-03,-8.942462027203834651e-04
5.314560000000000395e-01,1.006545454545454583e-02,-8.163991512512014381e-04
5.312259000000000286e-01,1.006109659090909103e-02,-7.051968427652655080e-04
5.316087999999999925e-01,1.006834848484848381e-02,-7.582955379127342965e-04
5.326914000000000371e-01,1.008885227272727364e-02,-6.740220043517375359e-04
5.313115000000000476e-01,1.006271780303030425e-02,-6.011996416865894588e-04
5.333221000000000211e-01,1.010079734848484852e-02,-7.792648915886379868e-04
5.337718999999999658e-01,1.010931628787878692e-02,-8.068215911279930097e-04
5.328503999999999463e-01,1.009186363636363493e-02,-8.232675712359638354e-04
5.334514999999999674e-01,1.010324810606060518e-02,-1.013944487395446181e-03
5.331778000000000350e-01,1.009806439393939534e-02,-1.137195046536310095e-03
5.340335000000000498e-01,1.011427083333333449e-02,-1.352532911329529242e-03
5.323364000000000429e-01,1.008212878787878922e-02,-1.586618363781377994e-03
5.355117999999999823e-01,1.014226893939393880e-02,-1.835611727029951012e-03
5.318751000000000451e-01,1.007339204545454683e-02,-2.003626661258861574e-03
5.306532000000000471e-01,1.005025000000000016e-02,-2.049290000266767997e-03
5.317925999999999487e-01,1.007182954545454527e-02,-2.156212758541053987e-03
5.293360999999999761e-01,1.002530492424242442e-02,-2.204942121979081016e-03
5.303873000000000060e-01,1.004521401515151569e-02,-2.252684481901745528e-03
5.298184000000000227e-01,1.003443939393939416e-02,-2.297536169259317695e-03
5.312698000000000143e-01,1.006192803030303042e-02,-2.128150514233984048e-03
5.304963999999999791e-01,1.004728030303030269e-02,-1.985115360861211542e-03
5.293664000000000147e-01,1.002587878787878847e-02,-1.954392003568394820e-03
5.302698000000000134e-01,1.004298863636363635e-02,-1.924303044825825815e-03
5.295033999999999574e-01,1.002847348484848383e-02,-1.722084291139625023e-03
5.300036000000000191e-01,1.003794696969696927e-02,-1.624362307673155037e-03
5.329213000000000422e-01,1.009320643939394004e-02,-1.498351420739729711e-03
5.316727999999999454e-01,1.006956060606060445e-02,-1.257849499003205196e-03
5.336473999999999940e-01,1.010695833333333238e-02,-1.251220634350569405e-03
5.338526000000000105e-01,1.011084469696969801e-02,-1.104009541421757667e-03
5.370335999999999999e-01,1.017109090909090914e-02,-1.001702971122342412e-03
5.351919000000000537e-01,1.013621022727272808e-02,-8.503107438826429387e-04
5.369085000000000107e-01,1.016872159090909111e-02,-8.931646969800866032e-04
5.358484000000000025e-01,1.014864393939393997e-02,-8.629819716061692958e-04
5.382884999999999476e-01,1.019485795454545297e-02,-9.326267296930756956e-04
5.385526999999999953e-01,1.019986174242424291e-02,-1.016270317532375067e-03
5.393008999999999720e-01,1.021403219696969712e-02,-1.142586382770649500e-03
5.375784000000000118e-01,1.018140909090908992e-02,-1.296463550321869107e-03
5.382826000000000555e-01,1.019474621212121401e-02,-1.278038376378853869e-03
5.408650999999999875e-01,1.024365719696969726e-02,-1.645844997888890049e-03
5.392603000000000257e-01,1.021326325757575780e-02,-1.655223704331576506e-03
5.402242999999999906e-01,1.023152083333333379e-02,-1.741168534816428526e-03
5.393303999999999876e-01,1.021459090909090928e-02,-1.847117268069853324e-03
5.387564000000000242e-01,1.020371969696969722e-02,-1.932404633532947003e-03
5.416028000000000509e-01,1.025762878787878779e-02,-1.956222097736159959e-03
5.402053999999999467e-01,1.023116287878787778e-02,-2.054613580364739178e-03
5.395830000000000348e-01,1.021937500000000103e-02,-2.104594452109975755e-03
5.412209999999999521e-01,1.025039772727272605e-02,-2.200185639362306489e-03
5.411061000000000343e-01,1.024822159090909082e-02,-2.297303259420568899e-03
5.384238000000000079e-01,1.019742045454545380e-02,-2.289012785636868053e-03
5.403740000000000210e-01,1.023435606060606184e-02,-2.423948374636886172e-03
5.391882000000000064e-01,1.021189772727272745e-02,-2.402629420216295664e-03
5.397665000000000379e-01,1.022285037878787987e-02,-2.295958912129081320e-03
5.391198000000000379e-01,1.021060227272727397e-02,-2.114515440827302584e-03
5.395345999999999753e-01,1.021845833333333287e-02,-2.117615163648722820e-03
5.373887999999999998e-01,1.017781818181818197e-02,-1.900232553870839780e-03
5.354541000000000439e-01,1.014117613636363741e-02,-1.685516321542124274e-03
5.348608000000000251e-01,1.012993939393939426e-02,-1.434512821560263163e-03
5.316762999999999906e-01,1.006962689393939292e-02,-1.271213878045518442e-03
5.325697000000000347e-01,1.008654734848484988e-02,-1.119863634856499424e-03
5.316026000000000362e-01,1.006823106060606224e-02,-9.676489910762642310e-04
5.309329000000000409e-01,1.005554734848485010e-02,-7.826492827128772589e-04
5.317024000000000195e-01,1.007012121212121254e-02,-6.801116283566832621e-04
5.299085000000000045e-01,1.003614583333333442e-02,-7.528026330752002337e-04
5.292750000000000510e-01,1.002414772727272876e-02,-6.468125227084842166e-04
5.278631999999999769e-01,9.997409090909089788e-03,-5.091872318245815876e-04
5.319283000000000206e-01,1.007439962121212118e-02,-6.101763844749141796e-04
5.299481000000000330e-01,1.003689583333333343e-02,-5.003520723712018281e-04
5.310207000000000122e-01,1.005721022727272713e-02,-6.088282009159007302e-04
5.307418000000000413e-01,1.005192803030303082e-02,-6.016593721468455058e-04
5.316904999999999548e-01,1.006989583333333174e-02,-6.481134524016773923e-04
5.318479000000000401e-01,1.007287689393939444e-02,-5.789582265326442823e-04
5.334980999999999751e-01,1.010413068181818114e-02,-6.977879217351379282e-04
5.340150999999999648e-01,1.011392234848484777e-02,-8.569190114203761865e-04
5.367456000000000449e-01,1.016563636363636454e-02,-8.143803179094799560e-04
5.365134000000000292e-01,1.016123863636363665e-02,-9.292519585132330562e-04
5.348384999999999945e-01,1.012951704545454572e-02,-1.051286678382501449e-03
5.358903999999999890e-01,1.014943939393939468e-02,-1.189194134706639261e-03
5.350154000000000298e-01,1.013286742424242444e-02,-1.356519107644560407e-03
5.383094999999999963e-01,1.019525568181818206e-02,-1.506485153431769142e-03
5.379633000000000331e-01,1.018869886363636332e-02,-1.714149150734312066e-03
5.356973999999999902e-01,1.014578409090909072e-02,-1.638430632673992804e-03
5.380165999999999560e-01,1.018970833333333360e-02,-1.819785445852040162e-03
5.364721000000000073e-01,1.016045643939393964e-02,-1.949772378992298272e-03
5.376476999999999506e-01,1.018272159090908950e-02,-1.925565134637041709e-03
5.376720999999999862e-01,1.018318371212121286e-02,-2.156126234740596281e-03
5.388604000000000172e-01,1.020568939393939369e-02,-2.262007993264369965e-03
5.369711000000000345e-01,1.016990719696969810e-02,-2.196535595490600734e-03
5.359981000000000328e-01,1.015147916666666629e-02,-2.255273520793021902e-03
5.364240000000000119e-01,1.015954545454545582e-02,-2.167084063336321975e-03
5.367775999999999659e-01,1.016624242424242312e-02,-2.246057384755695274e-03
5.396543000000000312e-01,1.022072537878787948e-02,-2.278550393408185215e-03
5.346775000000000277e-01,1.012646780303030382e-02,-2.205600811237773407e-03
5.370201000000000002e-01,1.017083522727272628e-02,-1.907028429656953961e-03
5.381898999999999988e-01,1.019299053030303139e-02,-1.693924920411427060e-03
5.371943999999999608e-01,1.017413636363636263e-02,-1.553526719052622518e-03
5.375704999999999512e-01,1.018125946969696861e-02,-1.417189077916325424e-03
5.358460000000000445e-01,1.014859848484848601e-02,-1.092112124812416596e-03
5.335193000000000296e-01,1.010453219696969690e-02,-9.780597725843609425e-04
5.369789999999999841e-01,1.017005681818181767e-02,-8.053769860635329181e-04
5.372723000000000360e-01,1.017561174242424295e-02,-7.840031923492807309e-04
5.385461999999999749e-01,1.019973863636363526e-02,-6.541340909507198376e-04
5.387484999999999635e-01,1.020357007575757591e-02,-6.490476524027011251e-04
5.393196999999999575e-01,1.021438825757575546e-02,-6.255419142319196268e-04
5.404575999999999825e-01,1.023593939393939271e-02,-6.469006617120243163e-04
5.405676000000000370e-01,1.023802272727272929e-02,-6.335602486375879749e-04
5.422495000000000509e-01,1.026987689393939543e-02,-7.254477214978516386e-04
5.416602999999999835e-01,1.025871780303030251e-02,-7.072420264190304451e-04
5.428813000000000111e-01,1.028184280303030308e-02,-8.229649742987898975e-04
5.427176999999999696e-01,1.027874431818181708e-02,-9.323756706850483411e-04
5.433934999999999738e-01,1.029154356060606006e-02,-1.101973926196819775e-03
5.445815999999999990e-01,1.031404545454545595e-02,-1.111245507092184504e-03
5.441053999999999613e-01,1.030502651515151531e-02,-1.250679817314748199e-03
5.463668000000000413e-01,1.034785606060606086e-02,-1.315282377415405435e-03
5.430639000000000438e-01,1.028530113636363756e-02,-1.494896353085084506e-03
5.421443000000000234e-01,1.026788446969697025e-02,-1.699641601889956277e-03
5.434841000000000255e-01,1.029325946969697134e-02,-1.710125362540337868e-03
5.447745999999999977e-01,1.031770075757575816e-02,-1.791793919153961134e-03
5.455661000000000538e-01,1.033269128787878827e-02,-1.929095302468097906e-03
5.439889999999999448e-01,1.030282196969696876e-02,-2.032300795238306534e-03
5.446904999999999664e-01,1.031610795454545454e-02,-1.980814752825188485e-03
5.423447999999999602e-01,1.027168181818181869e-02,-1.921118876655691921e-03
5.429895999999999612e-01,1.028389393939393819e-02,-2.038008712906269615e-03
5.432093999999999534e-01,1.028805681818181772e-02,-1.903147713088193527e-03
5.404162000000000132e-01,1.023515530303030323e-02,-1.675046621459452822e-03
5.374166000000000221e-01,1.017834469696969786e-02,-1.514804651996048968e-03
5.384527999999999537e-01,1.019796969696969494e-02,-1.438015897874511673e-03
5.390833999999999904e-01,1.020991287878787734e-02,-1.242931557546733679e-03
5.392109000000000485e-01,1.021232765151515280e-02,-1.193245636674555854e-03
5.377697000000000171e-01,1.018503219696969761e-02,-9.583524075598148784e-04
5.369907000000000430e-01,1.017027840909091006e-02,-8.233295203257107175e-04
5.353120999999999574e-01,1.013848674242424051e-02,-7.251530548785245500e-04
5.337823000000000428e-01,1.010951325757575812e-02,-6.488821211715345427e-04
5.330219999999999958e-01,1.009511363636363644e-02,-5.461614297526118378e-04
5.311078000000000188e-01,1.005885984848484821e-02,-4.730267750781003144e-04
5.328760000000000163e-01,1.009234848484848526e-02,-3.834268309261812391e-04
5.339821999999999624e-01,1.011329924242424134e-02,-4.485311612364428768e-04
5.344197000000000530e-01,1.012158522727272733e-02,-4.582484483255377938e-04
5.302649000000000390e-01,1.004289583333333423e-02,-3.512518026863586940e-04
5.312527999999999695e-01,1.006160606060605908e-02,-4.717493611696710332e-04
5.301261000000000445e-01,1.004026704545454667e-02,-4.612053705057572728e-04
5.277450000000000196e-01,9.995170454545454497e-03,-5.966693948836754302e-04
5.297330999999999568e-01,1.003282386363636182e-02,-5.989786778383132670e-04
5.295533000000000046e-01,1.002941856060605985e-02,-6.226584698836301612e-04
