power 1 (W),time (seconds since jan 1 1975),power 2 (W),time (seconds since jan 1 1975),Power Difference,Sdifference
1.59E-09,1749503100,1.35E-09,1749503100,0.00E+00,0.00E+00
1.61E-09,1749503100,1.35E-09,1749503100,2.00E-11,6.76E-03
1.60E-09,1749503100,1.35E-09,1749503100,1.00E-11,3.39E-03
1.60E-09,1749503100,1.35E-09,1749503100,1.00E-11,3.39E-03
1.60E-09,1749503100,1.35E-09,1749503100,1.00E-11,3.39E-03
1.59E-09,1749503101,1.35E-09,1749503101,0.00E+00,0.00E+00
1.59E-09,1749503101,1.34E-09,1749503101,1.00E-11,3.41E-03
1.60E-09,1749503101,1.34E-09,1749503101,2.00E-11,6.80E-03
1.60E-09,1749503101,1.34E-09,1749503101,2.00E-11,6.80E-03
1.60E-09,1749503101,1.33E-09,1749503101,3.00E-11,1.02E-02
1.60E-09,1749503101,1.33E-09,1749503101,3.00E-11,1.02E-02
1.60E-09,1749503101,1.33E-09,1749503101,3.00E-11,1.02E-02
1.61E-09,1749503101,1.33E-09,1749503101,4.00E-11,1.36E-02
1.60E-09,1749503101,1.34E-09,1749503101,2.00E-11,6.80E-03
1.61E-09,1749503101,1.34E-09,1749503101,3.00E-11,1.02E-02
1.60E-09,1749503101,1.34E-09,1749503101,2.00E-11,6.80E-03
1.60E-09,1749503101,1.35E-09,1749503101,1.00E-11,3.39E-03
1.60E-09,1749503101,1.35E-09,1749503101,1.00E-11,3.39E-03
1.60E-09,1749503101,1.36E-09,1749503101,0.00E+00,0.00E+00
1.59E-09,1749503102,1.36E-09,1749503101,-1.00E-11,-3.39E-03
1.60E-09,1749503102,1.36E-09,1749503102,0.00E+00,0.00E+00
1.60E-09,1749503102,1.36E-09,1749503102,0.00E+00,0.00E+00
1.61E-09,1749503102,1.36E-09,1749503102,1.00E-11,3.37E-03
1.61E-09,1749503102,1.36E-09,1749503102,1.00E-11,3.37E-03
1.60E-09,1749503102,1.35E-09,1749503102,1.00E-11,3.39E-03
1.60E-09,1749503102,1.34E-09,1749503102,2.00E-11,6.80E-03
1.60E-09,1749503102,1.34E-09,1749503102,2.00E-11,6.80E-03
1.59E-09,1749503102,1.33E-09,1749503102,2.00E-11,6.85E-03
1.59E-09,1749503102,1.33E-09,1749503102,2.00E-11,6.85E-03
1.58E-09,1749503102,1.33E-09,1749503102,1.00E-11,3.44E-03
1.59E-09,1749503102,1.33E-09,1749503102,2.00E-11,6.85E-03
1.59E-09,1749503102,1.33E-09,1749503102,2.00E-11,6.85E-03
1.59E-09,1749503103,1.33E-09,1749503102,2.00E-11,6.85E-03
1.58E-09,1749503103,1.33E-09,1749503102,1.00E-11,3.44E-03
1.57E-09,1749503103,1.33E-09,1749503102,0.00E+00,0.00E+00
1.58E-09,1749503103,1.34E-09,1749503103,0.00E+00,0.00E+00
1.57E-09,1749503103,1.34E-09,1749503103,-1.00E-11,-3.44E-03
1.56E-09,1749503103,1.34E-09,1749503103,-2.00E-11,-6.90E-03
1.56E-09,1749503103,1.34E-09,1749503103,-2.00E-11,-6.90E-03
1.57E-09,1749503103,1.35E-09,1749503103,-2.00E-11,-6.85E-03
1.57E-09,1749503103,1.35E-09,1749503103,-2.00E-11,-6.85E-03
1.58E-09,1749503103,1.35E-09,1749503103,-1.00E-11,-3.41E-03
1.57E-09,1749503103,1.35E-09,1749503103,-2.00E-11,-6.85E-03
1.57E-09,1749503103,1.35E-09,1749503103,-2.00E-11,-6.85E-03
1.57E-09,1749503103,1.35E-09,1749503103,-2.00E-11,-6.85E-03
1.58E-09,1749503103,1.34E-09,1749503103,0.00E+00,0.00E+00
1.58E-09,1749503104,1.34E-09,1749503103,0.00E+00,0.00E+00
1.58E-09,1749503104,1.34E-09,1749503103,0.00E+00,0.00E+00
1.58E-09,1749503104,1.34E-09,1749503103,0.00E+00,0.00E+00
1.58E-09,1749503104,1.34E-09,1749503103,0.00E+00,0.00E+00
1.58E-09,1749503104,1.33E-09,1749503104,1.00E-11,3.44E-03
1.58E-09,1749503104,1.33E-09,1749503104,1.00E-11,3.44E-03
1.58E-09,1749503104,1.33E-09,1749503104,1.00E-11,3.44E-03
1.58E-09,1749503104,1.33E-09,1749503104,1.00E-11,3.44E-03
1.58E-09,1749503104,1.33E-09,1749503104,1.00E-11,3.44E-03
1.58E-09,1749503104,1.33E-09,1749503104,1.00E-11,3.44E-03
1.58E-09,1749503104,1.33E-09,1749503104,1.00E-11,3.44E-03
1.57E-09,1749503104,1.33E-09,1749503104,0.00E+00,0.00E+00
1.58E-09,1749503104,1.33E-09,1749503104,1.00E-11,3.44E-03
1.58E-09,1749503104,1.33E-09,1749503104,1.00E-11,3.44E-03
1.59E-09,1749503104,1.33E-09,1749503104,2.00E-11,6.85E-03
1.58E-09,1749503105,1.33E-09,1749503104,1.00E-11,3.44E-03
1.58E-09,1749503105,1.33E-09,1749503104,1.00E-11,3.44E-03
1.58E-09,1749503105,1.33E-09,1749503104,1.00E-11,3.44E-03
1.58E-09,1749503105,1.33E-09,1749503104,1.00E-11,3.44E-03
1.58E-09,1749503105,1.32E-09,1749503105,2.00E-11,6.90E-03
1.59E-09,1749503105,1.32E-09,1749503105,3.00E-11,1.03E-02
1.58E-09,1749503105,1.32E-09,1749503105,2.00E-11,6.90E-03
1.59E-09,1749503105,1.32E-09,1749503105,3.00E-11,1.03E-02
1.58E-09,1749503105,1.31E-09,1749503105,3.00E-11,1.04E-02
1.58E-09,1749503105,1.31E-09,1749503105,3.00E-11,1.04E-02
1.58E-09,1749503105,1.31E-09,1749503105,3.00E-11,1.04E-02
1.58E-09,1749503105,1.31E-09,1749503105,3.00E-11,1.04E-02
1.57E-09,1749503105,1.32E-09,1749503105,1.00E-11,3.46E-03
1.57E-09,1749503105,1.32E-09,1749503105,1.00E-11,3.46E-03
1.58E-09,1749503105,1.32E-09,1749503105,2.00E-11,6.90E-03
1.57E-09,1749503106,1.32E-09,1749503105,1.00E-11,3.46E-03
1.56E-09,1749503106,1.32E-09,1749503105,0.00E+00,0.00E+00
1.56E-09,1749503106,1.33E-09,1749503105,-1.00E-11,-3.46E-03
1.56E-09,1749503106,1.33E-09,1749503105,-1.00E-11,-3.46E-03
1.56E-09,1749503106,1.33E-09,1749503106,-1.00E-11,-3.46E-03
1.55E-09,1749503106,1.33E-09,1749503106,-2.00E-11,-6.94E-03
1.55E-09,1749503106,1.34E-09,1749503106,-3.00E-11,-1.04E-02
1.56E-09,1749503106,1.34E-09,1749503106,-2.00E-11,-6.90E-03
1.56E-09,1749503106,1.34E-09,1749503106,-2.00E-11,-6.90E-03
1.55E-09,1749503106,1.34E-09,1749503106,-3.00E-11,-1.04E-02
1.56E-09,1749503106,1.34E-09,1749503106,-2.00E-11,-6.90E-03
1.56E-09,1749503106,1.34E-09,1749503106,-2.00E-11,-6.90E-03
1.56E-09,1749503106,1.34E-09,1749503106,-2.00E-11,-6.90E-03
1.55E-09,1749503106,1.34E-09,1749503106,-3.00E-11,-1.04E-02
1.56E-09,1749503107,1.34E-09,1749503106,-2.00E-11,-6.90E-03
1.56E-09,1749503107,1.34E-09,1749503106,-2.00E-11,-6.90E-03
1.57E-09,1749503107,1.34E-09,1749503106,-1.00E-11,-3.44E-03
1.56E-09,1749503107,1.34E-09,1749503106,-2.00E-11,-6.90E-03
1.56E-09,1749503107,1.34E-09,1749503106,-2.00E-11,-6.90E-03
1.56E-09,1749503107,1.34E-09,1749503107,-2.00E-11,-6.90E-03
1.57E-09,1749503107,1.33E-09,1749503107,0.00E+00,0.00E+00
1.57E-09,1749503107,1.33E-09,1749503107,0.00E+00,0.00E+00
1.57E-09,1749503107,1.33E-09,1749503107,0.00E+00,0.00E+00
1.57E-09,1749503107,1.33E-09,1749503107,0.00E+00,0.00E+00
1.57E-09,1749503107,1.33E-09,1749503107,0.00E+00,0.00E+00
1.57E-09,1749503107,1.33E-09,1749503107,0.00E+00,0.00E+00
1.58E-09,1749503107,1.32E-09,1749503107,2.00E-11,6.90E-03
1.57E-09,1749503108,1.32E-09,1749503107,1.00E-11,3.46E-03
1.57E-09,1749503108,1.32E-09,1749503107,1.00E-11,3.46E-03
1.57E-09,1749503108,1.32E-09,1749503107,1.00E-11,3.46E-03
1.56E-09,1749503108,1.32E-09,1749503107,0.00E+00,0.00E+00
1.56E-09,1749503108,1.33E-09,1749503107,-1.00E-11,-3.46E-03
1.57E-09,1749503108,1.33E-09,1749503107,0.00E+00,0.00E+00
1.56E-09,1749503108,1.33E-09,1749503108,-1.00E-11,-3.46E-03
1.55E-09,1749503108,1.33E-09,1749503108,-2.00E-11,-6.94E-03
1.56E-09,1749503108,1.33E-09,1749503108,-1.00E-11,-3.46E-03
1.56E-09,1749503108,1.33E-09,1749503108,-1.00E-11,-3.46E-03
1.56E-09,1749503108,1.34E-09,1749503108,-2.00E-11,-6.90E-03
1.56E-09,1749503108,1.34E-09,1749503108,-2.00E-11,-6.90E-03
1.57E-09,1749503108,1.34E-09,1749503108,-1.00E-11,-3.44E-03
1.56E-09,1749503108,1.35E-09,1749503108,-3.00E-11,-1.03E-02
1.58E-09,1749503109,1.35E-09,1749503108,-1.00E-11,-3.41E-03
1.58E-09,1749503109,1.35E-09,1749503108,-1.00E-11,-3.41E-03
1.57E-09,1749503109,1.35E-09,1749503108,-2.00E-11,-6.85E-03
1.57E-09,1749503109,1.35E-09,1749503108,-2.00E-11,-6.85E-03
1.57E-09,1749503109,1.34E-09,1749503108,-1.00E-11,-3.44E-03
1.56E-09,1749503109,1.34E-09,1749503108,-2.00E-11,-6.90E-03
1.57E-09,1749503109,1.34E-09,1749503108,-1.00E-11,-3.44E-03
1.56E-09,1749503109,1.34E-09,1749503109,-2.00E-11,-6.90E-03
1.57E-09,1749503109,1.34E-09,1749503109,-1.00E-11,-3.44E-03
1.56E-09,1749503109,1.34E-09,1749503109,-2.00E-11,-6.90E-03
1.57E-09,1749503109,1.34E-09,1749503109,-1.00E-11,-3.44E-03
1.56E-09,1749503109,1.34E-09,1749503109,-2.00E-11,-6.90E-03
1.56E-09,1749503109,1.34E-09,1749503109,-2.00E-11,-6.90E-03
1.57E-09,1749503109,1.34E-09,1749503109,-1.00E-11,-3.44E-03
1.57E-09,1749503110,1.35E-09,1749503109,-2.00E-11,-6.85E-03
1.57E-09,1749503110,1.35E-09,1749503109,-2.00E-11,-6.85E-03
1.57E-09,1749503110,1.35E-09,1749503109,-2.00E-11,-6.85E-03
1.57E-09,1749503110,1.35E-09,1749503109,-2.00E-11,-6.85E-03
1.57E-09,1749503110,1.35E-09,1749503109,-2.00E-11,-6.85E-03
1.56E-09,1749503110,1.35E-09,1749503109,-3.00E-11,-1.03E-02
1.57E-09,1749503110,1.35E-09,1749503109,-2.00E-11,-6.85E-03
1.57E-09,1749503110,1.35E-09,1749503110,-2.00E-11,-6.85E-03
1.56E-09,1749503110,1.35E-09,1749503110,-3.00E-11,-1.03E-02
1.56E-09,1749503110,1.35E-09,1749503110,-3.00E-11,-1.03E-02
1.56E-09,1749503110,1.35E-09,1749503110,-3.00E-11,-1.03E-02
1.56E-09,1749503110,1.35E-09,1749503110,-3.00E-11,-1.03E-02
1.56E-09,1749503110,1.35E-09,1749503110,-3.00E-11,-1.03E-02
1.56E-09,1749503110,1.35E-09,1749503110,-3.00E-11,-1.03E-02
1.56E-09,1749503110,1.35E-09,1749503110,-3.00E-11,-1.03E-02
1.56E-09,1749503111,1.35E-09,1749503110,-3.00E-11,-1.03E-02
1.57E-09,1749503111,1.35E-09,1749503110,-2.00E-11,-6.85E-03
1.56E-09,1749503111,1.35E-09,1749503110,-3.00E-11,-1.03E-02
1.56E-09,1749503111,1.35E-09,1749503110,-3.00E-11,-1.03E-02
1.56E-09,1749503111,1.35E-09,1749503110,-3.00E-11,-1.03E-02
1.56E-09,1749503111,1.35E-09,1749503110,-3.00E-11,-1.03E-02
1.55E-09,1749503111,1.35E-09,1749503111,-4.00E-11,-1.38E-02
1.56E-09,1749503111,1.35E-09,1749503111,-3.00E-11,-1.03E-02
1.55E-09,1749503111,1.35E-09,1749503111,-4.00E-11,-1.38E-02
1.55E-09,1749503111,1.35E-09,1749503111,-4.00E-11,-1.38E-02
1.55E-09,1749503111,1.35E-09,1749503111,-4.00E-11,-1.38E-02
1.56E-09,1749503111,1.35E-09,1749503111,-3.00E-11,-1.03E-02
1.55E-09,1749503111,1.35E-09,1749503111,-4.00E-11,-1.38E-02
1.54E-09,1749503111,1.35E-09,1749503111,-5.00E-11,-1.73E-02
1.55E-09,1749503111,1.35E-09,1749503111,-4.00E-11,-1.38E-02
1.54E-09,1749503112,1.35E-09,1749503111,-5.00E-11,-1.73E-02
1.54E-09,1749503112,1.35E-09,1749503111,-5.00E-11,-1.73E-02
1.55E-09,1749503112,1.35E-09,1749503111,-4.00E-11,-1.38E-02
1.54E-09,1749503112,1.35E-09,1749503111,-5.00E-11,-1.73E-02
1.54E-09,1749503112,1.35E-09,1749503111,-5.00E-11,-1.73E-02
1.54E-09,1749503112,1.35E-09,1749503112,-5.00E-11,-1.73E-02
1.54E-09,1749503112,1.36E-09,1749503112,-6.00E-11,-2.07E-02
1.54E-09,1749503112,1.36E-09,1749503112,-6.00E-11,-2.07E-02
1.54E-09,1749503112,1.36E-09,1749503112,-6.00E-11,-2.07E-02
1.53E-09,1749503112,1.36E-09,1749503112,-7.00E-11,-2.42E-02
1.53E-09,1749503112,1.36E-09,1749503112,-7.00E-11,-2.42E-02
1.53E-09,1749503112,1.36E-09,1749503112,-7.00E-11,-2.42E-02
1.53E-09,1749503112,1.36E-09,1749503112,-7.00E-11,-2.42E-02
1.53E-09,1749503112,1.36E-09,1749503112,-7.00E-11,-2.42E-02
1.52E-09,1749503112,1.36E-09,1749503112,-8.00E-11,-2.78E-02
1.53E-09,1749503113,1.36E-09,1749503112,-7.00E-11,-2.42E-02
1.51E-09,1749503113,1.36E-09,1749503112,-9.00E-11,-3.14E-02
1.52E-09,1749503113,1.36E-09,1749503112,-8.00E-11,-2.78E-02
1.52E-09,1749503113,1.36E-09,1749503112,-8.00E-11,-2.78E-02
1.51E-09,1749503113,1.36E-09,1749503112,-9.00E-11,-3.14E-02
1.52E-09,1749503113,1.36E-09,1749503113,-8.00E-11,-2.78E-02
1.51E-09,1749503113,1.36E-09,1749503113,-9.00E-11,-3.14E-02
1.52E-09,1749503113,1.36E-09,1749503113,-8.00E-11,-2.78E-02
1.51E-09,1749503113,1.36E-09,1749503113,-9.00E-11,-3.14E-02
1.52E-09,1749503113,1.36E-09,1749503113,-8.00E-11,-2.78E-02
1.51E-09,1749503113,1.36E-09,1749503113,-9.00E-11,-3.14E-02
1.51E-09,1749503113,1.36E-09,1749503113,-9.00E-11,-3.14E-02
1.52E-09,1749503113,1.36E-09,1749503113,-8.00E-11,-2.78E-02
1.51E-09,1749503113,1.35E-09,1749503113,-8.00E-11,-2.80E-02
1.52E-09,1749503113,1.35E-09,1749503113,-7.00E-11,-2.44E-02
1.51E-09,1749503114,1.35E-09,1749503113,-8.00E-11,-2.80E-02
1.50E-09,1749503114,1.35E-09,1749503113,-9.00E-11,-3.16E-02
1.51E-09,1749503114,1.35E-09,1749503113,-8.00E-11,-2.80E-02
1.51E-09,1749503114,1.35E-09,1749503113,-8.00E-11,-2.80E-02
1.51E-09,1749503114,1.35E-09,1749503113,-8.00E-11,-2.80E-02
1.51E-09,1749503114,1.35E-09,1749503114,-8.00E-11,-2.80E-02
1.52E-09,1749503114,1.35E-09,1749503114,-7.00E-11,-2.44E-02
1.52E-09,1749503114,1.35E-09,1749503114,-7.00E-11,-2.44E-02
1.50E-09,1749503114,1.34E-09,1749503114,-8.00E-11,-2.82E-02
1.51E-09,1749503114,1.34E-09,1749503114,-7.00E-11,-2.46E-02
1.51E-09,1749503114,1.34E-09,1749503114,-7.00E-11,-2.46E-02
1.50E-09,1749503114,1.34E-09,1749503114,-8.00E-11,-2.82E-02
1.50E-09,1749503114,1.35E-09,1749503114,-9.00E-11,-3.16E-02
1.50E-09,1749503114,1.35E-09,1749503114,-9.00E-11,-3.16E-02
1.50E-09,1749503114,1.35E-09,1749503114,-9.00E-11,-3.16E-02
1.50E-09,1749503115,1.35E-09,1749503114,-9.00E-11,-3.16E-02
1.50E-09,1749503115,1.35E-09,1749503114,-9.00E-11,-3.16E-02
1.49E-09,1749503115,1.35E-09,1749503114,-1.00E-10,-3.52E-02
1.50E-09,1749503115,1.35E-09,1749503114,-9.00E-11,-3.16E-02
1.49E-09,1749503115,1.35E-09,1749503114,-1.00E-10,-3.52E-02
1.49E-09,1749503115,1.35E-09,1749503115,-1.00E-10,-3.52E-02
1.49E-09,1749503115,1.35E-09,1749503115,-1.00E-10,-3.52E-02
1.48E-09,1749503115,1.36E-09,1749503115,-1.20E-10,-4.23E-02
1.49E-09,1749503115,1.36E-09,1749503115,-1.10E-10,-3.86E-02
1.48E-09,1749503115,1.36E-09,1749503115,-1.20E-10,-4.23E-02
1.48E-09,1749503115,1.36E-09,1749503115,-1.20E-10,-4.23E-02
1.47E-09,1749503115,1.36E-09,1749503115,-1.30E-10,-4.59E-02
1.48E-09,1749503115,1.36E-09,1749503115,-1.20E-10,-4.23E-02
1.48E-09,1749503115,1.36E-09,1749503115,-1.20E-10,-4.23E-02
1.47E-09,1749503115,1.36E-09,1749503115,-1.30E-10,-4.59E-02
1.47E-09,1749503116,1.36E-09,1749503115,-1.30E-10,-4.59E-02
1.47E-09,1749503116,1.36E-09,1749503115,-1.30E-10,-4.59E-02
1.47E-09,1749503116,1.36E-09,1749503115,-1.30E-10,-4.59E-02
1.47E-09,1749503116,1.36E-09,1749503115,-1.30E-10,-4.59E-02
1.47E-09,1749503116,1.37E-09,1749503115,-1.40E-10,-4.93E-02
1.47E-09,1749503116,1.37E-09,1749503116,-1.40E-10,-4.93E-02
1.47E-09,1749503116,1.37E-09,1749503116,-1.40E-10,-4.93E-02
1.47E-09,1749503116,1.37E-09,1749503116,-1.40E-10,-4.93E-02
1.47E-09,1749503116,1.37E-09,1749503116,-1.40E-10,-4.93E-02
1.47E-09,1749503116,1.37E-09,1749503116,-1.40E-10,-4.93E-02
1.48E-09,1749503116,1.37E-09,1749503116,-1.30E-10,-4.56E-02
1.48E-09,1749503116,1.37E-09,1749503116,-1.30E-10,-4.56E-02
1.48E-09,1749503116,1.37E-09,1749503116,-1.30E-10,-4.56E-02
1.47E-09,1749503116,1.37E-09,1749503116,-1.40E-10,-4.93E-02
1.47E-09,1749503116,1.37E-09,1749503116,-1.40E-10,-4.93E-02
1.47E-09,1749503117,1.37E-09,1749503116,-1.40E-10,-4.93E-02
1.47E-09,1749503117,1.37E-09,1749503116,-1.40E-10,-4.93E-02
1.47E-09,1749503117,1.37E-09,1749503116,-1.40E-10,-4.93E-02
1.47E-09,1749503117,1.37E-09,1749503116,-1.40E-10,-4.93E-02
1.47E-09,1749503117,1.37E-09,1749503116,-1.40E-10,-4.93E-02
1.47E-09,1749503117,1.37E-09,1749503117,-1.40E-10,-4.93E-02
1.48E-09,1749503117,1.37E-09,1749503117,-1.30E-10,-4.56E-02
1.47E-09,1749503117,1.37E-09,1749503117,-1.40E-10,-4.93E-02
1.48E-09,1749503117,1.37E-09,1749503117,-1.30E-10,-4.56E-02
1.48E-09,1749503117,1.37E-09,1749503117,-1.30E-10,-4.56E-02
1.48E-09,1749503117,1.37E-09,1749503117,-1.30E-10,-4.56E-02
1.48E-09,1749503117,1.37E-09,1749503117,-1.30E-10,-4.56E-02
1.47E-09,1749503117,1.37E-09,1749503117,-1.40E-10,-4.93E-02
1.48E-09,1749503117,1.37E-09,1749503117,-1.30E-10,-4.56E-02
1.46E-09,1749503117,1.37E-09,1749503117,-1.50E-10,-5.30E-02
1.48E-09,1749503118,1.37E-09,1749503117,-1.30E-10,-4.56E-02
1.49E-09,1749503118,1.37E-09,1749503117,-1.20E-10,-4.20E-02
1.49E-09,1749503118,1.37E-09,1749503117,-1.20E-10,-4.20E-02
1.50E-09,1749503118,1.37E-09,1749503117,-1.10E-10,-3.83E-02
1.50E-09,1749503118,1.37E-09,1749503117,-1.10E-10,-3.83E-02
1.50E-09,1749503118,1.37E-09,1749503118,-1.10E-10,-3.83E-02
1.51E-09,1749503118,1.37E-09,1749503118,-1.00E-10,-3.47E-02
1.51E-09,1749503118,1.37E-09,1749503118,-1.00E-10,-3.47E-02
1.51E-09,1749503118,1.37E-09,1749503118,-1.00E-10,-3.47E-02
1.51E-09,1749503118,1.37E-09,1749503118,-1.00E-10,-3.47E-02
1.51E-09,1749503118,1.37E-09,1749503118,-1.00E-10,-3.47E-02
1.51E-09,1749503118,1.37E-09,1749503118,-1.00E-10,-3.47E-02
1.51E-09,1749503118,1.37E-09,1749503118,-1.00E-10,-3.47E-02
1.51E-09,1749503118,1.37E-09,1749503118,-1.00E-10,-3.47E-02
1.51E-09,1749503118,1.37E-09,1749503118,-1.00E-10,-3.47E-02
1.51E-09,1749503119,1.37E-09,1749503118,-1.00E-10,-3.47E-02
1.51E-09,1749503119,1.37E-09,1749503118,-1.00E-10,-3.47E-02
1.51E-09,1749503119,1.37E-09,1749503118,-1.00E-10,-3.47E-02
1.51E-09,1749503119,1.38E-09,1749503118,-1.10E-10,-3.81E-02
1.51E-09,1749503119,1.38E-09,1749503118,-1.10E-10,-3.81E-02
1.51E-09,1749503119,1.38E-09,1749503119,-1.10E-10,-3.81E-02
1.51E-09,1749503119,1.38E-09,1749503119,-1.10E-10,-3.81E-02
1.51E-09,1749503119,1.38E-09,1749503119,-1.10E-10,-3.81E-02
1.51E-09,1749503119,1.38E-09,1749503119,-1.10E-10,-3.81E-02
1.52E-09,1749503119,1.38E-09,1749503119,-1.00E-10,-3.45E-02
1.51E-09,1749503119,1.38E-09,1749503119,-1.10E-10,-3.81E-02
1.50E-09,1749503119,1.38E-09,1749503119,-1.20E-10,-4.17E-02
1.50E-09,1749503119,1.38E-09,1749503119,-1.20E-10,-4.17E-02
1.50E-09,1749503119,1.38E-09,1749503119,-1.20E-10,-4.17E-02
1.52E-09,1749503119,1.38E-09,1749503119,-1.00E-10,-3.45E-02
1.50E-09,1749503120,1.38E-09,1749503119,-1.20E-10,-4.17E-02
1.51E-09,1749503120,1.38E-09,1749503119,-1.10E-10,-3.81E-02
1.51E-09,1749503120,1.38E-09,1749503119,-1.10E-10,-3.81E-02
1.51E-09,1749503120,1.38E-09,1749503119,-1.10E-10,-3.81E-02
1.52E-09,1749503120,1.38E-09,1749503119,-1.00E-10,-3.45E-02
1.51E-09,1749503120,1.37E-09,1749503120,-1.00E-10,-3.47E-02
1.52E-09,1749503120,1.37E-09,1749503120,-9.00E-11,-3.11E-02
1.52E-09,1749503120,1.37E-09,1749503120,-9.00E-11,-3.11E-02
1.51E-09,1749503120,1.37E-09,1749503120,-1.00E-10,-3.47E-02
1.52E-09,1749503120,1.37E-09,1749503120,-9.00E-11,-3.11E-02
1.52E-09,1749503120,1.37E-09,1749503120,-9.00E-11,-3.11E-02
1.52E-09,1749503120,1.37E-09,1749503120,-9.00E-11,-3.11E-02
1.52E-09,1749503120,1.36E-09,1749503120,-8.00E-11,-2.78E-02
1.52E-09,1749503120,1.36E-09,1749503120,-8.00E-11,-2.78E-02
1.52E-09,1749503120,1.36E-09,1749503120,-8.00E-11,-2.78E-02
1.52E-09,1749503121,1.36E-09,1749503120,-8.00E-11,-2.78E-02
1.52E-09,1749503121,1.36E-09,1749503120,-8.00E-11,-2.78E-02
1.53E-09,1749503121,1.36E-09,1749503120,-7.00E-11,-2.42E-02
1.52E-09,1749503121,1.36E-09,1749503120,-8.00E-11,-2.78E-02
1.52E-09,1749503121,1.36E-09,1749503121,-8.00E-11,-2.78E-02
1.53E-09,1749503121,1.36E-09,1749503121,-7.00E-11,-2.42E-02
1.52E-09,1749503121,1.36E-09,1749503121,-8.00E-11,-2.78E-02
1.52E-09,1749503121,1.36E-09,1749503121,-8.00E-11,-2.78E-02
1.52E-09,1749503121,1.36E-09,1749503121,-8.00E-11,-2.78E-02
1.52E-09,1749503121,1.36E-09,1749503121,-8.00E-11,-2.78E-02
1.53E-09,1749503121,1.36E-09,1749503121,-7.00E-11,-2.42E-02
1.53E-09,1749503121,1.36E-09,1749503121,-7.00E-11,-2.42E-02
1.53E-09,1749503121,1.36E-09,1749503121,-7.00E-11,-2.42E-02
1.53E-09,1749503121,1.36E-09,1749503121,-7.00E-11,-2.42E-02
1.53E-09,1749503121,1.36E-09,1749503121,-7.00E-11,-2.42E-02
1.54E-09,1749503122,1.36E-09,1749503121,-6.00E-11,-2.07E-02
1.54E-09,1749503122,1.35E-09,1749503121,-5.00E-11,-1.73E-02
1.54E-09,1749503122,1.35E-09,1749503121,-5.00E-11,-1.73E-02
1.53E-09,1749503122,1.35E-09,1749503122,-6.00E-11,-2.08E-02
1.54E-09,1749503122,1.35E-09,1749503122,-5.00E-11,-1.73E-02
1.55E-09,1749503122,1.35E-09,1749503122,-4.00E-11,-1.38E-02
1.54E-09,1749503122,1.35E-09,1749503122,-5.00E-11,-1.73E-02
1.54E-09,1749503122,1.35E-09,1749503122,-5.00E-11,-1.73E-02
1.54E-09,1749503122,1.35E-09,1749503122,-5.00E-11,-1.73E-02
1.54E-09,1749503122,1.35E-09,1749503122,-5.00E-11,-1.73E-02
1.55E-09,1749503122,1.35E-09,1749503122,-4.00E-11,-1.38E-02
1.55E-09,1749503122,1.35E-09,1749503122,-4.00E-11,-1.38E-02
1.54E-09,1749503122,1.35E-09,1749503122,-5.00E-11,-1.73E-02
1.55E-09,1749503122,1.35E-09,1749503122,-4.00E-11,-1.38E-02
1.55E-09,1749503122,1.35E-09,1749503122,-4.00E-11,-1.38E-02
1.56E-09,1749503123,1.35E-09,1749503122,-3.00E-11,-1.03E-02
1.55E-09,1749503123,1.36E-09,1749503122,-5.00E-11,-1.72E-02
1.56E-09,1749503123,1.36E-09,1749503122,-4.00E-11,-1.37E-02
1.55E-09,1749503123,1.36E-09,1749503123,-5.00E-11,-1.72E-02
1.55E-09,1749503123,1.36E-09,1749503123,-5.00E-11,-1.72E-02
1.55E-09,1749503123,1.36E-09,1749503123,-5.00E-11,-1.72E-02
1.55E-09,1749503123,1.36E-09,1749503123,-5.00E-11,-1.72E-02
1.54E-09,1749503123,1.36E-09,1749503123,-6.00E-11,-2.07E-02
1.55E-09,1749503123,1.36E-09,1749503123,-5.00E-11,-1.72E-02
1.56E-09,1749503123,1.36E-09,1749503123,-4.00E-11,-1.37E-02
1.56E-09,1749503123,1.36E-09,1749503123,-4.00E-11,-1.37E-02
1.56E-09,1749503123,1.36E-09,1749503123,-4.00E-11,-1.37E-02
1.56E-09,1749503123,1.36E-09,1749503123,-4.00E-11,-1.37E-02
1.56E-09,1749503123,1.36E-09,1749503123,-4.00E-11,-1.37E-02
1.56E-09,1749503123,1.36E-09,1749503123,-4.00E-11,-1.37E-02
1.57E-09,1749503124,1.36E-09,1749503123,-3.00E-11,-1.02E-02
1.57E-09,1749503124,1.36E-09,1749503123,-3.00E-11,-1.02E-02
1.56E-09,1749503124,1.36E-09,1749503123,-4.00E-11,-1.37E-02
1.57E-09,1749503124,1.36E-09,1749503124,-3.00E-11,-1.02E-02
1.57E-09,1749503124,1.36E-09,1749503124,-3.00E-11,-1.02E-02
1.57E-09,1749503124,1.36E-09,1749503124,-3.00E-11,-1.02E-02
1.57E-09,1749503124,1.36E-09,1749503124,-3.00E-11,-1.02E-02
1.57E-09,1749503124,1.36E-09,1749503124,-3.00E-11,-1.02E-02
1.57E-09,1749503124,1.36E-09,1749503124,-3.00E-11,-1.02E-02
1.58E-09,1749503124,1.36E-09,1749503124,-2.00E-11,-6.80E-03
1.56E-09,1749503124,1.36E-09,1749503124,-4.00E-11,-1.37E-02
1.57E-09,1749503124,1.36E-09,1749503124,-3.00E-11,-1.02E-02
1.57E-09,1749503124,1.36E-09,1749503124,-3.00E-11,-1.02E-02
1.58E-09,1749503124,1.36E-09,1749503124,-2.00E-11,-6.80E-03
1.57E-09,1749503124,1.36E-09,1749503124,-3.00E-11,-1.02E-02
1.58E-09,1749503125,1.36E-09,1749503124,-2.00E-11,-6.80E-03
1.58E-09,1749503125,1.36E-09,1749503124,-2.00E-11,-6.80E-03
1.58E-09,1749503125,1.36E-09,1749503124,-2.00E-11,-6.80E-03
1.58E-09,1749503125,1.36E-09,1749503125,-2.00E-11,-6.80E-03
1.58E-09,1749503125,1.36E-09,1749503125,-2.00E-11,-6.80E-03
1.58E-09,1749503125,1.36E-09,1749503125,-2.00E-11,-6.80E-03
1.59E-09,1749503125,1.36E-09,1749503125,-1.00E-11,-3.39E-03
1.58E-09,1749503125,1.36E-09,1749503125,-2.00E-11,-6.80E-03
1.58E-09,1749503125,1.36E-09,1749503125,-2.00E-11,-6.80E-03
1.58E-09,1749503125,1.36E-09,1749503125,-2.00E-11,-6.80E-03
1.58E-09,1749503125,1.36E-09,1749503125,-2.00E-11,-6.80E-03
1.58E-09,1749503125,1.36E-09,1749503125,-2.00E-11,-6.80E-03
1.58E-09,1749503125,1.36E-09,1749503125,-2.00E-11,-6.80E-03
1.58E-09,1749503125,1.36E-09,1749503125,-2.00E-11,-6.80E-03
1.58E-09,1749503125,1.36E-09,1749503125,-2.00E-11,-6.80E-03
1.57E-09,1749503126,1.36E-09,1749503125,-3.00E-11,-1.02E-02
1.58E-09,1749503126,1.36E-09,1749503125,-2.00E-11,-6.80E-03
1.57E-09,1749503126,1.36E-09,1749503125,-3.00E-11,-1.02E-02
1.58E-09,1749503126,1.36E-09,1749503126,-2.00E-11,-6.80E-03
1.57E-09,1749503126,1.36E-09,1749503126,-3.00E-11,-1.02E-02
1.57E-09,1749503126,1.36E-09,1749503126,-3.00E-11,-1.02E-02
1.57E-09,1749503126,1.36E-09,1749503126,-3.00E-11,-1.02E-02
1.56E-09,1749503126,1.36E-09,1749503126,-4.00E-11,-1.37E-02
1.57E-09,1749503126,1.36E-09,1749503126,-3.00E-11,-1.02E-02
1.56E-09,1749503126,1.36E-09,1749503126,-4.00E-11,-1.37E-02
1.56E-09,1749503126,1.36E-09,1749503126,-4.00E-11,-1.37E-02
1.57E-09,1749503126,1.36E-09,1749503126,-3.00E-11,-1.02E-02
1.56E-09,1749503126,1.36E-09,1749503126,-4.00E-11,-1.37E-02
1.56E-09,1749503126,1.36E-09,1749503126,-4.00E-11,-1.37E-02
1.57E-09,1749503126,1.36E-09,1749503126,-3.00E-11,-1.02E-02
1.56E-09,1749503127,1.36E-09,1749503126,-4.00E-11,-1.37E-02
1.56E-09,1749503127,1.36E-09,1749503126,-4.00E-11,-1.37E-02
1.57E-09,1749503127,1.36E-09,1749503126,-3.00E-11,-1.02E-02
1.57E-09,1749503127,1.36E-09,1749503127,-3.00E-11,-1.02E-02
1.57E-09,1749503127,1.36E-09,1749503127,-3.00E-11,-1.02E-02
1.58E-09,1749503127,1.36E-09,1749503127,-2.00E-11,-6.80E-03
1.57E-09,1749503127,1.36E-09,1749503127,-3.00E-11,-1.02E-02
1.57E-09,1749503127,1.35E-09,1749503127,-2.00E-11,-6.85E-03
1.57E-09,1749503127,1.35E-09,1749503127,-2.00E-11,-6.85E-03
1.58E-09,1749503127,1.35E-09,1749503127,-1.00E-11,-3.41E-03
1.58E-09,1749503127,1.35E-09,1749503127,-1.00E-11,-3.41E-03
1.58E-09,1749503127,1.34E-09,1749503127,0.00E+00,0.00E+00
1.57E-09,1749503127,1.34E-09,1749503127,-1.00E-11,-3.44E-03
1.58E-09,1749503127,1.34E-09,1749503127,0.00E+00,0.00E+00
1.58E-09,1749503127,1.34E-09,1749503127,0.00E+00,0.00E+00
1.57E-09,1749503128,1.34E-09,1749503127,-1.00E-11,-3.44E-03
1.58E-09,1749503128,1.34E-09,1749503127,0.00E+00,0.00E+00
1.58E-09,1749503128,1.34E-09,1749503127,0.00E+00,0.00E+00
1.58E-09,1749503128,1.34E-09,1749503128,0.00E+00,0.00E+00
1.58E-09,1749503128,1.34E-09,1749503128,0.00E+00,0.00E+00
1.58E-09,1749503128,1.34E-09,1749503128,0.00E+00,0.00E+00
1.58E-09,1749503128,1.34E-09,1749503128,0.00E+00,0.00E+00
1.58E-09,1749503128,1.34E-09,1749503128,0.00E+00,0.00E+00
1.58E-09,1749503128,1.34E-09,1749503128,0.00E+00,0.00E+00
1.58E-09,1749503128,1.34E-09,1749503128,0.00E+00,0.00E+00
1.58E-09,1749503128,1.33E-09,1749503128,1.00E-11,3.44E-03
1.58E-09,1749503128,1.33E-09,1749503128,1.00E-11,3.44E-03
1.59E-09,1749503128,1.33E-09,1749503128,2.00E-11,6.85E-03
1.58E-09,1749503128,1.33E-09,1749503128,1.00E-11,3.44E-03
1.59E-09,1749503128,1.33E-09,1749503128,2.00E-11,6.85E-03
1.59E-09,1749503129,1.33E-09,1749503128,2.00E-11,6.85E-03
1.58E-09,1749503129,1.33E-09,1749503128,1.00E-11,3.44E-03
1.59E-09,1749503129,1.33E-09,1749503128,2.00E-11,6.85E-03
1.58E-09,1749503129,1.34E-09,1749503129,0.00E+00,0.00E+00
1.58E-09,1749503129,1.34E-09,1749503129,0.00E+00,0.00E+00
1.58E-09,1749503129,1.34E-09,1749503129,0.00E+00,0.00E+00
1.58E-09,1749503129,1.34E-09,1749503129,0.00E+00,0.00E+00
1.58E-09,1749503129,1.34E-09,1749503129,0.00E+00,0.00E+00
1.57E-09,1749503129,1.34E-09,1749503129,-1.00E-11,-3.44E-03
1.58E-09,1749503129,1.34E-09,1749503129,0.00E+00,0.00E+00
1.58E-09,1749503129,1.34E-09,1749503129,0.00E+00,0.00E+00
1.58E-09,1749503129,1.34E-09,1749503129,0.00E+00,0.00E+00
1.58E-09,1749503129,1.34E-09,1749503129,0.00E+00,0.00E+00
1.57E-09,1749503129,1.34E-09,1749503129,-1.00E-11,-3.44E-03
1.57E-09,1749503129,1.34E-09,1749503129,-1.00E-11,-3.44E-03
1.57E-09,1749503130,1.34E-09,1749503129,-1.00E-11,-3.44E-03
1.58E-09,1749503130,1.34E-09,1749503129,0.00E+00,0.00E+00
1.56E-09,1749503130,1.34E-09,1749503129,-2.00E-11,-6.90E-03
1.56E-09,1749503130,1.34E-09,1749503130,-2.00E-11,-6.90E-03
1.56E-09,1749503130,1.34E-09,1749503130,-2.00E-11,-6.90E-03
1.56E-09,1749503130,1.34E-09,1749503130,-2.00E-11,-6.90E-03
1.55E-09,1749503130,1.33E-09,1749503130,-2.00E-11,-6.94E-03
1.55E-09,1749503130,1.33E-09,1749503130,-2.00E-11,-6.94E-03
1.55E-09,1749503130,1.33E-09,1749503130,-2.00E-11,-6.94E-03
1.55E-09,1749503130,1.33E-09,1749503130,-2.00E-11,-6.94E-03
1.54E-09,1749503130,1.33E-09,1749503130,-3.00E-11,-1.05E-02
1.54E-09,1749503130,1.33E-09,1749503130,-3.00E-11,-1.05E-02
1.55E-09,1749503130,1.33E-09,1749503130,-2.00E-11,-6.94E-03
1.54E-09,1749503130,1.33E-09,1749503130,-3.00E-11,-1.05E-02
1.54E-09,1749503130,1.33E-09,1749503130,-3.00E-11,-1.05E-02
1.54E-09,1749503131,1.34E-09,1749503130,-4.00E-11,-1.39E-02
1.54E-09,1749503131,1.34E-09,1749503130,-4.00E-11,-1.39E-02
1.55E-09,1749503131,1.34E-09,1749503131,-3.00E-11,-1.04E-02
1.55E-09,1749503131,1.34E-09,1749503131,-3.00E-11,-1.04E-02
1.55E-09,1749503131,1.34E-09,1749503131,-3.00E-11,-1.04E-02
1.55E-09,1749503131,1.34E-09,1749503131,-3.00E-11,-1.04E-02
1.55E-09,1749503131,1.34E-09,1749503131,-3.00E-11,-1.04E-02
1.56E-09,1749503131,1.34E-09,1749503131,-2.00E-11,-6.90E-03
1.56E-09,1749503131,1.34E-09,1749503131,-2.00E-11,-6.90E-03
1.56E-09,1749503131,1.33E-09,1749503131,-1.00E-11,-3.46E-03
1.57E-09,1749503131,1.33E-09,1749503131,0.00E+00,0.00E+00
1.57E-09,1749503131,1.33E-09,1749503131,0.00E+00,0.00E+00
1.57E-09,1749503131,1.33E-09,1749503131,0.00E+00,0.00E+00
1.58E-09,1749503131,1.32E-09,1749503131,2.00E-11,6.90E-03
1.58E-09,1749503131,1.32E-09,1749503131,2.00E-11,6.90E-03
1.58E-09,1749503132,1.32E-09,1749503131,2.00E-11,6.90E-03
1.58E-09,1749503132,1.32E-09,1749503132,2.00E-11,6.90E-03
1.59E-09,1749503132,1.32E-09,1749503132,3.00E-11,1.03E-02
1.60E-09,1749503132,1.32E-09,1749503132,4.00E-11,1.37E-02
1.58E-09,1749503132,1.32E-09,1749503132,2.00E-11,6.90E-03
1.59E-09,1749503132,1.32E-09,1749503132,3.00E-11,1.03E-02
1.59E-09,1749503132,1.33E-09,1749503132,2.00E-11,6.85E-03
1.58E-09,1749503132,1.33E-09,1749503132,1.00E-11,3.44E-03
1.58E-09,1749503132,1.33E-09,1749503132,1.00E-11,3.44E-03
1.58E-09,1749503132,1.34E-09,1749503132,0.00E+00,0.00E+00
1.58E-09,1749503132,1.34E-09,1749503132,0.00E+00,0.00E+00
1.59E-09,1749503132,1.35E-09,1749503132,0.00E+00,0.00E+00
1.58E-09,1749503132,1.35E-09,1749503132,-1.00E-11,-3.41E-03
1.58E-09,1749503132,1.35E-09,1749503132,-1.00E-11,-3.41E-03
1.57E-09,1749503132,1.35E-09,1749503132,-2.00E-11,-6.85E-03
1.57E-09,1749503133,1.35E-09,1749503132,-2.00E-11,-6.85E-03
1.58E-09,1749503133,1.35E-09,1749503133,-1.00E-11,-3.41E-03
1.57E-09,1749503133,1.34E-09,1749503133,-1.00E-11,-3.44E-03
1.57E-09,1749503133,1.35E-09,1749503133,-2.00E-11,-6.85E-03
1.57E-09,1749503133,1.35E-09,1749503133,-2.00E-11,-6.85E-03
1.57E-09,1749503133,1.35E-09,1749503133,-2.00E-11,-6.85E-03
1.58E-09,1749503133,1.35E-09,1749503133,-1.00E-11,-3.41E-03
1.58E-09,1749503133,1.35E-09,1749503133,-1.00E-11,-3.41E-03
1.59E-09,1749503133,1.36E-09,1749503133,-1.00E-11,-3.39E-03
1.58E-09,1749503133,1.36E-09,1749503133,-2.00E-11,-6.80E-03
1.59E-09,1749503133,1.36E-09,1749503133,-1.00E-11,-3.39E-03
1.59E-09,1749503133,1.35E-09,1749503133,0.00E+00,0.00E+00
1.60E-09,1749503133,1.35E-09,1749503133,1.00E-11,3.39E-03
1.59E-09,1749503133,1.35E-09,1749503133,0.00E+00,0.00E+00
1.59E-09,1749503133,1.34E-09,1749503133,1.00E-11,3.41E-03
1.59E-09,1749503134,1.34E-09,1749503133,1.00E-11,3.41E-03
1.59E-09,1749503134,1.35E-09,1749503134,0.00E+00,0.00E+00
1.58E-09,1749503134,1.35E-09,1749503134,-1.00E-11,-3.41E-03
1.58E-09,1749503134,1.35E-09,1749503134,-1.00E-11,-3.41E-03
1.58E-09,1749503134,1.35E-09,1749503134,-1.00E-11,-3.41E-03
1.58E-09,1749503134,1.34E-09,1749503134,0.00E+00,0.00E+00
1.58E-09,1749503134,1.34E-09,1749503134,0.00E+00,0.00E+00
1.57E-09,1749503134,1.33E-09,1749503134,0.00E+00,0.00E+00
1.58E-09,1749503134,1.33E-09,1749503134,1.00E-11,3.44E-03
1.58E-09,1749503134,1.33E-09,1749503134,1.00E-11,3.44E-03
1.58E-09,1749503134,1.33E-09,1749503134,1.00E-11,3.44E-03
1.58E-09,1749503134,1.33E-09,1749503134,1.00E-11,3.44E-03
1.58E-09,1749503134,1.33E-09,1749503134,1.00E-11,3.44E-03
1.60E-09,1749503135,1.33E-09,1749503134,3.00E-11,1.02E-02
1.60E-09,1749503135,1.33E-09,1749503134,3.00E-11,1.02E-02
1.61E-09,1749503135,1.32E-09,1749503134,5.00E-11,1.71E-02
1.60E-09,1749503135,1.33E-09,1749503135,3.00E-11,1.02E-02
1.61E-09,1749503135,1.33E-09,1749503135,4.00E-11,1.36E-02
1.61E-09,1749503135,1.33E-09,1749503135,4.00E-11,1.36E-02
1.61E-09,1749503135,1.33E-09,1749503135,4.00E-11,1.36E-02
1.61E-09,1749503135,1.33E-09,1749503135,4.00E-11,1.36E-02
1.62E-09,1749503135,1.33E-09,1749503135,5.00E-11,1.69E-02
1.61E-09,1749503135,1.34E-09,1749503135,3.00E-11,1.02E-02
1.60E-09,1749503135,1.34E-09,1749503135,2.00E-11,6.80E-03
1.60E-09,1749503135,1.34E-09,1749503135,2.00E-11,6.80E-03
1.60E-09,1749503135,1.34E-09,1749503135,2.00E-11,6.80E-03
1.59E-09,1749503135,1.34E-09,1749503135,1.00E-11,3.41E-03
1.60E-09,1749503135,1.35E-09,1749503135,1.00E-11,3.39E-03
1.59E-09,1749503136,1.35E-09,1749503135,0.00E+00,0.00E+00
1.59E-09,1749503136,1.35E-09,1749503135,0.00E+00,0.00E+00
1.58E-09,1749503136,1.35E-09,1749503135,-1.00E-11,-3.41E-03
1.58E-09,1749503136,1.35E-09,1749503136,-1.00E-11,-3.41E-03
1.59E-09,1749503136,1.35E-09,1749503136,0.00E+00,0.00E+00
1.58E-09,1749503136,1.35E-09,1749503136,-1.00E-11,-3.41E-03
1.59E-09,1749503136,1.35E-09,1749503136,0.00E+00,0.00E+00
1.59E-09,1749503136,1.35E-09,1749503136,0.00E+00,0.00E+00
1.58E-09,1749503136,1.35E-09,1749503136,-1.00E-11,-3.41E-03
1.59E-09,1749503136,1.35E-09,1749503136,0.00E+00,0.00E+00
1.59E-09,1749503136,1.36E-09,1749503136,-1.00E-11,-3.39E-03
1.59E-09,1749503136,1.36E-09,1749503136,-1.00E-11,-3.39E-03
1.59E-09,1749503136,1.36E-09,1749503136,-1.00E-11,-3.39E-03
1.59E-09,1749503136,1.37E-09,1749503136,-2.00E-11,-6.76E-03
1.59E-09,1749503136,1.36E-09,1749503136,-1.00E-11,-3.39E-03
1.58E-09,1749503137,1.36E-09,1749503136,-2.00E-11,-6.80E-03
1.58E-09,1749503137,1.36E-09,1749503136,-2.00E-11,-6.80E-03
1.59E-09,1749503137,1.35E-09,1749503136,0.00E+00,0.00E+00
1.58E-09,1749503137,1.34E-09,1749503137,0.00E+00,0.00E+00
1.58E-09,1749503137,1.34E-09,1749503137,0.00E+00,0.00E+00
1.58E-09,1749503137,1.33E-09,1749503137,1.00E-11,3.44E-03
1.57E-09,1749503137,1.33E-09,1749503137,0.00E+00,0.00E+00
1.57E-09,1749503137,1.33E-09,1749503137,0.00E+00,0.00E+00
1.57E-09,1749503137,1.33E-09,1749503137,0.00E+00,0.00E+00
1.57E-09,1749503137,1.33E-09,1749503137,0.00E+00,0.00E+00
1.57E-09,1749503137,1.33E-09,1749503137,0.00E+00,0.00E+00
1.57E-09,1749503137,1.33E-09,1749503137,0.00E+00,0.00E+00
1.56E-09,1749503137,1.34E-09,1749503137,-2.00E-11,-6.90E-03
1.57E-09,1749503137,1.34E-09,1749503137,-1.00E-11,-3.44E-03
1.57E-09,1749503138,1.34E-09,1749503137,-1.00E-11,-3.44E-03
1.57E-09,1749503138,1.34E-09,1749503137,-1.00E-11,-3.44E-03
1.57E-09,1749503138,1.34E-09,1749503137,-1.00E-11,-3.44E-03
1.58E-09,1749503138,1.34E-09,1749503138,0.00E+00,0.00E+00
1.57E-09,1749503138,1.34E-09,1749503138,-1.00E-11,-3.44E-03
1.58E-09,1749503138,1.34E-09,1749503138,0.00E+00,0.00E+00
1.57E-09,1749503138,1.34E-09,1749503138,-1.00E-11,-3.44E-03
1.58E-09,1749503138,1.34E-09,1749503138,0.00E+00,0.00E+00
1.58E-09,1749503138,1.33E-09,1749503138,1.00E-11,3.44E-03
1.58E-09,1749503138,1.33E-09,1749503138,1.00E-11,3.44E-03
1.58E-09,1749503138,1.33E-09,1749503138,1.00E-11,3.44E-03
1.58E-09,1749503138,1.33E-09,1749503138,1.00E-11,3.44E-03
1.58E-09,1749503138,1.33E-09,1749503138,1.00E-11,3.44E-03
1.58E-09,1749503138,1.33E-09,1749503138,1.00E-11,3.44E-03
1.57E-09,1749503138,1.33E-09,1749503138,0.00E+00,0.00E+00
1.58E-09,1749503139,1.33E-09,1749503138,1.00E-11,3.44E-03
1.57E-09,1749503139,1.33E-09,1749503138,0.00E+00,0.00E+00
1.57E-09,1749503139,1.33E-09,1749503139,0.00E+00,0.00E+00
1.57E-09,1749503139,1.33E-09,1749503139,0.00E+00,0.00E+00
1.57E-09,1749503139,1.33E-09,1749503139,0.00E+00,0.00E+00
1.57E-09,1749503139,1.33E-09,1749503139,0.00E+00,0.00E+00
1.57E-09,1749503139,1.33E-09,1749503139,0.00E+00,0.00E+00
1.56E-09,1749503139,1.33E-09,1749503139,-1.00E-11,-3.46E-03
1.57E-09,1749503139,1.32E-09,1749503139,1.00E-11,3.46E-03
1.56E-09,1749503139,1.32E-09,1749503139,0.00E+00,0.00E+00
1.56E-09,1749503139,1.32E-09,1749503139,0.00E+00,0.00E+00
1.56E-09,1749503139,1.32E-09,1749503139,0.00E+00,0.00E+00
1.56E-09,1749503139,1.32E-09,1749503139,0.00E+00,0.00E+00
1.56E-09,1749503139,1.32E-09,1749503139,0.00E+00,0.00E+00
1.56E-09,1749503139,1.32E-09,1749503139,0.00E+00,0.00E+00
1.57E-09,1749503140,1.32E-09,1749503139,1.00E-11,3.46E-03
1.56E-09,1749503140,1.32E-09,1749503139,0.00E+00,0.00E+00
1.56E-09,1749503140,1.32E-09,1749503140,0.00E+00,0.00E+00
1.57E-09,1749503140,1.32E-09,1749503140,1.00E-11,3.46E-03
1.56E-09,1749503140,1.32E-09,1749503140,0.00E+00,0.00E+00
1.57E-09,1749503140,1.32E-09,1749503140,1.00E-11,3.46E-03
1.57E-09,1749503140,1.32E-09,1749503140,1.00E-11,3.46E-03
1.56E-09,1749503140,1.32E-09,1749503140,0.00E+00,0.00E+00
1.57E-09,1749503140,1.32E-09,1749503140,1.00E-11,3.46E-03
1.57E-09,1749503140,1.32E-09,1749503140,1.00E-11,3.46E-03
1.57E-09,1749503140,1.32E-09,1749503140,1.00E-11,3.46E-03
1.58E-09,1749503140,1.32E-09,1749503140,2.00E-11,6.90E-03
1.57E-09,1749503140,1.32E-09,1749503140,1.00E-11,3.46E-03
1.59E-09,1749503140,1.32E-09,1749503140,3.00E-11,1.03E-02
1.58E-09,1749503140,1.32E-09,1749503140,2.00E-11,6.90E-03
1.57E-09,1749503141,1.32E-09,1749503140,1.00E-11,3.46E-03
1.57E-09,1749503141,1.32E-09,1749503140,1.00E-11,3.46E-03
1.57E-09,1749503141,1.32E-09,1749503141,1.00E-11,3.46E-03
1.58E-09,1749503141,1.32E-09,1749503141,2.00E-11,6.90E-03
1.57E-09,1749503141,1.32E-09,1749503141,1.00E-11,3.46E-03
1.57E-09,1749503141,1.32E-09,1749503141,1.00E-11,3.46E-03
1.57E-09,1749503141,1.32E-09,1749503141,1.00E-11,3.46E-03
1.57E-09,1749503141,1.32E-09,1749503141,1.00E-11,3.46E-03
1.57E-09,1749503141,1.32E-09,1749503141,1.00E-11,3.46E-03
1.57E-09,1749503141,1.32E-09,1749503141,1.00E-11,3.46E-03
1.57E-09,1749503141,1.31E-09,1749503141,2.00E-11,6.94E-03
1.59E-09,1749503141,1.31E-09,1749503141,4.00E-11,1.38E-02
1.57E-09,1749503141,1.31E-09,1749503141,2.00E-11,6.94E-03
1.58E-09,1749503141,1.31E-09,1749503141,3.00E-11,1.04E-02
1.57E-09,1749503141,1.31E-09,1749503141,2.00E-11,6.94E-03
1.57E-09,1749503142,1.31E-09,1749503141,2.00E-11,6.94E-03
1.58E-09,1749503142,1.31E-09,1749503141,3.00E-11,1.04E-02
1.57E-09,1749503142,1.31E-09,1749503142,2.00E-11,6.94E-03
1.57E-09,1749503142,1.31E-09,1749503142,2.00E-11,6.94E-03
1.58E-09,1749503142,1.31E-09,1749503142,3.00E-11,1.04E-02
1.57E-09,1749503142,1.31E-09,1749503142,2.00E-11,6.94E-03
1.57E-09,1749503142,1.31E-09,1749503142,2.00E-11,6.94E-03
1.57E-09,1749503142,1.31E-09,1749503142,2.00E-11,6.94E-03
1.58E-09,1749503142,1.31E-09,1749503142,3.00E-11,1.04E-02
1.57E-09,1749503142,1.31E-09,1749503142,2.00E-11,6.94E-03
1.57E-09,1749503142,1.31E-09,1749503142,2.00E-11,6.94E-03
1.58E-09,1749503142,1.32E-09,1749503142,2.00E-11,6.90E-03
1.58E-09,1749503142,1.32E-09,1749503142,2.00E-11,6.90E-03
1.59E-09,1749503142,1.32E-09,1749503142,3.00E-11,1.03E-02
1.58E-09,1749503143,1.32E-09,1749503142,2.00E-11,6.90E-03
1.58E-09,1749503143,1.32E-09,1749503142,2.00E-11,6.90E-03
1.58E-09,1749503143,1.32E-09,1749503143,2.00E-11,6.90E-03
1.58E-09,1749503143,1.32E-09,1749503143,2.00E-11,6.90E-03
1.59E-09,1749503143,1.33E-09,1749503143,2.00E-11,6.85E-03
1.59E-09,1749503143,1.33E-09,1749503143,2.00E-11,6.85E-03
1.59E-09,1749503143,1.33E-09,1749503143,2.00E-11,6.85E-03
1.58E-09,1749503143,1.33E-09,1749503143,1.00E-11,3.44E-03
1.59E-09,1749503143,1.33E-09,1749503143,2.00E-11,6.85E-03
1.60E-09,1749503143,1.33E-09,1749503143,3.00E-11,1.02E-02
1.58E-09,1749503143,1.33E-09,1749503143,1.00E-11,3.44E-03
1.59E-09,1749503143,1.33E-09,1749503143,2.00E-11,6.85E-03
1.59E-09,1749503143,1.33E-09,1749503143,2.00E-11,6.85E-03
1.59E-09,1749503143,1.34E-09,1749503143,1.00E-11,3.41E-03
1.59E-09,1749503144,1.34E-09,1749503143,1.00E-11,3.41E-03
1.58E-09,1749503144,1.34E-09,1749503143,0.00E+00,0.00E+00
1.59E-09,1749503144,1.34E-09,1749503144,1.00E-11,3.41E-03
1.58E-09,1749503144,1.34E-09,1749503144,0.00E+00,0.00E+00
1.59E-09,1749503144,1.34E-09,1749503144,1.00E-11,3.41E-03
1.58E-09,1749503144,1.35E-09,1749503144,-1.00E-11,-3.41E-03
1.58E-09,1749503144,1.35E-09,1749503144,-1.00E-11,-3.41E-03
1.59E-09,1749503144,1.35E-09,1749503144,0.00E+00,0.00E+00
1.59E-09,1749503144,1.35E-09,1749503144,0.00E+00,0.00E+00
1.58E-09,1749503144,1.35E-09,1749503144,-1.00E-11,-3.41E-03
1.58E-09,1749503144,1.35E-09,1749503144,-1.00E-11,-3.41E-03
1.58E-09,1749503144,1.35E-09,1749503144,-1.00E-11,-3.41E-03
1.58E-09,1749503144,1.35E-09,1749503144,-1.00E-11,-3.41E-03
1.58E-09,1749503144,1.35E-09,1749503144,-1.00E-11,-3.41E-03
1.58E-09,1749503144,1.35E-09,1749503144,-1.00E-11,-3.41E-03
1.58E-09,1749503145,1.35E-09,1749503144,-1.00E-11,-3.41E-03
1.57E-09,1749503145,1.35E-09,1749503144,-2.00E-11,-6.85E-03
1.57E-09,1749503145,1.36E-09,1749503145,-3.00E-11,-1.02E-02
1.57E-09,1749503145,1.36E-09,1749503145,-3.00E-11,-1.02E-02
1.57E-09,1749503145,1.36E-09,1749503145,-3.00E-11,-1.02E-02
1.57E-09,1749503145,1.36E-09,1749503145,-3.00E-11,-1.02E-02
1.57E-09,1749503145,1.35E-09,1749503145,-2.00E-11,-6.85E-03
1.58E-09,1749503145,1.35E-09,1749503145,-1.00E-11,-3.41E-03
1.57E-09,1749503145,1.35E-09,1749503145,-2.00E-11,-6.85E-03
1.57E-09,1749503145,1.35E-09,1749503145,-2.00E-11,-6.85E-03
1.58E-09,1749503145,1.35E-09,1749503145,-1.00E-11,-3.41E-03
1.57E-09,1749503145,1.35E-09,1749503145,-2.00E-11,-6.85E-03
1.57E-09,1749503145,1.35E-09,1749503145,-2.00E-11,-6.85E-03
1.57E-09,1749503145,1.34E-09,1749503145,-1.00E-11,-3.44E-03
1.57E-09,1749503145,1.34E-09,1749503145,-1.00E-11,-3.44E-03
1.57E-09,1749503146,1.34E-09,1749503145,-1.00E-11,-3.44E-03
1.56E-09,1749503146,1.34E-09,1749503145,-2.00E-11,-6.90E-03
1.56E-09,1749503146,1.34E-09,1749503146,-2.00E-11,-6.90E-03
1.56E-09,1749503146,1.34E-09,1749503146,-2.00E-11,-6.90E-03
1.56E-09,1749503146,1.34E-09,1749503146,-2.00E-11,-6.90E-03
1.56E-09,1749503146,1.34E-09,1749503146,-2.00E-11,-6.90E-03
1.55E-09,1749503146,1.34E-09,1749503146,-3.00E-11,-1.04E-02
1.55E-09,1749503146,1.34E-09,1749503146,-3.00E-11,-1.04E-02
1.55E-09,1749503146,1.34E-09,1749503146,-3.00E-11,-1.04E-02
1.55E-09,1749503146,1.34E-09,1749503146,-3.00E-11,-1.04E-02
1.54E-09,1749503146,1.34E-09,1749503146,-4.00E-11,-1.39E-02
1.54E-09,1749503146,1.35E-09,1749503146,-5.00E-11,-1.73E-02
1.54E-09,1749503146,1.35E-09,1749503146,-5.00E-11,-1.73E-02
1.54E-09,1749503146,1.35E-09,1749503146,-5.00E-11,-1.73E-02
1.53E-09,1749503146,1.35E-09,1749503146,-6.00E-11,-2.08E-02
1.54E-09,1749503147,1.35E-09,1749503146,-5.00E-11,-1.73E-02
1.53E-09,1749503147,1.35E-09,1749503146,-6.00E-11,-2.08E-02
1.53E-09,1749503147,1.35E-09,1749503147,-6.00E-11,-2.08E-02
1.54E-09,1749503147,1.35E-09,1749503147,-5.00E-11,-1.73E-02
1.52E-09,1749503147,1.35E-09,1749503147,-7.00E-11,-2.44E-02
1.52E-09,1749503147,1.35E-09,1749503147,-7.00E-11,-2.44E-02
1.52E-09,1749503147,1.35E-09,1749503147,-7.00E-11,-2.44E-02
1.52E-09,1749503147,1.35E-09,1749503147,-7.00E-11,-2.44E-02
1.52E-09,1749503147,1.35E-09,1749503147,-7.00E-11,-2.44E-02
1.52E-09,1749503147,1.35E-09,1749503147,-7.00E-11,-2.44E-02
1.52E-09,1749503147,1.35E-09,1749503147,-7.00E-11,-2.44E-02
1.52E-09,1749503147,1.35E-09,1749503147,-7.00E-11,-2.44E-02
1.51E-09,1749503147,1.35E-09,1749503147,-8.00E-11,-2.80E-02
1.52E-09,1749503147,1.35E-09,1749503147,-7.00E-11,-2.44E-02
1.52E-09,1749503147,1.35E-09,1749503147,-7.00E-11,-2.44E-02
1.51E-09,1749503148,1.35E-09,1749503147,-8.00E-11,-2.80E-02
1.52E-09,1749503148,1.35E-09,1749503147,-7.00E-11,-2.44E-02
1.51E-09,1749503148,1.35E-09,1749503148,-8.00E-11,-2.80E-02
1.52E-09,1749503148,1.35E-09,1749503148,-7.00E-11,-2.44E-02
1.52E-09,1749503148,1.35E-09,1749503148,-7.00E-11,-2.44E-02
1.52E-09,1749503148,1.35E-09,1749503148,-7.00E-11,-2.44E-02
1.52E-09,1749503148,1.35E-09,1749503148,-7.00E-11,-2.44E-02
1.51E-09,1749503148,1.35E-09,1749503148,-8.00E-11,-2.80E-02
1.52E-09,1749503148,1.35E-09,1749503148,-7.00E-11,-2.44E-02
1.51E-09,1749503148,1.35E-09,1749503148,-8.00E-11,-2.80E-02
1.51E-09,1749503148,1.35E-09,1749503148,-8.00E-11,-2.80E-02
1.51E-09,1749503148,1.35E-09,1749503148,-8.00E-11,-2.80E-02
1.51E-09,1749503148,1.35E-09,1749503148,-8.00E-11,-2.80E-02
1.51E-09,1749503148,1.35E-09,1749503148,-8.00E-11,-2.80E-02
1.50E-09,1749503148,1.35E-09,1749503148,-9.00E-11,-3.16E-02
1.50E-09,1749503149,1.36E-09,1749503148,-1.00E-10,-3.50E-02
1.51E-09,1749503149,1.36E-09,1749503149,-9.00E-11,-3.14E-02
1.50E-09,1749503149,1.36E-09,1749503149,-1.00E-10,-3.50E-02
1.50E-09,1749503149,1.36E-09,1749503149,-1.00E-10,-3.50E-02
1.50E-09,1749503149,1.36E-09,1749503149,-1.00E-10,-3.50E-02
1.50E-09,1749503149,1.36E-09,1749503149,-1.00E-10,-3.50E-02
1.50E-09,1749503149,1.36E-09,1749503149,-1.00E-10,-3.50E-02
1.50E-09,1749503149,1.36E-09,1749503149,-1.00E-10,-3.50E-02
1.50E-09,1749503149,1.36E-09,1749503149,-1.00E-10,-3.50E-02
1.49E-09,1749503149,1.36E-09,1749503149,-1.10E-10,-3.86E-02
1.50E-09,1749503149,1.36E-09,1749503149,-1.00E-10,-3.50E-02
1.49E-09,1749503149,1.36E-09,1749503149,-1.10E-10,-3.86E-02
1.49E-09,1749503149,1.36E-09,1749503149,-1.10E-10,-3.86E-02
1.50E-09,1749503149,1.36E-09,1749503149,-1.00E-10,-3.50E-02
1.49E-09,1749503150,1.37E-09,1749503149,-1.20E-10,-4.20E-02
1.48E-09,1749503150,1.37E-09,1749503150,-1.30E-10,-4.56E-02
1.49E-09,1749503150,1.37E-09,1749503150,-1.20E-10,-4.20E-02
1.49E-09,1749503150,1.37E-09,1749503150,-1.20E-10,-4.20E-02
1.49E-09,1749503150,1.37E-09,1749503150,-1.20E-10,-4.20E-02
1.48E-09,1749503150,1.37E-09,1749503150,-1.30E-10,-4.56E-02
1.48E-09,1749503150,1.37E-09,1749503150,-1.30E-10,-4.56E-02
1.48E-09,1749503150,1.37E-09,1749503150,-1.30E-10,-4.56E-02
1.48E-09,1749503150,1.37E-09,1749503150,-1.30E-10,-4.56E-02
1.49E-09,1749503150,1.37E-09,1749503150,-1.20E-10,-4.20E-02
1.48E-09,1749503150,1.37E-09,1749503150,-1.30E-10,-4.56E-02
1.48E-09,1749503150,1.37E-09,1749503150,-1.30E-10,-4.56E-02
1.49E-09,1749503150,1.37E-09,1749503150,-1.20E-10,-4.20E-02
1.48E-09,1749503150,1.37E-09,1749503150,-1.30E-10,-4.56E-02
1.48E-09,1749503150,1.37E-09,1749503150,-1.30E-10,-4.56E-02
1.48E-09,1749503151,1.37E-09,1749503150,-1.30E-10,-4.56E-02
1.49E-09,1749503151,1.37E-09,1749503151,-1.20E-10,-4.20E-02
1.49E-09,1749503151,1.37E-09,1749503151,-1.20E-10,-4.20E-02
1.48E-09,1749503151,1.37E-09,1749503151,-1.30E-10,-4.56E-02
1.49E-09,1749503151,1.37E-09,1749503151,-1.20E-10,-4.20E-02
1.49E-09,1749503151,1.37E-09,1749503151,-1.20E-10,-4.20E-02
1.49E-09,1749503151,1.37E-09,1749503151,-1.20E-10,-4.20E-02
1.49E-09,1749503151,1.36E-09,1749503151,-1.10E-10,-3.86E-02
1.50E-09,1749503151,1.36E-09,1749503151,-1.00E-10,-3.50E-02
1.50E-09,1749503151,1.36E-09,1749503151,-1.00E-10,-3.50E-02
1.50E-09,1749503151,1.36E-09,1749503151,-1.00E-10,-3.50E-02
1.51E-09,1749503151,1.35E-09,1749503151,-8.00E-11,-2.80E-02
1.51E-09,1749503151,1.35E-09,1749503151,-8.00E-11,-2.80E-02
1.50E-09,1749503151,1.35E-09,1749503151,-9.00E-11,-3.16E-02
1.51E-09,1749503151,1.35E-09,1749503152,-8.00E-11,-2.80E-02
1.51E-09,1749503152,1.35E-09,1749503152,-8.00E-11,-2.80E-02
1.51E-09,1749503152,1.35E-09,1749503152,-8.00E-11,-2.80E-02
1.51E-09,1749503152,1.35E-09,1749503152,-8.00E-11,-2.80E-02
1.50E-09,1749503152,1.35E-09,1749503152,-9.00E-11,-3.16E-02
1.50E-09,1749503152,1.35E-09,1749503152,-9.00E-11,-3.16E-02
1.49E-09,1749503152,1.35E-09,1749503152,-1.00E-10,-3.52E-02
1.51E-09,1749503152,1.35E-09,1749503152,-8.00E-11,-2.80E-02
1.51E-09,1749503152,1.35E-09,1749503152,-8.00E-11,-2.80E-02
1.52E-09,1749503152,1.35E-09,1749503152,-7.00E-11,-2.44E-02
1.52E-09,1749503152,1.36E-09,1749503152,-8.00E-11,-2.78E-02
1.54E-09,1749503152,1.36E-09,1749503152,-6.00E-11,-2.07E-02
1.53E-09,1749503152,1.36E-09,1749503152,-7.00E-11,-2.42E-02
1.53E-09,1749503152,1.36E-09,1749503152,-7.00E-11,-2.42E-02
1.53E-09,1749503152,1.36E-09,1749503152,-7.00E-11,-2.42E-02
1.54E-09,1749503152,1.36E-09,1749503153,-6.00E-11,-2.07E-02
1.53E-09,1749503153,1.36E-09,1749503153,-7.00E-11,-2.42E-02
1.53E-09,1749503153,1.36E-09,1749503153,-7.00E-11,-2.42E-02
1.53E-09,1749503153,1.36E-09,1749503153,-7.00E-11,-2.42E-02
1.53E-09,1749503153,1.37E-09,1749503153,-8.00E-11,-2.76E-02
1.53E-09,1749503153,1.37E-09,1749503153,-8.00E-11,-2.76E-02
1.54E-09,1749503153,1.37E-09,1749503153,-7.00E-11,-2.41E-02
1.53E-09,1749503153,1.37E-09,1749503153,-8.00E-11,-2.76E-02
1.54E-09,1749503153,1.37E-09,1749503153,-7.00E-11,-2.41E-02
1.53E-09,1749503153,1.37E-09,1749503153,-8.00E-11,-2.76E-02
1.53E-09,1749503153,1.37E-09,1749503153,-8.00E-11,-2.76E-02
1.54E-09,1749503153,1.37E-09,1749503153,-7.00E-11,-2.41E-02
1.53E-09,1749503153,1.37E-09,1749503153,-8.00E-11,-2.76E-02
1.53E-09,1749503153,1.37E-09,1749503153,-8.00E-11,-2.76E-02
1.53E-09,1749503153,1.37E-09,1749503153,-8.00E-11,-2.76E-02
1.53E-09,1749503153,1.37E-09,1749503154,-8.00E-11,-2.76E-02
1.54E-09,1749503154,1.37E-09,1749503154,-7.00E-11,-2.41E-02
1.53E-09,1749503154,1.36E-09,1749503154,-7.00E-11,-2.42E-02
1.53E-09,1749503154,1.36E-09,1749503154,-7.00E-11,-2.42E-02
1.53E-09,1749503154,1.36E-09,1749503154,-7.00E-11,-2.42E-02
1.53E-09,1749503154,1.36E-09,1749503154,-7.00E-11,-2.42E-02
1.53E-09,1749503154,1.36E-09,1749503154,-7.00E-11,-2.42E-02
1.53E-09,1749503154,1.36E-09,1749503154,-7.00E-11,-2.42E-02
1.54E-09,1749503154,1.36E-09,1749503154,-6.00E-11,-2.07E-02
1.55E-09,1749503154,1.36E-09,1749503154,-5.00E-11,-1.72E-02
1.53E-09,1749503154,1.36E-09,1749503154,-7.00E-11,-2.42E-02
1.53E-09,1749503154,1.36E-09,1749503154,-7.00E-11,-2.42E-02
1.54E-09,1749503154,1.36E-09,1749503154,-6.00E-11,-2.07E-02
1.54E-09,1749503154,1.36E-09,1749503154,-6.00E-11,-2.07E-02
1.54E-09,1749503154,1.36E-09,1749503154,-6.00E-11,-2.07E-02
1.54E-09,1749503154,1.36E-09,1749503155,-6.00E-11,-2.07E-02
1.54E-09,1749503155,1.36E-09,1749503155,-6.00E-11,-2.07E-02
1.54E-09,1749503155,1.36E-09,1749503155,-6.00E-11,-2.07E-02
1.55E-09,1749503155,1.36E-09,1749503155,-5.00E-11,-1.72E-02
1.54E-09,1749503155,1.36E-09,1749503155,-6.00E-11,-2.07E-02
1.54E-09,1749503155,1.36E-09,1749503155,-6.00E-11,-2.07E-02
1.55E-09,1749503155,1.35E-09,1749503155,-4.00E-11,-1.38E-02
1.55E-09,1749503155,1.35E-09,1749503155,-4.00E-11,-1.38E-02
1.54E-09,1749503155,1.35E-09,1749503155,-5.00E-11,-1.73E-02
1.55E-09,1749503155,1.35E-09,1749503155,-4.00E-11,-1.38E-02
1.54E-09,1749503155,1.35E-09,1749503155,-5.00E-11,-1.73E-02
1.54E-09,1749503155,1.35E-09,1749503155,-5.00E-11,-1.73E-02
1.54E-09,1749503155,1.35E-09,1749503155,-5.00E-11,-1.73E-02
1.54E-09,1749503155,1.35E-09,1749503155,-5.00E-11,-1.73E-02
1.54E-09,1749503155,1.35E-09,1749503155,-5.00E-11,-1.73E-02
1.54E-09,1749503155,1.35E-09,1749503156,-5.00E-11,-1.73E-02
1.54E-09,1749503156,1.35E-09,1749503156,-5.00E-11,-1.73E-02
1.55E-09,1749503156,1.35E-09,1749503156,-4.00E-11,-1.38E-02
1.55E-09,1749503156,1.35E-09,1749503156,-4.00E-11,-1.38E-02
1.56E-09,1749503156,1.35E-09,1749503156,-3.00E-11,-1.03E-02
1.55E-09,1749503156,1.35E-09,1749503156,-4.00E-11,-1.38E-02
1.55E-09,1749503156,1.35E-09,1749503156,-4.00E-11,-1.38E-02
1.55E-09,1749503156,1.35E-09,1749503156,-4.00E-11,-1.38E-02
1.55E-09,1749503156,1.35E-09,1749503156,-4.00E-11,-1.38E-02
1.55E-09,1749503156,1.35E-09,1749503156,-4.00E-11,-1.38E-02
1.55E-09,1749503156,1.35E-09,1749503156,-4.00E-11,-1.38E-02
1.55E-09,1749503156,1.35E-09,1749503156,-4.00E-11,-1.38E-02
1.56E-09,1749503156,1.35E-09,1749503156,-3.00E-11,-1.03E-02
1.55E-09,1749503156,1.34E-09,1749503156,-3.00E-11,-1.04E-02
1.56E-09,1749503156,1.34E-09,1749503156,-2.00E-11,-6.90E-03
1.56E-09,1749503156,1.34E-09,1749503157,-2.00E-11,-6.90E-03
1.56E-09,1749503157,1.34E-09,1749503157,-2.00E-11,-6.90E-03
1.56E-09,1749503157,1.34E-09,1749503157,-2.00E-11,-6.90E-03
1.57E-09,1749503157,1.34E-09,1749503157,-1.00E-11,-3.44E-03
1.57E-09,1749503157,1.34E-09,1749503157,-1.00E-11,-3.44E-03
1.56E-09,1749503157,1.34E-09,1749503157,-2.00E-11,-6.90E-03
1.57E-09,1749503157,1.34E-09,1749503157,-1.00E-11,-3.44E-03
1.57E-09,1749503157,1.35E-09,1749503157,-2.00E-11,-6.85E-03
1.56E-09,1749503157,1.35E-09,1749503157,-3.00E-11,-1.03E-02
1.57E-09,1749503157,1.35E-09,1749503157,-2.00E-11,-6.85E-03
1.57E-09,1749503157,1.35E-09,1749503157,-2.00E-11,-6.85E-03
1.56E-09,1749503157,1.35E-09,1749503157,-3.00E-11,-1.03E-02
1.56E-09,1749503157,1.36E-09,1749503157,-4.00E-11,-1.37E-02
1.56E-09,1749503157,1.36E-09,1749503157,-4.00E-11,-1.37E-02
1.56E-09,1749503157,1.36E-09,1749503157,-4.00E-11,-1.37E-02
1.56E-09,1749503157,1.36E-09,1749503158,-4.00E-11,-1.37E-02
1.55E-09,1749503158,1.36E-09,1749503158,-5.00E-11,-1.72E-02
1.56E-09,1749503158,1.36E-09,1749503158,-4.00E-11,-1.37E-02
1.56E-09,1749503158,1.36E-09,1749503158,-4.00E-11,-1.37E-02
1.56E-09,1749503158,1.36E-09,1749503158,-4.00E-11,-1.37E-02
1.56E-09,1749503158,1.36E-09,1749503158,-4.00E-11,-1.37E-02
1.56E-09,1749503158,1.36E-09,1749503158,-4.00E-11,-1.37E-02
1.56E-09,1749503158,1.36E-09,1749503158,-4.00E-11,-1.37E-02
1.56E-09,1749503158,1.36E-09,1749503158,-4.00E-11,-1.37E-02
1.56E-09,1749503158,1.36E-09,1749503158,-4.00E-11,-1.37E-02
1.56E-09,1749503158,1.36E-09,1749503158,-4.00E-11,-1.37E-02
1.56E-09,1749503158,1.37E-09,1749503158,-5.00E-11,-1.71E-02
1.56E-09,1749503158,1.37E-09,1749503158,-5.00E-11,-1.71E-02
1.56E-09,1749503158,1.37E-09,1749503158,-5.00E-11,-1.71E-02
1.56E-09,1749503158,1.37E-09,1749503159,-5.00E-11,-1.71E-02
1.57E-09,1749503158,1.37E-09,1749503159,-4.00E-11,-1.36E-02
1.56E-09,1749503159,1.37E-09,1749503159,-5.00E-11,-1.71E-02
1.56E-09,1749503159,1.37E-09,1749503159,-5.00E-11,-1.71E-02
1.57E-09,1749503159,1.37E-09,1749503159,-4.00E-11,-1.36E-02
1.56E-09,1749503159,1.37E-09,1749503159,-5.00E-11,-1.71E-02
1.57E-09,1749503159,1.37E-09,1749503159,-4.00E-11,-1.36E-02
1.57E-09,1749503159,1.37E-09,1749503159,-4.00E-11,-1.36E-02
1.58E-09,1749503159,1.37E-09,1749503159,-3.00E-11,-1.02E-02
1.58E-09,1749503159,1.37E-09,1749503159,-3.00E-11,-1.02E-02
1.58E-09,1749503159,1.37E-09,1749503159,-3.00E-11,-1.02E-02
1.58E-09,1749503159,1.37E-09,1749503159,-3.00E-11,-1.02E-02
1.57E-09,1749503159,1.37E-09,1749503159,-4.00E-11,-1.36E-02
1.58E-09,1749503159,1.37E-09,1749503159,-3.00E-11,-1.02E-02
1.58E-09,1749503159,1.37E-09,1749503159,-3.00E-11,-1.02E-02
1.58E-09,1749503159,1.37E-09,1749503160,-3.00E-11,-1.02E-02
1.58E-09,1749503160,1.37E-09,1749503160,-3.00E-11,-1.02E-02
1.58E-09,1749503160,1.37E-09,1749503160,-3.00E-11,-1.02E-02
1.58E-09,1749503160,1.37E-09,1749503160,-3.00E-11,-1.02E-02
1.58E-09,1749503160,1.37E-09,1749503160,-3.00E-11,-1.02E-02
1.58E-09,1749503160,1.37E-09,1749503160,-3.00E-11,-1.02E-02
1.57E-09,1749503160,1.37E-09,1749503160,-4.00E-11,-1.36E-02
1.57E-09,1749503160,1.37E-09,1749503160,-4.00E-11,-1.36E-02
1.58E-09,1749503160,1.37E-09,1749503160,-3.00E-11,-1.02E-02
1.58E-09,1749503160,1.37E-09,1749503160,-3.00E-11,-1.02E-02
1.58E-09,1749503160,1.37E-09,1749503160,-3.00E-11,-1.02E-02
1.58E-09,1749503160,1.37E-09,1749503160,-3.00E-11,-1.02E-02
1.58E-09,1749503160,1.37E-09,1749503160,-3.00E-11,-1.02E-02
1.59E-09,1749503160,1.37E-09,1749503160,-2.00E-11,-6.76E-03
1.58E-09,1749503160,1.36E-09,1749503160,-2.00E-11,-6.80E-03
1.58E-09,1749503160,1.36E-09,1749503161,-2.00E-11,-6.80E-03
1.58E-09,1749503161,1.36E-09,1749503161,-2.00E-11,-6.80E-03
1.58E-09,1749503161,1.36E-09,1749503161,-2.00E-11,-6.80E-03
1.59E-09,1749503161,1.36E-09,1749503161,-1.00E-11,-3.39E-03
1.59E-09,1749503161,1.35E-09,1749503161,0.00E+00,0.00E+00
1.59E-09,1749503161,1.35E-09,1749503161,0.00E+00,0.00E+00
1.59E-09,1749503161,1.35E-09,1749503161,0.00E+00,0.00E+00
1.59E-09,1749503161,1.35E-09,1749503161,0.00E+00,0.00E+00
1.60E-09,1749503161,1.35E-09,1749503161,1.00E-11,3.39E-03
1.59E-09,1749503161,1.34E-09,1749503161,1.00E-11,3.41E-03
1.59E-09,1749503161,1.34E-09,1749503161,1.00E-11,3.41E-03
1.59E-09,1749503161,1.34E-09,1749503161,1.00E-11,3.41E-03
1.59E-09,1749503161,1.34E-09,1749503161,1.00E-11,3.41E-03
1.60E-09,1749503161,1.33E-09,1749503161,3.00E-11,1.02E-02
1.59E-09,1749503161,1.33E-09,1749503162,2.00E-11,6.85E-03
1.59E-09,1749503161,1.33E-09,1749503162,2.00E-11,6.85E-03
1.60E-09,1749503162,1.33E-09,1749503162,3.00E-11,1.02E-02
1.59E-09,1749503162,1.33E-09,1749503162,2.00E-11,6.85E-03
1.59E-09,1749503162,1.33E-09,1749503162,2.00E-11,6.85E-03
1.60E-09,1749503162,1.33E-09,1749503162,3.00E-11,1.02E-02
1.59E-09,1749503162,1.33E-09,1749503162,2.00E-11,6.85E-03
1.59E-09,1749503162,1.33E-09,1749503162,2.00E-11,6.85E-03
1.59E-09,1749503162,1.33E-09,1749503162,2.00E-11,6.85E-03
1.59E-09,1749503162,1.33E-09,1749503162,2.00E-11,6.85E-03
1.60E-09,1749503162,1.33E-09,1749503162,3.00E-11,1.02E-02
1.60E-09,1749503162,1.32E-09,1749503162,4.00E-11,1.37E-02
1.60E-09,1749503162,1.32E-09,1749503162,4.00E-11,1.37E-02
1.59E-09,1749503162,1.32E-09,1749503162,3.00E-11,1.03E-02
1.60E-09,1749503162,1.32E-09,1749503162,4.00E-11,1.37E-02
1.59E-09,1749503162,1.32E-09,1749503163,3.00E-11,1.03E-02
1.60E-09,1749503162,1.32E-09,1749503163,4.00E-11,1.37E-02
1.60E-09,1749503163,1.32E-09,1749503163,4.00E-11,1.37E-02
1.60E-09,1749503163,1.32E-09,1749503163,4.00E-11,1.37E-02
1.60E-09,1749503163,1.32E-09,1749503163,4.00E-11,1.37E-02
1.61E-09,1749503163,1.32E-09,1749503163,5.00E-11,1.71E-02
1.59E-09,1749503163,1.32E-09,1749503163,3.00E-11,1.03E-02
1.60E-09,1749503163,1.33E-09,1749503163,3.00E-11,1.02E-02
1.60E-09,1749503163,1.33E-09,1749503163,3.00E-11,1.02E-02
1.60E-09,1749503163,1.33E-09,1749503163,3.00E-11,1.02E-02
1.60E-09,1749503163,1.33E-09,1749503163,3.00E-11,1.02E-02
1.60E-09,1749503163,1.33E-09,1749503163,3.00E-11,1.02E-02
1.60E-09,1749503163,1.33E-09,1749503163,3.00E-11,1.02E-02
1.61E-09,1749503163,1.33E-09,1749503163,4.00E-11,1.36E-02
1.60E-09,1749503163,1.33E-09,1749503163,3.00E-11,1.02E-02
1.61E-09,1749503163,1.33E-09,1749503164,4.00E-11,1.36E-02
1.60E-09,1749503163,1.33E-09,1749503164,3.00E-11,1.02E-02
1.60E-09,1749503164,1.33E-09,1749503164,3.00E-11,1.02E-02
1.60E-09,1749503164,1.33E-09,1749503164,3.00E-11,1.02E-02
1.60E-09,1749503164,1.33E-09,1749503164,3.00E-11,1.02E-02
1.60E-09,1749503164,1.33E-09,1749503164,3.00E-11,1.02E-02
1.60E-09,1749503164,1.33E-09,1749503164,3.00E-11,1.02E-02
1.60E-09,1749503164,1.33E-09,1749503164,3.00E-11,1.02E-02
1.59E-09,1749503164,1.33E-09,1749503164,2.00E-11,6.85E-03
1.59E-09,1749503164,1.33E-09,1749503164,2.00E-11,6.85E-03
1.59E-09,1749503164,1.33E-09,1749503164,2.00E-11,6.85E-03
1.58E-09,1749503164,1.32E-09,1749503164,2.00E-11,6.90E-03
1.58E-09,1749503164,1.32E-09,1749503164,2.00E-11,6.90E-03
1.59E-09,1749503164,1.32E-09,1749503164,3.00E-11,1.03E-02
1.58E-09,1749503164,1.32E-09,1749503164,2.00E-11,6.90E-03
1.58E-09,1749503164,1.32E-09,1749503165,2.00E-11,6.90E-03
1.59E-09,1749503164,1.32E-09,1749503165,3.00E-11,1.03E-02
1.58E-09,1749503165,1.32E-09,1749503165,2.00E-11,6.90E-03
1.58E-09,1749503165,1.32E-09,1749503165,2.00E-11,6.90E-03
1.57E-09,1749503165,1.32E-09,1749503165,1.00E-11,3.46E-03
1.58E-09,1749503165,1.32E-09,1749503165,2.00E-11,6.90E-03
1.56E-09,1749503165,1.32E-09,1749503165,0.00E+00,0.00E+00
1.56E-09,1749503165,1.32E-09,1749503165,0.00E+00,0.00E+00
1.56E-09,1749503165,1.33E-09,1749503165,-1.00E-11,-3.46E-03
1.56E-09,1749503165,1.33E-09,1749503165,-1.00E-11,-3.46E-03
1.56E-09,1749503165,1.33E-09,1749503165,-1.00E-11,-3.46E-03
1.56E-09,1749503165,1.33E-09,1749503165,-1.00E-11,-3.46E-03
1.55E-09,1749503165,1.33E-09,1749503165,-2.00E-11,-6.94E-03
1.56E-09,1749503165,1.33E-09,1749503165,-1.00E-11,-3.46E-03
1.55E-09,1749503165,1.33E-09,1749503165,-2.00E-11,-6.94E-03
1.55E-09,1749503165,1.33E-09,1749503166,-2.00E-11,-6.94E-03
1.55E-09,1749503165,1.33E-09,1749503166,-2.00E-11,-6.94E-03
1.55E-09,1749503166,1.33E-09,1749503166,-2.00E-11,-6.94E-03
1.56E-09,1749503166,1.33E-09,1749503166,-1.00E-11,-3.46E-03
1.56E-09,1749503166,1.32E-09,1749503166,0.00E+00,0.00E+00
1.56E-09,1749503166,1.32E-09,1749503166,0.00E+00,0.00E+00
1.57E-09,1749503166,1.32E-09,1749503166,1.00E-11,3.46E-03
1.57E-09,1749503166,1.32E-09,1749503166,1.00E-11,3.46E-03
1.57E-09,1749503166,1.32E-09,1749503166,1.00E-11,3.46E-03
1.57E-09,1749503166,1.32E-09,1749503166,1.00E-11,3.46E-03
1.57E-09,1749503166,1.32E-09,1749503166,1.00E-11,3.46E-03
1.58E-09,1749503166,1.33E-09,1749503166,1.00E-11,3.44E-03
1.57E-09,1749503166,1.33E-09,1749503166,0.00E+00,0.00E+00
1.58E-09,1749503166,1.33E-09,1749503166,1.00E-11,3.44E-03
1.57E-09,1749503166,1.33E-09,1749503167,0.00E+00,0.00E+00
1.57E-09,1749503166,1.34E-09,1749503167,-1.00E-11,-3.44E-03
1.58E-09,1749503166,1.33E-09,1749503167,1.00E-11,3.44E-03
1.57E-09,1749503167,1.33E-09,1749503167,0.00E+00,0.00E+00
1.57E-09,1749503167,1.33E-09,1749503167,0.00E+00,0.00E+00
1.58E-09,1749503167,1.33E-09,1749503167,1.00E-11,3.44E-03
1.58E-09,1749503167,1.33E-09,1749503167,1.00E-11,3.44E-03
1.59E-09,1749503167,1.33E-09,1749503167,2.00E-11,6.85E-03
1.59E-09,1749503167,1.33E-09,1749503167,2.00E-11,6.85E-03
1.60E-09,1749503167,1.33E-09,1749503167,3.00E-11,1.02E-02
1.60E-09,1749503167,1.33E-09,1749503167,3.00E-11,1.02E-02
1.60E-09,1749503167,1.32E-09,1749503167,4.00E-11,1.37E-02
1.60E-09,1749503167,1.32E-09,1749503167,4.00E-11,1.37E-02
1.61E-09,1749503167,1.32E-09,1749503167,5.00E-11,1.71E-02
1.61E-09,1749503167,1.32E-09,1749503167,5.00E-11,1.71E-02
1.61E-09,1749503167,1.31E-09,1749503168,6.00E-11,2.05E-02
1.63E-09,1749503167,1.31E-09,1749503168,8.00E-11,2.72E-02
1.63E-09,1749503167,1.31E-09,1749503168,8.00E-11,2.72E-02
1.62E-09,1749503168,1.31E-09,1749503168,7.00E-11,2.39E-02
1.62E-09,1749503168,1.32E-09,1749503168,6.00E-11,2.04E-02
1.63E-09,1749503168,1.32E-09,1749503168,7.00E-11,2.37E-02
1.62E-09,1749503168,1.32E-09,1749503168,6.00E-11,2.04E-02
1.62E-09,1749503168,1.32E-09,1749503168,6.00E-11,2.04E-02
1.62E-09,1749503168,1.32E-09,1749503168,6.00E-11,2.04E-02
1.61E-09,1749503168,1.33E-09,1749503168,4.00E-11,1.36E-02
1.61E-09,1749503168,1.33E-09,1749503168,4.00E-11,1.36E-02
1.60E-09,1749503168,1.33E-09,1749503168,3.00E-11,1.02E-02
1.59E-09,1749503168,1.33E-09,1749503168,2.00E-11,6.85E-03
1.59E-09,1749503168,1.33E-09,1749503168,2.00E-11,6.85E-03
1.59E-09,1749503168,1.33E-09,1749503168,2.00E-11,6.85E-03
1.59E-09,1749503168,1.33E-09,1749503169,2.00E-11,6.85E-03
1.59E-09,1749503168,1.34E-09,1749503169,1.00E-11,3.41E-03
1.59E-09,1749503168,1.34E-09,1749503169,1.00E-11,3.41E-03
1.60E-09,1749503169,1.34E-09,1749503169,2.00E-11,6.80E-03
1.59E-09,1749503169,1.34E-09,1749503169,1.00E-11,3.41E-03
1.59E-09,1749503169,1.34E-09,1749503169,1.00E-11,3.41E-03
1.59E-09,1749503169,1.34E-09,1749503169,1.00E-11,3.41E-03
1.60E-09,1749503169,1.34E-09,1749503169,2.00E-11,6.80E-03
1.60E-09,1749503169,1.34E-09,1749503169,2.00E-11,6.80E-03
1.60E-09,1749503169,1.34E-09,1749503169,2.00E-11,6.80E-03
1.61E-09,1749503169,1.34E-09,1749503169,3.00E-11,1.02E-02
1.60E-09,1749503169,1.34E-09,1749503169,2.00E-11,6.80E-03
1.60E-09,1749503169,1.34E-09,1749503169,2.00E-11,6.80E-03
1.60E-09,1749503169,1.34E-09,1749503169,2.00E-11,6.80E-03
1.60E-09,1749503169,1.34E-09,1749503169,2.00E-11,6.80E-03
1.60E-09,1749503169,1.34E-09,1749503170,2.00E-11,6.80E-03
1.61E-09,1749503169,1.35E-09,1749503170,2.00E-11,6.76E-03
1.61E-09,1749503169,1.35E-09,1749503170,2.00E-11,6.76E-03
1.61E-09,1749503170,1.35E-09,1749503170,2.00E-11,6.76E-03
1.61E-09,1749503170,1.35E-09,1749503170,2.00E-11,6.76E-03
1.61E-09,1749503170,1.34E-09,1749503170,3.00E-11,1.02E-02
1.60E-09,1749503170,1.34E-09,1749503170,2.00E-11,6.80E-03
1.62E-09,1749503170,1.34E-09,1749503170,4.00E-11,1.35E-02
1.60E-09,1749503170,1.34E-09,1749503170,2.00E-11,6.80E-03
1.60E-09,1749503170,1.33E-09,1749503170,3.00E-11,1.02E-02
1.61E-09,1749503170,1.33E-09,1749503170,4.00E-11,1.36E-02
1.59E-09,1749503170,1.33E-09,1749503170,2.00E-11,6.85E-03
1.59E-09,1749503170,1.33E-09,1749503170,2.00E-11,6.85E-03
1.60E-09,1749503170,1.34E-09,1749503170,2.00E-11,6.80E-03
1.60E-09,1749503170,1.34E-09,1749503170,2.00E-11,6.80E-03
1.60E-09,1749503170,1.34E-09,1749503171,2.00E-11,6.80E-03
1.60E-09,1749503170,1.34E-09,1749503171,2.00E-11,6.80E-03
1.60E-09,1749503171,1.34E-09,1749503171,2.00E-11,6.80E-03
1.60E-09,1749503171,1.34E-09,1749503171,2.00E-11,6.80E-03
1.59E-09,1749503171,1.34E-09,1749503171,1.00E-11,3.41E-03
1.60E-09,1749503171,1.33E-09,1749503171,3.00E-11,1.02E-02
1.59E-09,1749503171,1.33E-09,1749503171,2.00E-11,6.85E-03
1.60E-09,1749503171,1.33E-09,1749503171,3.00E-11,1.02E-02
1.59E-09,1749503171,1.32E-09,1749503171,3.00E-11,1.03E-02
1.60E-09,1749503171,1.32E-09,1749503171,4.00E-11,1.37E-02
1.60E-09,1749503171,1.32E-09,1749503171,4.00E-11,1.37E-02
1.59E-09,1749503171,1.32E-09,1749503171,3.00E-11,1.03E-02
1.59E-09,1749503171,1.32E-09,1749503171,3.00E-11,1.03E-02
1.60E-09,1749503171,1.32E-09,1749503171,4.00E-11,1.37E-02
1.59E-09,1749503171,1.32E-09,1749503171,3.00E-11,1.03E-02
1.60E-09,1749503171,1.32E-09,1749503172,4.00E-11,1.37E-02
1.59E-09,1749503171,1.32E-09,1749503172,3.00E-11,1.03E-02
1.59E-09,1749503172,1.32E-09,1749503172,3.00E-11,1.03E-02
1.59E-09,1749503172,1.32E-09,1749503172,3.00E-11,1.03E-02
1.59E-09,1749503172,1.32E-09,1749503172,3.00E-11,1.03E-02
1.59E-09,1749503172,1.32E-09,1749503172,3.00E-11,1.03E-02
1.58E-09,1749503172,1.32E-09,1749503172,2.00E-11,6.90E-03
1.59E-09,1749503172,1.32E-09,1749503172,3.00E-11,1.03E-02
1.59E-09,1749503172,1.32E-09,1749503172,3.00E-11,1.03E-02
1.58E-09,1749503172,1.32E-09,1749503172,2.00E-11,6.90E-03
1.59E-09,1749503172,1.32E-09,1749503172,3.00E-11,1.03E-02
1.59E-09,1749503172,1.32E-09,1749503172,3.00E-11,1.03E-02
1.58E-09,1749503172,1.32E-09,1749503172,2.00E-11,6.90E-03
1.59E-09,1749503172,1.32E-09,1749503172,3.00E-11,1.03E-02
1.58E-09,1749503172,1.32E-09,1749503172,2.00E-11,6.90E-03
1.58E-09,1749503172,1.32E-09,1749503173,2.00E-11,6.90E-03
1.58E-09,1749503173,1.32E-09,1749503173,2.00E-11,6.90E-03
1.59E-09,1749503173,1.32E-09,1749503173,3.00E-11,1.03E-02
1.57E-09,1749503173,1.33E-09,1749503173,0.00E+00,0.00E+00
1.57E-09,1749503173,1.33E-09,1749503173,0.00E+00,0.00E+00
1.58E-09,1749503173,1.33E-09,1749503173,1.00E-11,3.44E-03
1.56E-09,1749503173,1.33E-09,1749503173,-1.00E-11,-3.46E-03
1.56E-09,1749503173,1.33E-09,1749503173,-1.00E-11,-3.46E-03
1.56E-09,1749503173,1.33E-09,1749503173,-1.00E-11,-3.46E-03
1.56E-09,1749503173,1.33E-09,1749503173,-1.00E-11,-3.46E-03
1.56E-09,1749503173,1.32E-09,1749503173,0.00E+00,0.00E+00
1.56E-09,1749503173,1.32E-09,1749503173,0.00E+00,0.00E+00
1.56E-09,1749503173,1.32E-09,1749503173,0.00E+00,0.00E+00
1.56E-09,1749503173,1.31E-09,1749503173,1.00E-11,3.48E-03
1.56E-09,1749503173,1.31E-09,1749503174,1.00E-11,3.48E-03
1.56E-09,1749503173,1.31E-09,1749503174,1.00E-11,3.48E-03
1.56E-09,1749503174,1.31E-09,1749503174,1.00E-11,3.48E-03
1.56E-09,1749503174,1.31E-09,1749503174,1.00E-11,3.48E-03
1.56E-09,1749503174,1.31E-09,1749503174,1.00E-11,3.48E-03
1.57E-09,1749503174,1.31E-09,1749503174,2.00E-11,6.94E-03
1.56E-09,1749503174,1.31E-09,1749503174,1.00E-11,3.48E-03
1.56E-09,1749503174,1.31E-09,1749503174,1.00E-11,3.48E-03
1.57E-09,1749503174,1.31E-09,1749503174,2.00E-11,6.94E-03
1.56E-09,1749503174,1.31E-09,1749503174,1.00E-11,3.48E-03
1.56E-09,1749503174,1.31E-09,1749503174,1.00E-11,3.48E-03
1.56E-09,1749503174,1.32E-09,1749503174,0.00E+00,0.00E+00
1.57E-09,1749503174,1.32E-09,1749503174,1.00E-11,3.46E-03
1.57E-09,1749503174,1.32E-09,1749503174,1.00E-11,3.46E-03
1.57E-09,1749503174,1.32E-09,1749503174,1.00E-11,3.46E-03
1.58E-09,1749503174,1.32E-09,1749503175,2.00E-11,6.90E-03
1.58E-09,1749503175,1.32E-09,1749503175,2.00E-11,6.90E-03
1.59E-09,1749503175,1.32E-09,1749503175,3.00E-11,1.03E-02
1.59E-09,1749503175,1.32E-09,1749503175,3.00E-11,1.03E-02
1.58E-09,1749503175,1.32E-09,1749503175,2.00E-11,6.90E-03
1.59E-09,1749503175,1.32E-09,1749503175,3.00E-11,1.03E-02
1.58E-09,1749503175,1.32E-09,1749503175,2.00E-11,6.90E-03
1.58E-09,1749503175,1.32E-09,1749503175,2.00E-11,6.90E-03
1.58E-09,1749503175,1.32E-09,1749503175,2.00E-11,6.90E-03
1.59E-09,1749503175,1.31E-09,1749503175,4.00E-11,1.38E-02
1.59E-09,1749503175,1.31E-09,1749503175,4.00E-11,1.38E-02
1.59E-09,1749503175,1.31E-09,1749503175,4.00E-11,1.38E-02
1.59E-09,1749503175,1.31E-09,1749503175,4.00E-11,1.38E-02
1.59E-09,1749503175,1.31E-09,1749503175,4.00E-11,1.38E-02
1.60E-09,1749503175,1.31E-09,1749503175,5.00E-11,1.72E-02
1.59E-09,1749503176,1.30E-09,1749503176,5.00E-11,1.73E-02
1.59E-09,1749503176,1.30E-09,1749503176,5.00E-11,1.73E-02
1.59E-09,1749503176,1.30E-09,1749503176,5.00E-11,1.73E-02
1.59E-09,1749503176,1.30E-09,1749503176,5.00E-11,1.73E-02
1.58E-09,1749503176,1.30E-09,1749503176,4.00E-11,1.39E-02
1.58E-09,1749503176,1.30E-09,1749503176,4.00E-11,1.39E-02
1.59E-09,1749503176,1.30E-09,1749503176,5.00E-11,1.73E-02
1.59E-09,1749503176,1.30E-09,1749503176,5.00E-11,1.73E-02
1.58E-09,1749503176,1.30E-09,1749503176,4.00E-11,1.39E-02
1.59E-09,1749503176,1.30E-09,1749503176,5.00E-11,1.73E-02
1.58E-09,1749503176,1.31E-09,1749503176,3.00E-11,1.04E-02
1.59E-09,1749503176,1.31E-09,1749503176,4.00E-11,1.38E-02
1.59E-09,1749503176,1.31E-09,1749503176,4.00E-11,1.38E-02
1.58E-09,1749503176,1.31E-09,1749503176,3.00E-11,1.04E-02
1.58E-09,1749503176,1.31E-09,1749503176,3.00E-11,1.04E-02
1.58E-09,1749503177,1.31E-09,1749503177,3.00E-11,1.04E-02
1.58E-09,1749503177,1.31E-09,1749503177,3.00E-11,1.04E-02
1.58E-09,1749503177,1.31E-09,1749503177,3.00E-11,1.04E-02
1.58E-09,1749503177,1.31E-09,1749503177,3.00E-11,1.04E-02
1.58E-09,1749503177,1.31E-09,1749503177,3.00E-11,1.04E-02
1.59E-09,1749503177,1.32E-09,1749503177,3.00E-11,1.03E-02
1.59E-09,1749503177,1.32E-09,1749503177,3.00E-11,1.03E-02
1.59E-09,1749503177,1.32E-09,1749503177,3.00E-11,1.03E-02
1.59E-09,1749503177,1.32E-09,1749503177,3.00E-11,1.03E-02
1.59E-09,1749503177,1.32E-09,1749503177,3.00E-11,1.03E-02
1.59E-09,1749503177,1.32E-09,1749503177,3.00E-11,1.03E-02
1.60E-09,1749503177,1.32E-09,1749503177,4.00E-11,1.37E-02
1.59E-09,1749503177,1.32E-09,1749503177,3.00E-11,1.03E-02
1.59E-09,1749503177,1.32E-09,1749503177,3.00E-11,1.03E-02
1.60E-09,1749503177,1.32E-09,1749503177,4.00E-11,1.37E-02
1.59E-09,1749503178,1.33E-09,1749503178,2.00E-11,6.85E-03
1.58E-09,1749503178,1.33E-09,1749503178,1.00E-11,3.44E-03
1.59E-09,1749503178,1.33E-09,1749503178,2.00E-11,6.85E-03
1.59E-09,1749503178,1.33E-09,1749503178,2.00E-11,6.85E-03
1.58E-09,1749503178,1.33E-09,1749503178,1.00E-11,3.44E-03
1.58E-09,1749503178,1.34E-09,1749503178,0.00E+00,0.00E+00
1.58E-09,1749503178,1.34E-09,1749503178,0.00E+00,0.00E+00
1.58E-09,1749503178,1.34E-09,1749503178,0.00E+00,0.00E+00
1.58E-09,1749503178,1.34E-09,1749503178,0.00E+00,0.00E+00
1.58E-09,1749503178,1.34E-09,1749503178,0.00E+00,0.00E+00
1.59E-09,1749503178,1.35E-09,1749503178,0.00E+00,0.00E+00
1.58E-09,1749503178,1.35E-09,1749503178,-1.00E-11,-3.41E-03
1.57E-09,1749503178,1.35E-09,1749503178,-2.00E-11,-6.85E-03
1.58E-09,1749503178,1.35E-09,1749503178,-1.00E-11,-3.41E-03
1.57E-09,1749503179,1.35E-09,1749503178,-2.00E-11,-6.85E-03
1.57E-09,1749503179,1.35E-09,1749503179,-2.00E-11,-6.85E-03
1.57E-09,1749503179,1.35E-09,1749503179,-2.00E-11,-6.85E-03
1.57E-09,1749503179,1.35E-09,1749503179,-2.00E-11,-6.85E-03
1.56E-09,1749503179,1.35E-09,1749503179,-3.00E-11,-1.03E-02
1.57E-09,1749503179,1.35E-09,1749503179,-2.00E-11,-6.85E-03
1.56E-09,1749503179,1.36E-09,1749503179,-4.00E-11,-1.37E-02
1.56E-09,1749503179,1.36E-09,1749503179,-4.00E-11,-1.37E-02
1.56E-09,1749503179,1.36E-09,1749503179,-4.00E-11,-1.37E-02
1.56E-09,1749503179,1.36E-09,1749503179,-4.00E-11,-1.37E-02
1.56E-09,1749503179,1.36E-09,1749503179,-4.00E-11,-1.37E-02
1.55E-09,1749503179,1.36E-09,1749503179,-5.00E-11,-1.72E-02
1.55E-09,1749503179,1.36E-09,1749503179,-5.00E-11,-1.72E-02
1.55E-09,1749503179,1.36E-09,1749503179,-5.00E-11,-1.72E-02
1.56E-09,1749503179,1.36E-09,1749503179,-4.00E-11,-1.37E-02
1.55E-09,1749503180,1.36E-09,1749503179,-5.00E-11,-1.72E-02
1.55E-09,1749503180,1.36E-09,1749503180,-5.00E-11,-1.72E-02
1.54E-09,1749503180,1.36E-09,1749503180,-6.00E-11,-2.07E-02
1.55E-09,1749503180,1.36E-09,1749503180,-5.00E-11,-1.72E-02
1.54E-09,1749503180,1.36E-09,1749503180,-6.00E-11,-2.07E-02
1.54E-09,1749503180,1.36E-09,1749503180,-6.00E-11,-2.07E-02
1.54E-09,1749503180,1.36E-09,1749503180,-6.00E-11,-2.07E-02
1.54E-09,1749503180,1.36E-09,1749503180,-6.00E-11,-2.07E-02
1.54E-09,1749503180,1.36E-09,1749503180,-6.00E-11,-2.07E-02
1.53E-09,1749503180,1.36E-09,1749503180,-7.00E-11,-2.42E-02
1.53E-09,1749503180,1.36E-09,1749503180,-7.00E-11,-2.42E-02
1.54E-09,1749503180,1.36E-09,1749503180,-6.00E-11,-2.07E-02
1.53E-09,1749503180,1.36E-09,1749503180,-7.00E-11,-2.42E-02
1.53E-09,1749503180,1.36E-09,1749503180,-7.00E-11,-2.42E-02
1.53E-09,1749503180,1.36E-09,1749503180,-7.00E-11,-2.42E-02
1.53E-09,1749503181,1.36E-09,1749503180,-7.00E-11,-2.42E-02
1.53E-09,1749503181,1.36E-09,1749503181,-7.00E-11,-2.42E-02
1.53E-09,1749503181,1.36E-09,1749503181,-7.00E-11,-2.42E-02
1.52E-09,1749503181,1.36E-09,1749503181,-8.00E-11,-2.78E-02
1.53E-09,1749503181,1.35E-09,1749503181,-6.00E-11,-2.08E-02
1.53E-09,1749503181,1.35E-09,1749503181,-6.00E-11,-2.08E-02
1.54E-09,1749503181,1.35E-09,1749503181,-5.00E-11,-1.73E-02
1.53E-09,1749503181,1.35E-09,1749503181,-6.00E-11,-2.08E-02
1.53E-09,1749503181,1.35E-09,1749503181,-6.00E-11,-2.08E-02
1.53E-09,1749503181,1.35E-09,1749503181,-6.00E-11,-2.08E-02
1.52E-09,1749503181,1.35E-09,1749503181,-7.00E-11,-2.44E-02
1.53E-09,1749503181,1.35E-09,1749503181,-6.00E-11,-2.08E-02
1.53E-09,1749503181,1.35E-09,1749503181,-6.00E-11,-2.08E-02
1.53E-09,1749503181,1.35E-09,1749503181,-6.00E-11,-2.08E-02
1.53E-09,1749503181,1.35E-09,1749503181,-6.00E-11,-2.08E-02
1.53E-09,1749503182,1.35E-09,1749503182,-6.00E-11,-2.08E-02
1.53E-09,1749503182,1.35E-09,1749503182,-6.00E-11,-2.08E-02
1.53E-09,1749503182,1.35E-09,1749503182,-6.00E-11,-2.08E-02
1.53E-09,1749503182,1.35E-09,1749503182,-6.00E-11,-2.08E-02
1.54E-09,1749503182,1.35E-09,1749503182,-5.00E-11,-1.73E-02
1.53E-09,1749503182,1.35E-09,1749503182,-6.00E-11,-2.08E-02
1.53E-09,1749503182,1.35E-09,1749503182,-6.00E-11,-2.08E-02
1.53E-09,1749503182,1.35E-09,1749503182,-6.00E-11,-2.08E-02
1.53E-09,1749503182,1.35E-09,1749503182,-6.00E-11,-2.08E-02
1.53E-09,1749503182,1.35E-09,1749503182,-6.00E-11,-2.08E-02
1.52E-09,1749503182,1.36E-09,1749503182,-8.00E-11,-2.78E-02
1.52E-09,1749503182,1.36E-09,1749503182,-8.00E-11,-2.78E-02
1.52E-09,1749503182,1.36E-09,1749503182,-8.00E-11,-2.78E-02
1.53E-09,1749503182,1.36E-09,1749503183,-7.00E-11,-2.42E-02
1.53E-09,1749503183,1.36E-09,1749503183,-7.00E-11,-2.42E-02
1.52E-09,1749503183,1.36E-09,1749503183,-8.00E-11,-2.78E-02
1.53E-09,1749503183,1.37E-09,1749503183,-8.00E-11,-2.76E-02
1.52E-09,1749503183,1.37E-09,1749503183,-9.00E-11,-3.11E-02
1.52E-09,1749503183,1.37E-09,1749503183,-9.00E-11,-3.11E-02
1.52E-09,1749503183,1.37E-09,1749503183,-9.00E-11,-3.11E-02
1.52E-09,1749503183,1.37E-09,1749503183,-9.00E-11,-3.11E-02
1.52E-09,1749503183,1.37E-09,1749503183,-9.00E-11,-3.11E-02
1.52E-09,1749503183,1.37E-09,1749503183,-9.00E-11,-3.11E-02
1.52E-09,1749503183,1.37E-09,1749503183,-9.00E-11,-3.11E-02
1.52E-09,1749503183,1.37E-09,1749503183,-9.00E-11,-3.11E-02
1.52E-09,1749503183,1.38E-09,1749503183,-1.00E-10,-3.45E-02
1.51E-09,1749503183,1.38E-09,1749503183,-1.10E-10,-3.81E-02
1.51E-09,1749503183,1.38E-09,1749503184,-1.10E-10,-3.81E-02
1.51E-09,1749503184,1.38E-09,1749503184,-1.10E-10,-3.81E-02
1.51E-09,1749503184,1.38E-09,1749503184,-1.10E-10,-3.81E-02
1.53E-09,1749503184,1.38E-09,1749503184,-9.00E-11,-3.09E-02
1.51E-09,1749503184,1.38E-09,1749503184,-1.10E-10,-3.81E-02
1.51E-09,1749503184,1.37E-09,1749503184,-1.00E-10,-3.47E-02
1.51E-09,1749503184,1.37E-09,1749503184,-1.00E-10,-3.47E-02
1.50E-09,1749503184,1.37E-09,1749503184,-1.10E-10,-3.83E-02
1.51E-09,1749503184,1.37E-09,1749503184,-1.00E-10,-3.47E-02
1.50E-09,1749503184,1.37E-09,1749503184,-1.10E-10,-3.83E-02
1.50E-09,1749503184,1.37E-09,1749503184,-1.10E-10,-3.83E-02
1.51E-09,1749503184,1.37E-09,1749503184,-1.00E-10,-3.47E-02
1.51E-09,1749503184,1.37E-09,1749503184,-1.00E-10,-3.47E-02
1.51E-09,1749503184,1.37E-09,1749503184,-1.00E-10,-3.47E-02
1.50E-09,1749503184,1.37E-09,1749503185,-1.10E-10,-3.83E-02
1.51E-09,1749503184,1.37E-09,1749503185,-1.00E-10,-3.47E-02
1.51E-09,1749503185,1.37E-09,1749503185,-1.00E-10,-3.47E-02
1.51E-09,1749503185,1.36E-09,1749503185,-9.00E-11,-3.14E-02
1.52E-09,1749503185,1.36E-09,1749503185,-8.00E-11,-2.78E-02
1.50E-09,1749503185,1.36E-09,1749503185,-1.00E-10,-3.50E-02
1.51E-09,1749503185,1.36E-09,1749503185,-9.00E-11,-3.14E-02
1.51E-09,1749503185,1.36E-09,1749503185,-9.00E-11,-3.14E-02
1.51E-09,1749503185,1.36E-09,1749503185,-9.00E-11,-3.14E-02
1.52E-09,1749503185,1.36E-09,1749503185,-8.00E-11,-2.78E-02
1.51E-09,1749503185,1.36E-09,1749503185,-9.00E-11,-3.14E-02
1.52E-09,1749503185,1.35E-09,1749503185,-7.00E-11,-2.44E-02
1.52E-09,1749503185,1.35E-09,1749503185,-7.00E-11,-2.44E-02
1.52E-09,1749503185,1.35E-09,1749503185,-7.00E-11,-2.44E-02
1.52E-09,1749503185,1.35E-09,1749503185,-7.00E-11,-2.44E-02
1.52E-09,1749503185,1.35E-09,1749503186,-7.00E-11,-2.44E-02
1.52E-09,1749503185,1.35E-09,1749503186,-7.00E-11,-2.44E-02
1.53E-09,1749503186,1.35E-09,1749503186,-6.00E-11,-2.08E-02
1.52E-09,1749503186,1.35E-09,1749503186,-7.00E-11,-2.44E-02
1.52E-09,1749503186,1.34E-09,1749503186,-6.00E-11,-2.10E-02
1.52E-09,1749503186,1.34E-09,1749503186,-6.00E-11,-2.10E-02
1.53E-09,1749503186,1.34E-09,1749503186,-5.00E-11,-1.74E-02
1.53E-09,1749503186,1.34E-09,1749503186,-5.00E-11,-1.74E-02
1.52E-09,1749503186,1.34E-09,1749503186,-6.00E-11,-2.10E-02
1.52E-09,1749503186,1.34E-09,1749503186,-6.00E-11,-2.10E-02
1.52E-09,1749503186,1.34E-09,1749503186,-6.00E-11,-2.10E-02
1.52E-09,1749503186,1.34E-09,1749503186,-6.00E-11,-2.10E-02
1.53E-09,1749503186,1.34E-09,1749503186,-5.00E-11,-1.74E-02
1.54E-09,1749503186,1.34E-09,1749503186,-4.00E-11,-1.39E-02
1.54E-09,1749503186,1.34E-09,1749503186,-4.00E-11,-1.39E-02
1.54E-09,1749503186,1.34E-09,1749503187,-4.00E-11,-1.39E-02
1.54E-09,1749503187,1.34E-09,1749503187,-4.00E-11,-1.39E-02
1.54E-09,1749503187,1.34E-09,1749503187,-4.00E-11,-1.39E-02
1.55E-09,1749503187,1.34E-09,1749503187,-3.00E-11,-1.04E-02
1.56E-09,1749503187,1.34E-09,1749503187,-2.00E-11,-6.90E-03
1.56E-09,1749503187,1.34E-09,1749503187,-2.00E-11,-6.90E-03
1.56E-09,1749503187,1.34E-09,1749503187,-2.00E-11,-6.90E-03
1.56E-09,1749503187,1.34E-09,1749503187,-2.00E-11,-6.90E-03
1.56E-09,1749503187,1.34E-09,1749503187,-2.00E-11,-6.90E-03
1.56E-09,1749503187,1.34E-09,1749503187,-2.00E-11,-6.90E-03
1.56E-09,1749503187,1.35E-09,1749503187,-3.00E-11,-1.03E-02
1.56E-09,1749503187,1.35E-09,1749503187,-3.00E-11,-1.03E-02
1.56E-09,1749503187,1.35E-09,1749503187,-3.00E-11,-1.03E-02
1.56E-09,1749503187,1.35E-09,1749503187,-3.00E-11,-1.03E-02
1.56E-09,1749503187,1.35E-09,1749503187,-3.00E-11,-1.03E-02
1.56E-09,1749503187,1.35E-09,1749503188,-3.00E-11,-1.03E-02
1.56E-09,1749503188,1.35E-09,1749503188,-3.00E-11,-1.03E-02
1.57E-09,1749503188,1.35E-09,1749503188,-2.00E-11,-6.85E-03
1.57E-09,1749503188,1.35E-09,1749503188,-2.00E-11,-6.85E-03
1.56E-09,1749503188,1.36E-09,1749503188,-4.00E-11,-1.37E-02
1.55E-09,1749503188,1.36E-09,1749503188,-5.00E-11,-1.72E-02
1.56E-09,1749503188,1.36E-09,1749503188,-4.00E-11,-1.37E-02
1.55E-09,1749503188,1.36E-09,1749503188,-5.00E-11,-1.72E-02
1.56E-09,1749503188,1.37E-09,1749503188,-5.00E-11,-1.71E-02
1.55E-09,1749503188,1.37E-09,1749503188,-6.00E-11,-2.05E-02
1.54E-09,1749503188,1.37E-09,1749503188,-7.00E-11,-2.41E-02
1.55E-09,1749503188,1.37E-09,1749503188,-6.00E-11,-2.05E-02
1.54E-09,1749503188,1.37E-09,1749503188,-7.00E-11,-2.41E-02
1.54E-09,1749503188,1.37E-09,1749503188,-7.00E-11,-2.41E-02
1.55E-09,1749503188,1.37E-09,1749503188,-6.00E-11,-2.05E-02
1.55E-09,1749503189,1.37E-09,1749503189,-6.00E-11,-2.05E-02
1.56E-09,1749503189,1.37E-09,1749503189,-5.00E-11,-1.71E-02
1.55E-09,1749503189,1.37E-09,1749503189,-6.00E-11,-2.05E-02
1.56E-09,1749503189,1.37E-09,1749503189,-5.00E-11,-1.71E-02
1.56E-09,1749503189,1.37E-09,1749503189,-5.00E-11,-1.71E-02
1.55E-09,1749503189,1.37E-09,1749503189,-6.00E-11,-2.05E-02
1.55E-09,1749503189,1.37E-09,1749503189,-6.00E-11,-2.05E-02
1.56E-09,1749503189,1.37E-09,1749503189,-5.00E-11,-1.71E-02
1.56E-09,1749503189,1.38E-09,1749503189,-6.00E-11,-2.04E-02
1.55E-09,1749503189,1.38E-09,1749503189,-7.00E-11,-2.39E-02
1.55E-09,1749503189,1.38E-09,1749503189,-7.00E-11,-2.39E-02
1.55E-09,1749503189,1.38E-09,1749503189,-7.00E-11,-2.39E-02
1.54E-09,1749503189,1.38E-09,1749503189,-8.00E-11,-2.74E-02
1.55E-09,1749503189,1.38E-09,1749503189,-7.00E-11,-2.39E-02
1.56E-09,1749503189,1.38E-09,1749503189,-6.00E-11,-2.04E-02
1.55E-09,1749503190,1.38E-09,1749503190,-7.00E-11,-2.39E-02
1.55E-09,1749503190,1.38E-09,1749503190,-7.00E-11,-2.39E-02
1.56E-09,1749503190,1.38E-09,1749503190,-6.00E-11,-2.04E-02
1.56E-09,1749503190,1.38E-09,1749503190,-6.00E-11,-2.04E-02
1.56E-09,1749503190,1.37E-09,1749503190,-5.00E-11,-1.71E-02
1.55E-09,1749503190,1.37E-09,1749503190,-6.00E-11,-2.05E-02
1.55E-09,1749503190,1.37E-09,1749503190,-6.00E-11,-2.05E-02
1.56E-09,1749503190,1.37E-09,1749503190,-5.00E-11,-1.71E-02
1.56E-09,1749503190,1.37E-09,1749503190,-5.00E-11,-1.71E-02
1.55E-09,1749503190,1.37E-09,1749503190,-6.00E-11,-2.05E-02
1.55E-09,1749503190,1.37E-09,1749503190,-6.00E-11,-2.05E-02
1.55E-09,1749503190,1.37E-09,1749503190,-6.00E-11,-2.05E-02
1.55E-09,1749503190,1.37E-09,1749503190,-6.00E-11,-2.05E-02
1.55E-09,1749503190,1.37E-09,1749503190,-6.00E-11,-2.05E-02
1.56E-09,1749503190,1.37E-09,1749503190,-5.00E-11,-1.71E-02
1.55E-09,1749503191,1.37E-09,1749503191,-6.00E-11,-2.05E-02
1.56E-09,1749503191,1.37E-09,1749503191,-5.00E-11,-1.71E-02
1.56E-09,1749503191,1.36E-09,1749503191,-4.00E-11,-1.37E-02
1.56E-09,1749503191,1.36E-09,1749503191,-4.00E-11,-1.37E-02
1.56E-09,1749503191,1.36E-09,1749503191,-4.00E-11,-1.37E-02
1.57E-09,1749503191,1.36E-09,1749503191,-3.00E-11,-1.02E-02
1.57E-09,1749503191,1.36E-09,1749503191,-3.00E-11,-1.02E-02
1.57E-09,1749503191,1.36E-09,1749503191,-3.00E-11,-1.02E-02
1.57E-09,1749503191,1.36E-09,1749503191,-3.00E-11,-1.02E-02
1.58E-09,1749503191,1.36E-09,1749503191,-2.00E-11,-6.80E-03
1.58E-09,1749503191,1.36E-09,1749503191,-2.00E-11,-6.80E-03
1.58E-09,1749503191,1.36E-09,1749503191,-2.00E-11,-6.80E-03
1.59E-09,1749503191,1.36E-09,1749503191,-1.00E-11,-3.39E-03
1.58E-09,1749503192,1.36E-09,1749503191,-2.00E-11,-6.80E-03
1.58E-09,1749503192,1.36E-09,1749503191,-2.00E-11,-6.80E-03
1.58E-09,1749503192,1.35E-09,1749503192,-1.00E-11,-3.41E-03
1.58E-09,1749503192,1.35E-09,1749503192,-1.00E-11,-3.41E-03
1.58E-09,1749503192,1.36E-09,1749503192,-2.00E-11,-6.80E-03
1.59E-09,1749503192,1.36E-09,1749503192,-1.00E-11,-3.39E-03
1.57E-09,1749503192,1.36E-09,1749503192,-3.00E-11,-1.02E-02
1.58E-09,1749503192,1.36E-09,1749503192,-2.00E-11,-6.80E-03
1.57E-09,1749503192,1.36E-09,1749503192,-3.00E-11,-1.02E-02
1.58E-09,1749503192,1.36E-09,1749503192,-2.00E-11,-6.80E-03
1.58E-09,1749503192,1.35E-09,1749503192,-1.00E-11,-3.41E-03
1.58E-09,1749503192,1.35E-09,1749503192,-1.00E-11,-3.41E-03
1.58E-09,1749503192,1.35E-09,1749503192,-1.00E-11,-3.41E-03
1.58E-09,1749503192,1.35E-09,1749503192,-1.00E-11,-3.41E-03
1.59E-09,1749503192,1.35E-09,1749503192,0.00E+00,0.00E+00
1.60E-09,1749503193,1.35E-09,1749503192,1.00E-11,3.39E-03
1.59E-09,1749503193,1.35E-09,1749503192,0.00E+00,0.00E+00
1.59E-09,1749503193,1.35E-09,1749503193,0.00E+00,0.00E+00
1.59E-09,1749503193,1.35E-09,1749503193,0.00E+00,0.00E+00
1.59E-09,1749503193,1.35E-09,1749503193,0.00E+00,0.00E+00
1.58E-09,1749503193,1.35E-09,1749503193,-1.00E-11,-3.41E-03
1.59E-09,1749503193,1.35E-09,1749503193,0.00E+00,0.00E+00
1.60E-09,1749503193,1.35E-09,1749503193,1.00E-11,3.39E-03
1.59E-09,1749503193,1.35E-09,1749503193,0.00E+00,0.00E+00
1.60E-09,1749503193,1.35E-09,1749503193,1.00E-11,3.39E-03
1.59E-09,1749503193,1.35E-09,1749503193,0.00E+00,0.00E+00
1.59E-09,1749503193,1.35E-09,1749503193,0.00E+00,0.00E+00
1.59E-09,1749503193,1.35E-09,1749503193,0.00E+00,0.00E+00
1.59E-09,1749503194,1.35E-09,1749503193,0.00E+00,0.00E+00
1.59E-09,1749503194,1.35E-09,1749503193,0.00E+00,0.00E+00
1.59E-09,1749503194,1.35E-09,1749503193,0.00E+00,0.00E+00
1.60E-09,1749503194,1.35E-09,1749503193,1.00E-11,3.39E-03
1.59E-09,1749503194,1.35E-09,1749503194,0.00E+00,0.00E+00
1.59E-09,1749503194,1.35E-09,1749503194,0.00E+00,0.00E+00
1.58E-09,1749503194,1.35E-09,1749503194,-1.00E-11,-3.41E-03
1.58E-09,1749503194,1.35E-09,1749503194,-1.00E-11,-3.41E-03
1.59E-09,1749503194,1.36E-09,1749503194,-1.00E-11,-3.39E-03
1.59E-09,1749503194,1.36E-09,1749503194,-1.00E-11,-3.39E-03
1.59E-09,1749503194,1.36E-09,1749503194,-1.00E-11,-3.39E-03
1.58E-09,1749503194,1.36E-09,1749503194,-2.00E-11,-6.80E-03
1.59E-09,1749503194,1.36E-09,1749503194,-1.00E-11,-3.39E-03
1.58E-09,1749503194,1.36E-09,1749503194,-2.00E-11,-6.80E-03
1.59E-09,1749503195,1.36E-09,1749503194,-1.00E-11,-3.39E-03
1.59E-09,1749503195,1.36E-09,1749503194,-1.00E-11,-3.39E-03
1.58E-09,1749503195,1.36E-09,1749503194,-2.00E-11,-6.80E-03
1.58E-09,1749503195,1.36E-09,1749503194,-2.00E-11,-6.80E-03
1.58E-09,1749503195,1.36E-09,1749503194,-2.00E-11,-6.80E-03
1.59E-09,1749503195,1.36E-09,1749503195,-1.00E-11,-3.39E-03
1.59E-09,1749503195,1.36E-09,1749503195,-1.00E-11,-3.39E-03
1.58E-09,1749503195,1.36E-09,1749503195,-2.00E-11,-6.80E-03
1.59E-09,1749503195,1.36E-09,1749503195,-1.00E-11,-3.39E-03
1.58E-09,1749503195,1.36E-09,1749503195,-2.00E-11,-6.80E-03
1.59E-09,1749503195,1.35E-09,1749503195,0.00E+00,0.00E+00
1.59E-09,1749503195,1.35E-09,1749503195,0.00E+00,0.00E+00
1.59E-09,1749503195,1.35E-09,1749503195,0.00E+00,0.00E+00
1.59E-09,1749503195,1.35E-09,1749503195,0.00E+00,0.00E+00
1.58E-09,1749503195,1.35E-09,1749503195,-1.00E-11,-3.41E-03
1.59E-09,1749503196,1.35E-09,1749503195,0.00E+00,0.00E+00
1.58E-09,1749503196,1.35E-09,1749503195,-1.00E-11,-3.41E-03
1.59E-09,1749503196,1.35E-09,1749503195,0.00E+00,0.00E+00
1.60E-09,1749503196,1.35E-09,1749503195,1.00E-11,3.39E-03
1.59E-09,1749503196,1.34E-09,1749503196,1.00E-11,3.41E-03
1.59E-09,1749503196,1.34E-09,1749503196,1.00E-11,3.41E-03
1.58E-09,1749503196,1.34E-09,1749503196,0.00E+00,0.00E+00
1.58E-09,1749503196,1.34E-09,1749503196,0.00E+00,0.00E+00
1.59E-09,1749503196,1.34E-09,1749503196,1.00E-11,3.41E-03
1.59E-09,1749503196,1.34E-09,1749503196,1.00E-11,3.41E-03
1.59E-09,1749503196,1.34E-09,1749503196,1.00E-11,3.41E-03
1.59E-09,1749503196,1.34E-09,1749503196,1.00E-11,3.41E-03
1.59E-09,1749503196,1.34E-09,1749503196,1.00E-11,3.41E-03
1.59E-09,1749503196,1.34E-09,1749503196,1.00E-11,3.41E-03
1.58E-09,1749503196,1.34E-09,1749503196,0.00E+00,0.00E+00
1.59E-09,1749503197,1.34E-09,1749503196,1.00E-11,3.41E-03
1.59E-09,1749503197,1.34E-09,1749503196,1.00E-11,3.41E-03
1.59E-09,1749503197,1.34E-09,1749503196,1.00E-11,3.41E-03
1.60E-09,1749503197,1.34E-09,1749503197,2.00E-11,6.80E-03
1.59E-09,1749503197,1.33E-09,1749503197,2.00E-11,6.85E-03
1.60E-09,1749503197,1.33E-09,1749503197,3.00E-11,1.02E-02
1.60E-09,1749503197,1.33E-09,1749503197,3.00E-11,1.02E-02
1.60E-09,1749503197,1.33E-09,1749503197,3.00E-11,1.02E-02
1.60E-09,1749503197,1.33E-09,1749503197,3.00E-11,1.02E-02
1.60E-09,1749503197,1.33E-09,1749503197,3.00E-11,1.02E-02
1.61E-09,1749503197,1.33E-09,1749503197,4.00E-11,1.36E-02
1.62E-09,1749503197,1.33E-09,1749503197,5.00E-11,1.69E-02
1.61E-09,1749503197,1.33E-09,1749503197,4.00E-11,1.36E-02
1.61E-09,1749503197,1.33E-09,1749503197,4.00E-11,1.36E-02
1.61E-09,1749503197,1.33E-09,1749503197,4.00E-11,1.36E-02
1.61E-09,1749503198,1.33E-09,1749503197,4.00E-11,1.36E-02
1.61E-09,1749503198,1.33E-09,1749503197,4.00E-11,1.36E-02
1.61E-09,1749503198,1.33E-09,1749503197,4.00E-11,1.36E-02
1.61E-09,1749503198,1.33E-09,1749503198,4.00E-11,1.36E-02
1.62E-09,1749503198,1.33E-09,1749503198,5.00E-11,1.69E-02
1.61E-09,1749503198,1.33E-09,1749503198,4.00E-11,1.36E-02
1.61E-09,1749503198,1.33E-09,1749503198,4.00E-11,1.36E-02
1.61E-09,1749503198,1.33E-09,1749503198,4.00E-11,1.36E-02
1.61E-09,1749503198,1.33E-09,1749503198,4.00E-11,1.36E-02
1.61E-09,1749503198,1.33E-09,1749503198,4.00E-11,1.36E-02
1.60E-09,1749503198,1.33E-09,1749503198,3.00E-11,1.02E-02
1.60E-09,1749503198,1.33E-09,1749503198,3.00E-11,1.02E-02
1.60E-09,1749503198,1.33E-09,1749503198,3.00E-11,1.02E-02
1.60E-09,1749503198,1.34E-09,1749503198,2.00E-11,6.80E-03
1.59E-09,1749503198,1.34E-09,1749503198,1.00E-11,3.41E-03
1.59E-09,1749503199,1.34E-09,1749503198,1.00E-11,3.41E-03
1.59E-09,1749503199,1.34E-09,1749503198,1.00E-11,3.41E-03
1.59E-09,1749503199,1.34E-09,1749503198,1.00E-11,3.41E-03
1.58E-09,1749503199,1.34E-09,1749503199,0.00E+00,0.00E+00
1.59E-09,1749503199,1.33E-09,1749503199,2.00E-11,6.85E-03
1.58E-09,1749503199,1.33E-09,1749503199,1.00E-11,3.44E-03
1.57E-09,1749503199,1.33E-09,1749503199,0.00E+00,0.00E+00
1.57E-09,1749503199,1.33E-09,1749503199,0.00E+00,0.00E+00
1.57E-09,1749503199,1.33E-09,1749503199,0.00E+00,0.00E+00
1.56E-09,1749503199,1.33E-09,1749503199,-1.00E-11,-3.46E-03
1.56E-09,1749503199,1.33E-09,1749503199,-1.00E-11,-3.46E-03
1.56E-09,1749503199,1.33E-09,1749503199,-1.00E-11,-3.46E-03
1.56E-09,1749503199,1.34E-09,1749503199,-2.00E-11,-6.90E-03
1.55E-09,1749503199,1.34E-09,1749503199,-3.00E-11,-1.04E-02
1.56E-09,1749503199,1.34E-09,1749503199,-2.00E-11,-6.90E-03
1.55E-09,1749503200,1.34E-09,1749503199,-3.00E-11,-1.04E-02
1.55E-09,1749503200,1.34E-09,1749503199,-3.00E-11,-1.04E-02
1.56E-09,1749503200,1.35E-09,1749503200,-3.00E-11,-1.03E-02
1.55E-09,1749503200,1.35E-09,1749503200,-4.00E-11,-1.38E-02
1.55E-09,1749503200,1.35E-09,1749503200,-4.00E-11,-1.38E-02
1.55E-09,1749503200,1.35E-09,1749503200,-4.00E-11,-1.38E-02
1.56E-09,1749503200,1.35E-09,1749503200,-3.00E-11,-1.03E-02
1.56E-09,1749503200,1.35E-09,1749503200,-3.00E-11,-1.03E-02
1.55E-09,1749503200,1.35E-09,1749503200,-4.00E-11,-1.38E-02
1.55E-09,1749503200,1.35E-09,1749503200,-4.00E-11,-1.38E-02
1.56E-09,1749503200,1.35E-09,1749503200,-3.00E-11,-1.03E-02
1.56E-09,1749503200,1.34E-09,1749503200,-2.00E-11,-6.90E-03
1.56E-09,1749503200,1.35E-09,1749503200,-3.00E-11,-1.03E-02
1.57E-09,1749503200,1.35E-09,1749503200,-2.00E-11,-6.85E-03
1.57E-09,1749503200,1.34E-09,1749503200,-1.00E-11,-3.44E-03
1.57E-09,1749503201,1.35E-09,1749503200,-2.00E-11,-6.85E-03
1.57E-09,1749503201,1.35E-09,1749503200,-2.00E-11,-6.85E-03
1.58E-09,1749503201,1.35E-09,1749503201,-1.00E-11,-3.41E-03
1.57E-09,1749503201,1.35E-09,1749503201,-2.00E-11,-6.85E-03
1.58E-09,1749503201,1.34E-09,1749503201,0.00E+00,0.00E+00
1.59E-09,1749503201,1.34E-09,1749503201,1.00E-11,3.41E-03
1.58E-09,1749503201,1.34E-09,1749503201,0.00E+00,0.00E+00
1.59E-09,1749503201,1.34E-09,1749503201,1.00E-11,3.41E-03
1.60E-09,1749503201,1.34E-09,1749503201,2.00E-11,6.80E-03
1.60E-09,1749503201,1.34E-09,1749503201,2.00E-11,6.80E-03
1.61E-09,1749503201,1.33E-09,1749503201,4.00E-11,1.36E-02
1.61E-09,1749503201,1.33E-09,1749503201,4.00E-11,1.36E-02
1.61E-09,1749503201,1.33E-09,1749503201,4.00E-11,1.36E-02
1.61E-09,1749503201,1.33E-09,1749503201,4.00E-11,1.36E-02
1.62E-09,1749503201,1.33E-09,1749503201,5.00E-11,1.69E-02
1.62E-09,1749503202,1.33E-09,1749503201,5.00E-11,1.69E-02
1.62E-09,1749503202,1.32E-09,1749503201,6.00E-11,2.04E-02
1.62E-09,1749503202,1.32E-09,1749503202,6.00E-11,2.04E-02
1.63E-09,1749503202,1.32E-09,1749503202,7.00E-11,2.37E-02
1.63E-09,1749503202,1.32E-09,1749503202,7.00E-11,2.37E-02
1.63E-09,1749503202,1.31E-09,1749503202,8.00E-11,2.72E-02
1.62E-09,1749503202,1.31E-09,1749503202,7.00E-11,2.39E-02
1.62E-09,1749503202,1.31E-09,1749503202,7.00E-11,2.39E-02
1.62E-09,1749503202,1.32E-09,1749503202,6.00E-11,2.04E-02
1.61E-09,1749503202,1.32E-09,1749503202,5.00E-11,1.71E-02
1.62E-09,1749503202,1.33E-09,1749503202,5.00E-11,1.69E-02
1.61E-09,1749503202,1.33E-09,1749503202,4.00E-11,1.36E-02
1.61E-09,1749503202,1.33E-09,1749503202,4.00E-11,1.36E-02
1.62E-09,1749503202,1.33E-09,1749503202,5.00E-11,1.69E-02
1.61E-09,1749503202,1.32E-09,1749503202,5.00E-11,1.71E-02
1.61E-09,1749503203,1.32E-09,1749503202,5.00E-11,1.71E-02
1.62E-09,1749503203,1.31E-09,1749503202,7.00E-11,2.39E-02
1.62E-09,1749503203,1.31E-09,1749503203,7.00E-11,2.39E-02
1.63E-09,1749503203,1.31E-09,1749503203,8.00E-11,2.72E-02
1.62E-09,1749503203,1.31E-09,1749503203,7.00E-11,2.39E-02
1.62E-09,1749503203,1.31E-09,1749503203,7.00E-11,2.39E-02
1.62E-09,1749503203,1.31E-09,1749503203,7.00E-11,2.39E-02
1.63E-09,1749503203,1.31E-09,1749503203,8.00E-11,2.72E-02
1.63E-09,1749503203,1.31E-09,1749503203,8.00E-11,2.72E-02
1.62E-09,1749503203,1.31E-09,1749503203,7.00E-11,2.39E-02
1.62E-09,1749503203,1.31E-09,1749503203,7.00E-11,2.39E-02
1.62E-09,1749503203,1.31E-09,1749503203,7.00E-11,2.39E-02
,,1.31E-09,1749503203,,
,,1.31E-09,1749503203,,