Equation,alpha(rad),beta(rad),gamma(rad)
F = 6642.28*Sdiff + -11.9704,0.682574448412267,4.764894707185634,3.9204276011371233
F = 17605.5*Sdiff + 87.446,0.682574448412267,4.729890889318337,5.495599405165431
F = 6642.28*Sdiff + -11.9704,0.682574448412267,7.075146686427152,6.230679580378642
F = 17605.5*Sdiff + 87.446,0.682574448412267,5.499974882398844,6.265683398245938
F = 849.669*Sdiff + -39.6121,0.7000763573459148,6.882625688157026,0.6300687216113233
F = 1361.83*Sdiff + -31.2985,0.7000763573459148,7.110150504294448,1.2776393521562945
F = 919.596*Sdiff + -42.7638,0.7000763573459148,8.545307036853574,2.0652252541704486
F = 849.963*Sdiff + -40.4331,0.7000763573459148,5.342457701996013,2.170236707772336
F = 2111.36*Sdiff + -54.9089,0.7000763573459148,7.67021159017118,2.3802596149761106
F = 1371.54*Sdiff + -48.2081,0.7000763573459148,5.990028332540984,2.3977615239097583
F = 919.596*Sdiff + -42.7638,0.7000763573459148,8.930349033393828,2.4502672507107017
F = 2084.74*Sdiff + -24.6346,0.7000763573459148,7.0926485953608,2.9578226097864904
F = 2111.36*Sdiff + -54.9089,0.7000763573459148,8.615314672588164,3.3253626973930954
F = 917.451*Sdiff + -37.2018,0.7000763573459148,6.777614234555138,3.8329180564688836
F = 1361.83*Sdiff + -31.2985,0.7000763573459148,9.71793493540798,3.8854237832698275
F = 2084.74*Sdiff + -24.6346,0.7000763573459148,8.037751677777784,3.902925692203475
F = 6926.2*Sdiff + 19.4049,0.7000763573459148,4.764894707185634,3.9204276011371233
F = 849.669*Sdiff + -39.6121,0.7000763573459148,10.365505565952953,4.112948599407249
F = 917.451*Sdiff + -37.2018,0.7000763573459148,7.162656231095392,4.217960053009137
F = 1371.54*Sdiff + -48.2081,0.7000763573459148,8.597812763654517,5.005545955023291
F = 849.963*Sdiff + -40.4331,0.7000763573459148,8.825337579791938,5.653116585568262
F = 6926.2*Sdiff + 19.4049,0.7000763573459148,7.075146686427152,6.230679580378642
F = 7506.56*Sdiff + -74.731,0.7175782662795627,8.632816581521812,0.05250572680094361
F = 916.514*Sdiff + -17.4239,0.7175782662795627,6.882625688157026,0.6300687216113233
F = 1476.52*Sdiff + -7.67381,0.7175782662795627,7.110150504294448,1.2776393521562945
F = 989.873*Sdiff + -21.0976,0.7175782662795627,8.545307036853574,2.0652252541704486
F = 916.34*Sdiff + -18.3819,0.7175782662795627,5.342457701996013,2.170236707772336
F = 7506.56*Sdiff + -74.731,0.7175782662795627,10.943068560763331,2.3627577060424625
F = 2253.8*Sdiff + -35.0725,0.7175782662795627,7.67021159017118,2.3802596149761106
F = 1470.77*Sdiff + -27.4089,0.7175782662795627,5.990028332540984,2.3977615239097583
F = 989.873*Sdiff + -21.0976,0.7175782662795627,8.930349033393828,2.4502672507107017
F = 2269.61*Sdiff + 0.262897,0.7175782662795627,7.0926485953608,2.9578226097864904
F = 2253.8*Sdiff + -35.0725,0.7175782662795627,8.615314672588164,3.3253626973930954
F = 991.144*Sdiff + -14.6073,0.7175782662795627,6.777614234555138,3.8329180564688836
F = 1476.52*Sdiff + -7.67381,0.7175782662795627,9.71793493540798,3.8854237832698275
F = 2269.61*Sdiff + 0.262897,0.7175782662795627,8.037751677777784,3.902925692203475
F = 7702.41*Sdiff + 54.3043,0.7175782662795627,4.764894707185634,3.9204276011371233
F = 916.514*Sdiff + -17.4239,0.7175782662795627,10.365505565952953,4.112948599407249
F = 991.144*Sdiff + -14.6073,0.7175782662795627,7.162656231095392,4.217960053009137
F = 1470.77*Sdiff + -27.4089,0.7175782662795627,8.597812763654517,5.005545955023291
F = 916.34*Sdiff + -18.3819,0.7175782662795627,8.825337579791938,5.653116585568262
F = 7702.41*Sdiff + 54.3043,0.7175782662795627,7.075146686427152,6.230679580378642
F = 7899.33*Sdiff + -57.3705,0.7350801752132106,8.632816581521812,0.05250572680094361
F = 1047.14*Sdiff + 4.64183,0.7350801752132106,6.882625688157026,0.6300687216113233
F = 1707.27*Sdiff + 16.1791,0.7350801752132106,7.110150504294448,1.2776393521562945
F = 1125.57*Sdiff + 0.370514,0.7350801752132106,8.545307036853574,2.0652252541704486
F = 1045.66*Sdiff + 3.52391,0.7350801752132106,5.342457701996013,2.170236707772336
F = 7899.33*Sdiff + -57.3705,0.7350801752132106,10.943068560763331,2.3627577060424625
F = 2515.78*Sdiff + -15.4854,0.7350801752132106,7.67021159017118,2.3802596149761106
F = 1658.25*Sdiff + -6.8671,0.7350801752132106,5.990028332540984,2.3977615239097583
F = 1125.57*Sdiff + 0.370514,0.7350801752132106,8.930349033393828,2.4502672507107017
F = 2650.3*Sdiff + 25.816,0.7350801752132106,7.0926485953608,2.9578226097864904
F = 2515.78*Sdiff + -15.4854,0.7350801752132106,8.615314672588164,3.3253626973930954
F = 1136.41*Sdiff + 7.94443,0.7350801752132106,6.777614234555138,3.8329180564688836
F = 1707.27*Sdiff + 16.1791,0.7350801752132106,9.71793493540798,3.8854237832698275
F = 2650.3*Sdiff + 25.816,0.7350801752132106,8.037751677777784,3.902925692203475
F = 9504.69*Sdiff + 96.7336,0.7350801752132106,4.764894707185634,3.9204276011371233
F = 1047.14*Sdiff + 4.64183,0.7350801752132106,10.365505565952953,4.112948599407249
F = 1136.41*Sdiff + 7.94443,0.7350801752132106,7.162656231095392,4.217960053009137
F = 1658.25*Sdiff + -6.8671,0.7350801752132106,8.597812763654517,5.005545955023291
F = 1045.66*Sdiff + 3.52391,0.7350801752132106,8.825337579791938,5.653116585568262
F = 9504.69*Sdiff + 96.7336,0.7350801752132106,7.075146686427152,6.230679580378642
F = 8458.68*Sdiff + -38.2517,0.7525820841468585,8.632816581521812,0.05250572680094361
F = 1301.73*Sdiff + 28.5805,0.7525820841468585,6.882625688157026,0.6300687216113233
F = 2176.23*Sdiff + 43.3162,0.7525820841468585,7.110150504294448,1.2776393521562945
F = 1385.68*Sdiff + 23.3284,0.7525820841468585,8.545307036853574,2.0652252541704486
F = 1296.62*Sdiff + 27.1952,0.7525820841468585,5.342457701996013,2.170236707772336
F = 8458.68*Sdiff + -38.2517,0.7525820841468585,10.943068560763331,2.3627577060424625
F = 2986.35*Sdiff + 4.74584,0.7525820841468585,7.67021159017118,2.3802596149761106
F = 2007.07*Sdiff + 14.6794,0.7525820841468585,5.990028332540984,2.3977615239097583
F = 1385.68*Sdiff + 23.3284,0.7525820841468585,8.930349033393828,2.4502672507107017
F = 3451.02*Sdiff + 56.2903,0.7525820841468585,7.0926485953608,2.9578226097864904
F = 2986.35*Sdiff + 4.74584,0.7525820841468585,8.615314672588164,3.3253626973930954
F = 1423.08*Sdiff + 32.7168,0.7525820841468585,6.777614234555138,3.8329180564688836
F = 2176.23*Sdiff + 43.3162,0.7525820841468585,9.71793493540798,3.8854237832698275
F = 3451.02*Sdiff + 56.2903,0.7525820841468585,8.037751677777784,3.902925692203475
F = 1301.73*Sdiff + 28.5805,0.7525820841468585,10.365505565952953,4.112948599407249
F = 1423.08*Sdiff + 32.7168,0.7525820841468585,7.162656231095392,4.217960053009137
F = 2007.07*Sdiff + 14.6794,0.7525820841468585,8.597812763654517,5.005545955023291
F = 1296.62*Sdiff + 27.1952,0.7525820841468585,8.825337579791938,5.653116585568262
F = 14661.2*Sdiff + -53.0965,0.7700839930805063,10.207988385550122,0.01750190893364787
F = 9224.65*Sdiff + -16.1154,0.7700839930805063,8.632816581521812,0.05250572680094361
F = 1860.78*Sdiff + 62.8334,0.7700839930805063,6.882625688157026,0.6300687216113233
F = 14661.2*Sdiff + -53.0965,0.7700839930805063,10.978072378630626,0.7875859020141542
F = 3293.53*Sdiff + 87.0541,0.7700839930805063,7.110150504294448,1.2776393521562945
F = 1939.23*Sdiff + 54.9096,0.7700839930805063,8.545307036853574,2.0652252541704486
F = 1843.26*Sdiff + 60.7086,0.7700839930805063,5.342457701996013,2.170236707772336
F = 9224.65*Sdiff + -16.1154,0.7700839930805063,10.943068560763331,2.3627577060424625
F = 3879.17*Sdiff + 29.6172,0.7700839930805063,7.67021159017118,2.3802596149761106
F = 2710.38*Sdiff + 42.6335,0.7700839930805063,5.990028332540984,2.3977615239097583
F = 1939.23*Sdiff + 54.9096,0.7700839930805063,8.930349033393828,2.4502672507107017
F = 5496.05*Sdiff + 111.321,0.7700839930805063,7.0926485953608,2.9578226097864904
F = 3879.17*Sdiff + 29.6172,0.7700839930805063,8.615314672588164,3.3253626973930954
F = 2067.64*Sdiff + 69.3275,0.7700839930805063,6.777614234555138,3.8329180564688836
F = 3293.53*Sdiff + 87.0541,0.7700839930805063,9.71793493540798,3.8854237832698275
F = 5496.05*Sdiff + 111.321,0.7700839930805063,8.037751677777784,3.902925692203475
F = 1860.78*Sdiff + 62.8334,0.7700839930805063,10.365505565952953,4.112948599407249
F = 2067.64*Sdiff + 69.3275,0.7700839930805063,7.162656231095392,4.217960053009137
F = 2710.38*Sdiff + 42.6335,0.7700839930805063,8.597812763654517,5.005545955023291
F = 1843.26*Sdiff + 60.7086,0.7700839930805063,8.825337579791938,5.653116585568262
F = 12840.1*Sdiff + -18.9847,0.7875859020141542,10.207988385550122,0.01750190893364787
F = 10238.4*Sdiff + 11.3941,0.7875859020141542,8.632816581521812,0.05250572680094361
F = 12840.1*Sdiff + -18.9847,0.7875859020141542,10.978072378630626,0.7875859020141542
F = 10238.4*Sdiff + 11.3941,0.7875859020141542,10.943068560763331,2.3627577060424625
F = 5868.63*Sdiff + 73.6397,0.7875859020141542,7.67021159017118,2.3802596149761106
F = 4489.68*Sdiff + 100.147,0.7875859020141542,5.990028332540984,2.3977615239097583
F = 5868.63*Sdiff + 73.6397,0.7875859020141542,8.615314672588164,3.3253626973930954
F = 4489.68*Sdiff + 100.147,0.7875859020141542,8.597812763654517,5.005545955023291
F = 16913.9*Sdiff + -60.2632,0.7875859020141542,4.729890889318337,5.495599405165431
F = 16913.9*Sdiff + -60.2632,0.7875859020141542,5.499974882398844,6.265683398245938
F = 11204.1*Sdiff + 13.2964,0.805087810947802,10.207988385550122,0.01750190893364787
F = 11523.4*Sdiff + 48.1337,0.805087810947802,8.632816581521812,0.05250572680094361
F = 11204.1*Sdiff + 13.2964,0.805087810947802,10.978072378630626,0.7875859020141542
F = 11523.4*Sdiff + 48.1337,0.805087810947802,10.943068560763331,2.3627577060424625
F = 10516.4*Sdiff + -41.2308,0.805087810947802,4.764894707185634,3.9204276011371233
F = 10863.5*Sdiff + -16.6934,0.805087810947802,4.729890889318337,5.495599405165431
F = 10516.4*Sdiff + -41.2308,0.805087810947802,7.075146686427152,6.230679580378642
F = 10863.5*Sdiff + -16.6934,0.805087810947802,5.499974882398844,6.265683398245938
F = 9847*Sdiff + 41.2827,0.8225897198814499,10.207988385550122,0.01750190893364787
F = 13026.4*Sdiff + 99.7386,0.8225897198814499,8.632816581521812,0.05250572680094361
F = 9847*Sdiff + 41.2827,0.8225897198814499,10.978072378630626,0.7875859020141542
F = 3312.42*Sdiff + -60.0193,0.8225897198814499,7.110150504294448,1.2776393521562945
F = 13026.4*Sdiff + 99.7386,0.8225897198814499,10.943068560763331,2.3627577060424625
F = 4143.2*Sdiff + -45.9652,0.8225897198814499,7.0926485953608,2.9578226097864904
F = 2747.86*Sdiff + -75.3166,0.8225897198814499,6.777614234555138,3.8329180564688836
F = 3312.42*Sdiff + -60.0193,0.8225897198814499,9.71793493540798,3.8854237832698275
F = 4143.2*Sdiff + -45.9652,0.8225897198814499,8.037751677777784,3.902925692203475
F = 6555.48*Sdiff + -10.4315,0.8225897198814499,4.764894707185634,3.9204276011371233
F = 2747.86*Sdiff + -75.3166,0.8225897198814499,7.162656231095392,4.217960053009137
F = 7868.11*Sdiff + 9.14339,0.8225897198814499,4.729890889318337,5.495599405165431
F = 6555.48*Sdiff + -10.4315,0.8225897198814499,7.075146686427152,6.230679580378642
F = 7868.11*Sdiff + 9.14339,0.8225897198814499,5.499974882398844,6.265683398245938
F = 8778.13*Sdiff + 64.3115,0.8400916288150978,10.207988385550122,0.01750190893364787
F = 1568.87*Sdiff + -53.3641,0.8400916288150978,6.882625688157026,0.6300687216113233
F = 8778.13*Sdiff + 64.3115,0.8400916288150978,10.978072378630626,0.7875859020141542
F = 2018.31*Sdiff + -37.0315,0.8400916288150978,7.110150504294448,1.2776393521562945
F = 1879.89*Sdiff + -61.8948,0.8400916288150978,8.545307036853574,2.0652252541704486
F = 1609.58*Sdiff + -55.4228,0.8400916288150978,5.342457701996013,2.170236707772336
F = 3451.4*Sdiff + -80.8696,0.8400916288150978,5.990028332540984,2.3977615239097583
F = 1879.89*Sdiff + -61.8948,0.8400916288150978,8.930349033393828,2.4502672507107017
F = 2653.22*Sdiff + -26.6015,0.8400916288150978,7.0926485953608,2.9578226097864904
F = 1579.89*Sdiff + -47.8924,0.8400916288150978,6.777614234555138,3.8329180564688836
F = 2018.31*Sdiff + -37.0315,0.8400916288150978,9.71793493540798,3.8854237832698275
F = 2653.22*Sdiff + -26.6015,0.8400916288150978,8.037751677777784,3.902925692203475
F = 4786.29*Sdiff + 3.77364,0.8400916288150978,4.764894707185634,3.9204276011371233
F = 1568.87*Sdiff + -53.3641,0.8400916288150978,10.365505565952953,4.112948599407249
F = 1579.89*Sdiff + -47.8924,0.8400916288150978,7.162656231095392,4.217960053009137
F = 3451.4*Sdiff + -80.8696,0.8400916288150978,8.597812763654517,5.005545955023291
F = 6195.47*Sdiff + 23.9696,0.8400916288150978,4.729890889318337,5.495599405165431
F = 1609.58*Sdiff + -55.4228,0.8400916288150978,8.825337579791938,5.653116585568262
F = 4786.29*Sdiff + 3.77364,0.8400916288150978,7.075146686427152,6.230679580378642
F = 6195.47*Sdiff + 23.9696,0.8400916288150978,5.499974882398844,6.265683398245938
F = 7968.04*Sdiff + 82.6882,0.8575935377487457,10.207988385550122,0.01750190893364787
F = 1110.55*Sdiff + -44.2927,0.8575935377487457,6.882625688157026,0.6300687216113233
F = 7968.04*Sdiff + 82.6882,0.8575935377487457,10.978072378630626,0.7875859020141542
F = 1483.08*Sdiff + -30.0708,0.8575935377487457,7.110150504294448,1.2776393521562945
F = 1305.09*Sdiff + -51.4054,0.8575935377487457,8.545307036853574,2.0652252541704486
F = 1134.03*Sdiff + -46.0272,0.8575935377487457,5.342457701996013,2.170236707772336
F = 2293.21*Sdiff + -66.7119,0.8575935377487457,5.990028332540984,2.3977615239097583
F = 1305.09*Sdiff + -51.4054,0.8575935377487457,8.930349033393828,2.4502672507107017
F = 1993.65*Sdiff + -20.6234,0.8575935377487457,7.0926485953608,2.9578226097864904
F = 1132.46*Sdiff + -39.6213,0.8575935377487457,6.777614234555138,3.8329180564688836
F = 1483.08*Sdiff + -30.0708,0.8575935377487457,9.71793493540798,3.8854237832698275
F = 1993.65*Sdiff + -20.6234,0.8575935377487457,8.037751677777784,3.902925692203475
F = 3839.57*Sdiff + 9.39963,0.8575935377487457,4.764894707185634,3.9204276011371233
F = 1110.55*Sdiff + -44.2927,0.8575935377487457,10.365505565952953,4.112948599407249
F = 1132.46*Sdiff + -39.6213,0.8575935377487457,7.162656231095392,4.217960053009137
F = 2293.21*Sdiff + -66.7119,0.8575935377487457,8.597812763654517,5.005545955023291
F = 5188.5*Sdiff + 31.7473,0.8575935377487457,4.729890889318337,5.495599405165431
F = 1134.03*Sdiff + -46.0272,0.8575935377487457,8.825337579791938,5.653116585568262
F = 3839.57*Sdiff + 9.39963,0.8575935377487457,7.075146686427152,6.230679580378642
F = 5188.5*Sdiff + 31.7473,0.8575935377487457,5.499974882398844,6.265683398245938
F = 7377.45*Sdiff + 97.0808,0.8750954466823936,10.207988385550122,0.01750190893364787
F = 886.665*Sdiff + -44.619,0.8750954466823936,6.882625688157026,0.6300687216113233
F = 7377.45*Sdiff + 97.0808,0.8750954466823936,10.978072378630626,0.7875859020141542
F = 1207.99*Sdiff + -31.0418,0.8750954466823936,7.110150504294448,1.2776393521562945
F = 1031.47*Sdiff + -51.1957,0.8750954466823936,8.545307036853574,2.0652252541704486
F = 903.177*Sdiff + -46.2356,0.8750954466823936,5.342457701996013,2.170236707772336
F = 1772.21*Sdiff + -64.9311,0.8750954466823936,5.990028332540984,2.3977615239097583
F = 1031.47*Sdiff + -51.1957,0.8750954466823936,8.930349033393828,2.4502672507107017
F = 1643.96*Sdiff + -21.7826,0.8750954466823936,7.0926485953608,2.9578226097864904
F = 910.168*Sdiff + -40.2221,0.8750954466823936,6.777614234555138,3.8329180564688836
F = 1207.99*Sdiff + -31.0418,0.8750954466823936,9.71793493540798,3.8854237832698275
F = 1643.96*Sdiff + -21.7826,0.8750954466823936,8.037751677777784,3.902925692203475
F = 3288.11*Sdiff + 9.42553,0.8750954466823936,4.764894707185634,3.9204276011371233
F = 886.665*Sdiff + -44.619,0.8750954466823936,10.365505565952953,4.112948599407249
F = 910.168*Sdiff + -40.2221,0.8750954466823936,7.162656231095392,4.217960053009137
F = 1772.21*Sdiff + -64.9311,0.8750954466823936,8.597812763654517,5.005545955023291
F = 4561.92*Sdiff + 34.4682,0.8750954466823936,4.729890889318337,5.495599405165431
F = 903.177*Sdiff + -46.2356,0.8750954466823936,8.825337579791938,5.653116585568262
F = 3288.11*Sdiff + 9.42553,0.8750954466823936,7.075146686427152,6.230679580378642
F = 4561.92*Sdiff + 34.4682,0.8750954466823936,5.499974882398844,6.265683398245938
F = 6970.19*Sdiff + 108.215,0.8925973556160414,10.207988385550122,0.01750190893364787
F = 763.635*Sdiff + -50.6857,0.8925973556160414,6.882625688157026,0.6300687216113233
F = 6970.19*Sdiff + 108.215,0.8925973556160414,10.978072378630626,0.7875859020141542
F = 1053.52*Sdiff + -37.2843,0.8925973556160414,7.110150504294448,1.2776393521562945
F = 882.728*Sdiff + -56.9995,0.8925973556160414,8.545307036853574,2.0652252541704486
F = 776.656*Sdiff + -52.2486,0.8925973556160414,5.342457701996013,2.170236707772336
F = 1495.61*Sdiff + -69.8161,0.8925973556160414,5.990028332540984,2.3977615239097583
F = 882.728*Sdiff + -56.9995,0.8925973556160414,8.930349033393828,2.4502672507107017
F = 1444.94*Sdiff + -27.932,0.8925973556160414,7.0926485953608,2.9578226097864904
F = 787.14*Sdiff + -46.3984,0.8925973556160414,6.777614234555138,3.8329180564688836
F = 1053.52*Sdiff + -37.2843,0.8925973556160414,9.71793493540798,3.8854237832698275
F = 1444.94*Sdiff + -27.932,0.8925973556160414,8.037751677777784,3.902925692203475
F = 2960.51*Sdiff + 5.09547,0.8925973556160414,4.764894707185634,3.9204276011371233
F = 763.635*Sdiff + -50.6857,0.8925973556160414,10.365505565952953,4.112948599407249
F = 787.14*Sdiff + -46.3984,0.8925973556160414,7.162656231095392,4.217960053009137
F = 1495.61*Sdiff + -69.8161,0.8925973556160414,8.597812763654517,5.005545955023291
F = 4176.98*Sdiff + 33.1525,0.8925973556160414,4.729890889318337,5.495599405165431
F = 776.656*Sdiff + -52.2486,0.8925973556160414,8.825337579791938,5.653116585568262
F = 2960.51*Sdiff + 5.09547,0.8925973556160414,7.075146686427152,6.230679580378642
F = 4176.98*Sdiff + 33.1525,0.8925973556160414,5.499974882398844,6.265683398245938
F = 6717.24*Sdiff + 116.759,0.9100992645496893,10.207988385550122,0.01750190893364787
F = 693.821*Sdiff + -60.7402,0.9100992645496893,6.882625688157026,0.6300687216113233
F = 6717.24*Sdiff + 116.759,0.9100992645496893,10.978072378630626,0.7875859020141542
F = 966.117*Sdiff + -47.5287,0.9100992645496893,7.110150504294448,1.2776393521562945
F = 798.231*Sdiff + -66.7723,0.9100992645496893,8.545307036853574,2.0652252541704486
F = 704.84*Sdiff + -62.2455,0.9100992645496893,5.342457701996013,2.170236707772336
F = 798.231*Sdiff + -66.7723,0.9100992645496893,8.930349033393828,2.4502672507107017
F = 1332.57*Sdiff + -38.0522,0.9100992645496893,7.0926485953608,2.9578226097864904
F = 717.387*Sdiff + -56.5711,0.9100992645496893,6.777614234555138,3.8329180564688836
F = 966.117*Sdiff + -47.5287,0.9100992645496893,9.71793493540798,3.8854237832698275
F = 1332.57*Sdiff + -38.0522,0.9100992645496893,8.037751677777784,3.902925692203475
F = 2776.81*Sdiff + -3.01137,0.9100992645496893,4.764894707185634,3.9204276011371233
F = 693.821*Sdiff + -60.7402,0.9100992645496893,10.365505565952953,4.112948599407249
F = 717.387*Sdiff + -56.5711,0.9100992645496893,7.162656231095392,4.217960053009137
F = 3961.09*Sdiff + 28.3283,0.9100992645496893,4.729890889318337,5.495599405165431
F = 704.84*Sdiff + -62.2455,0.9100992645496893,8.825337579791938,5.653116585568262
F = 2776.81*Sdiff + -3.01137,0.9100992645496893,7.075146686427152,6.230679580378642
F = 3961.09*Sdiff + 28.3283,0.9100992645496893,5.499974882398844,6.265683398245938
F = 6598.49*Sdiff + 123.166,0.9276011734833371,10.207988385550122,0.01750190893364787
F = 6598.49*Sdiff + 123.166,0.9276011734833371,10.978072378630626,0.7875859020141542
F = 920.447*Sdiff + -60.5722,0.9276011734833371,7.110150504294448,1.2776393521562945
F = 1275.94*Sdiff + -51.2155,0.9276011734833371,7.0926485953608,2.9578226097864904
F = 920.447*Sdiff + -60.5722,0.9276011734833371,9.71793493540798,3.8854237832698275
F = 1275.94*Sdiff + -51.2155,0.9276011734833371,8.037751677777784,3.902925692203475
F = 2695.89*Sdiff + -14.5137,0.9276011734833371,4.764894707185634,3.9204276011371233
F = 3874.86*Sdiff + 20.2867,0.9276011734833371,4.729890889318337,5.495599405165431
F = 2695.89*Sdiff + -14.5137,0.9276011734833371,7.075146686427152,6.230679580378642
F = 3874.86*Sdiff + 20.2867,0.9276011734833371,5.499974882398844,6.265683398245938
F = 6605.43*Sdiff + 127.408,0.945103082416985,10.207988385550122,0.01750190893364787
F = 6605.43*Sdiff + 127.408,0.945103082416985,10.978072378630626,0.7875859020141542
F = 2694.16*Sdiff + -28.8442,0.945103082416985,4.764894707185634,3.9204276011371233
F = 3896.73*Sdiff + 9.27617,0.945103082416985,4.729890889318337,5.495599405165431
F = 2694.16*Sdiff + -28.8442,0.945103082416985,7.075146686427152,6.230679580378642
F = 3896.73*Sdiff + 9.27617,0.945103082416985,5.499974882398844,6.265683398245938
F = 6732.37*Sdiff + 129.644,0.9626049913506329,10.207988385550122,0.01750190893364787
F = 6732.37*Sdiff + 129.644,0.9626049913506329,10.978072378630626,0.7875859020141542
F = 2753.63*Sdiff + -44.6621,0.9626049913506329,4.764894707185634,3.9204276011371233
F = 4013.96*Sdiff + -4.24976,0.9626049913506329,4.729890889318337,5.495599405165431
F = 2753.63*Sdiff + -44.6621,0.9626049913506329,7.075146686427152,6.230679580378642
F = 4013.96*Sdiff + -4.24976,0.9626049913506329,5.499974882398844,6.265683398245938
F = 6976.21*Sdiff + 130.123,0.9801069002842808,10.207988385550122,0.01750190893364787
F = 6976.21*Sdiff + 130.123,0.9801069002842808,10.978072378630626,0.7875859020141542
F = 4214.43*Sdiff + -19.1966,0.9801069002842808,4.729890889318337,5.495599405165431
F = 4214.43*Sdiff + -19.1966,0.9801069002842808,5.499974882398844,6.265683398245938
F = 4339.41*Sdiff + -26.495,2.1527347988386882,10.207988385550122,0.01750190893364787
F = 4339.41*Sdiff + -26.495,2.1527347988386882,10.978072378630626,0.7875859020141542
F = 7141.69*Sdiff + 129.78,2.1527347988386882,4.729890889318337,5.495599405165431
F = 7141.69*Sdiff + 129.78,2.1527347988386882,5.499974882398844,6.265683398245938
F = 4104.81*Sdiff + -11.6578,2.170236707772336,10.207988385550122,0.01750190893364787
F = 4104.81*Sdiff + -11.6578,2.170236707772336,10.978072378630626,0.7875859020141542
F = 6839.77*Sdiff + 130.087,2.170236707772336,4.729890889318337,5.495599405165431
F = 6839.77*Sdiff + 130.087,2.170236707772336,5.499974882398844,6.265683398245938
F = 3944.08*Sdiff + 2.78141,2.187738616705984,10.207988385550122,0.01750190893364787
F = 2717.45*Sdiff + -36.7065,2.187738616705984,8.632816581521812,0.05250572680094361
F = 3944.08*Sdiff + 2.78141,2.187738616705984,10.978072378630626,0.7875859020141542
F = 2717.45*Sdiff + -36.7065,2.187738616705984,10.943068560763331,2.3627577060424625
F = 6654.16*Sdiff + 128.761,2.187738616705984,4.729890889318337,5.495599405165431
F = 6654.16*Sdiff + 128.761,2.187738616705984,5.499974882398844,6.265683398245938
F = 3873.19*Sdiff + 15.1328,2.2052405256396317,10.207988385550122,0.01750190893364787
F = 2686.26*Sdiff + -21.3816,2.2052405256396317,8.632816581521812,0.05250572680094361
F = 3873.19*Sdiff + 15.1328,2.2052405256396317,10.978072378630626,0.7875859020141542
F = 2686.26*Sdiff + -21.3816,2.2052405256396317,10.943068560763331,2.3627577060424625
F = 1262.55*Sdiff + -58.4752,2.2052405256396317,7.67021159017118,2.3802596149761106
F = 1262.55*Sdiff + -58.4752,2.2052405256396317,8.615314672588164,3.3253626973930954
F = 6586.65*Sdiff + 125.552,2.2052405256396317,4.729890889318337,5.495599405165431
F = 6586.65*Sdiff + 125.552,2.2052405256396317,5.499974882398844,6.265683398245938
F = 3903.41*Sdiff + 24.6955,2.22274243457328,10.207988385550122,0.01750190893364787
F = 2725.23*Sdiff + -8.364,2.22274243457328,8.632816581521812,0.05250572680094361
F = 681.923*Sdiff + -68.213,2.22274243457328,6.882625688157026,0.6300687216113233
F = 3903.41*Sdiff + 24.6955,2.22274243457328,10.978072378630626,0.7875859020141542
F = 695.41*Sdiff + -62.7056,2.22274243457328,8.545307036853574,2.0652252541704486
F = 671.619*Sdiff + -66.7588,2.22274243457328,5.342457701996013,2.170236707772336
F = 2725.23*Sdiff + -8.364,2.22274243457328,10.943068560763331,2.3627577060424625
F = 1298.6*Sdiff + -44.3288,2.22274243457328,7.67021159017118,2.3802596149761106
F = 939.137*Sdiff + -53.799,2.22274243457328,5.990028332540984,2.3977615239097583
F = 695.41*Sdiff + -62.7056,2.22274243457328,8.930349033393828,2.4502672507107017
F = 1298.6*Sdiff + -44.3288,2.22274243457328,8.615314672588164,3.3253626973930954
F = 681.923*Sdiff + -68.213,2.22274243457328,10.365505565952953,4.112948599407249
F = 939.137*Sdiff + -53.799,2.22274243457328,8.597812763654517,5.005545955023291
F = 6641.73*Sdiff + 120.233,2.22274243457328,4.729890889318337,5.495599405165431
F = 671.619*Sdiff + -66.7588,2.22274243457328,8.825337579791938,5.653116585568262
F = 6641.73*Sdiff + 120.233,2.22274243457328,5.499974882398844,6.265683398245938
F = 4050.92*Sdiff + 31.1575,2.2402443435069275,10.207988385550122,0.01750190893364787
F = 2853.83*Sdiff + 1.48985,2.2402443435069275,8.632816581521812,0.05250572680094361
F = 735.659*Sdiff + -56.8464,2.2402443435069275,6.882625688157026,0.6300687216113233
F = 4050.92*Sdiff + 31.1575,2.2402443435069275,10.978072378630626,0.7875859020141542
F = 1406.23*Sdiff + -73.8669,2.2402443435069275,7.110150504294448,1.2776393521562945
F = 747.247*Sdiff + -51.0688,2.2402443435069275,8.545307036853574,2.0652252541704486
F = 723.762*Sdiff + -55.3079,2.2402443435069275,5.342457701996013,2.170236707772336
F = 2853.83*Sdiff + 1.48985,2.2402443435069275,10.943068560763331,2.3627577060424625
F = 1380.31*Sdiff + -32.547,2.2402443435069275,7.67021159017118,2.3802596149761106
F = 1003.39*Sdiff + -41.972,2.2402443435069275,5.990028332540984,2.3977615239097583
F = 747.247*Sdiff + -51.0688,2.2402443435069275,8.930349033393828,2.4502672507107017
F = 1380.31*Sdiff + -32.547,2.2402443435069275,8.615314672588164,3.3253626973930954
F = 834.563*Sdiff + -61.4995,2.2402443435069275,6.777614234555138,3.8329180564688836
F = 1406.23*Sdiff + -73.8669,2.2402443435069275,9.71793493540798,3.8854237832698275
F = 735.659*Sdiff + -56.8464,2.2402443435069275,10.365505565952953,4.112948599407249
F = 834.563*Sdiff + -61.4995,2.2402443435069275,7.162656231095392,4.217960053009137
F = 1003.39*Sdiff + -41.972,2.2402443435069275,8.597812763654517,5.005545955023291
F = 6825.95*Sdiff + 112.772,2.2402443435069275,4.729890889318337,5.495599405165431
F = 723.762*Sdiff + -55.3079,2.2402443435069275,8.825337579791938,5.653116585568262
F = 6825.95*Sdiff + 112.772,2.2402443435069275,5.499974882398844,6.265683398245938
F = 4344.82*Sdiff + 34.274,2.257746252440575,10.207988385550122,0.01750190893364787
F = 3102.6*Sdiff + 7.75987,2.257746252440575,8.632816581521812,0.05250572680094361
F = 830.967*Sdiff + -48.647,2.257746252440575,6.882625688157026,0.6300687216113233
F = 4344.82*Sdiff + 34.274,2.257746252440575,10.978072378630626,0.7875859020141542
F = 1613.86*Sdiff + -66.738,2.257746252440575,7.110150504294448,1.2776393521562945
F = 840.017*Sdiff + -42.7269,2.257746252440575,8.545307036853574,2.0652252541704486
F = 816.465*Sdiff + -47.0605,2.257746252440575,5.342457701996013,2.170236707772336
F = 3102.6*Sdiff + 7.75987,2.257746252440575,10.943068560763331,2.3627577060424625
F = 1530.78*Sdiff + -24.3085,2.257746252440575,7.67021159017118,2.3802596149761106
F = 1120.03*Sdiff + -33.5963,2.257746252440575,5.990028332540984,2.3977615239097583
F = 840.017*Sdiff + -42.7269,2.257746252440575,8.930349033393828,2.4502672507107017
F = 1530.78*Sdiff + -24.3085,2.257746252440575,8.615314672588164,3.3253626973930954
F = 946.509*Sdiff + -53.492,2.257746252440575,6.777614234555138,3.8329180564688836
F = 1613.86*Sdiff + -66.738,2.257746252440575,9.71793493540798,3.8854237832698275
F = 830.967*Sdiff + -48.647,2.257746252440575,10.365505565952953,4.112948599407249
F = 946.509*Sdiff + -53.492,2.257746252440575,7.162656231095392,4.217960053009137
F = 1120.03*Sdiff + -33.5963,2.257746252440575,8.597812763654517,5.005545955023291
F = 7152.9*Sdiff + 103.012,2.257746252440575,4.729890889318337,5.495599405165431
F = 816.465*Sdiff + -47.0605,2.257746252440575,8.825337579791938,5.653116585568262
F = 7152.9*Sdiff + 103.012,2.257746252440575,5.499974882398844,6.265683398245938
F = 4838.47*Sdiff + 33.6606,2.2752481613742233,10.207988385550122,0.01750190893364787
F = 3528.31*Sdiff + 10.0117,2.2752481613742233,8.632816581521812,0.05250572680094361
F = 1000.36*Sdiff + -45.2502,2.2752481613742233,6.882625688157026,0.6300687216113233
F = 4838.47*Sdiff + 33.6606,2.2752481613742233,10.978072378630626,0.7875859020141542
F = 1988.52*Sdiff + -64.7531,2.2752481613742233,7.110150504294448,1.2776393521562945
F = 1004.14*Sdiff + -39.0891,2.2752481613742233,8.545307036853574,2.0652252541704486
F = 981.02*Sdiff + -43.5884,2.2752481613742233,5.342457701996013,2.170236707772336
F = 3528.31*Sdiff + 10.0117,2.2752481613742233,10.943068560763331,2.3627577060424625
F = 1793.57*Sdiff + -20.4892,2.2752481613742233,7.67021159017118,2.3802596149761106
F = 1325.01*Sdiff + -29.7869,2.2752481613742233,5.990028332540984,2.3977615239097583
F = 1004.14*Sdiff + -39.0891,2.2752481613742233,8.930349033393828,2.4502672507107017
F = 1793.57*Sdiff + -20.4892,2.2752481613742233,8.615314672588164,3.3253626973930954
F = 1146.24*Sdiff + -50.3746,2.2752481613742233,6.777614234555138,3.8329180564688836
F = 1988.52*Sdiff + -64.7531,2.2752481613742233,9.71793493540798,3.8854237832698275
F = 1000.36*Sdiff + -45.2502,2.2752481613742233,10.365505565952953,4.112948599407249
F = 1146.24*Sdiff + -50.3746,2.2752481613742233,7.162656231095392,4.217960053009137
F = 1325.01*Sdiff + -29.7869,2.2752481613742233,8.597812763654517,5.005545955023291
F = 7647.72*Sdiff + 90.3365,2.2752481613742233,4.729890889318337,5.495599405165431
F = 981.02*Sdiff + -43.5884,2.2752481613742233,8.825337579791938,5.653116585568262
F = 7647.72*Sdiff + 90.3365,2.2752481613742233,5.499974882398844,6.265683398245938
F = 5631.56*Sdiff + 28.584,2.292750070307871,10.207988385550122,0.01750190893364787
F = 4246.31*Sdiff + 7.41125,2.292750070307871,8.632816581521812,0.05250572680094361
F = 1324.32*Sdiff + -49.1049,2.292750070307871,6.882625688157026,0.6300687216113233
F = 5631.56*Sdiff + 28.584,2.292750070307871,10.978072378630626,0.7875859020141542
F = 2742.43*Sdiff + -71.6202,2.292750070307871,7.110150504294448,1.2776393521562945
F = 1313.19*Sdiff + -42.2861,2.292750070307871,8.545307036853574,2.0652252541704486
F = 1294.42*Sdiff + -47.2504,2.292750070307871,5.342457701996013,2.170236707772336
F = 4246.31*Sdiff + 7.41125,2.292750070307871,10.943068560763331,2.3627577060424625
F = 2267.04*Sdiff + -22.4909,2.292750070307871,7.67021159017118,2.3802596149761106
F = 1702.23*Sdiff + -32.2714,2.292750070307871,5.990028332540984,2.3977615239097583
F = 1313.19*Sdiff + -42.2861,2.292750070307871,8.930349033393828,2.4502672507107017
F = 2267.04*Sdiff + -22.4909,2.292750070307871,8.615314672588164,3.3253626973930954
F = 1533.27*Sdiff + -54.8927,2.292750070307871,6.777614234555138,3.8329180564688836
F = 2742.43*Sdiff + -71.6202,2.292750070307871,9.71793493540798,3.8854237832698275
F = 1324.32*Sdiff + -49.1049,2.292750070307871,10.365505565952953,4.112948599407249
F = 1533.27*Sdiff + -54.8927,2.292750070307871,7.162656231095392,4.217960053009137
F = 1702.23*Sdiff + -32.2714,2.292750070307871,8.597812763654517,5.005545955023291
F = 8343.18*Sdiff + 74.0433,2.292750070307871,4.729890889318337,5.495599405165431
F = 1294.42*Sdiff + -47.2504,2.292750070307871,8.825337579791938,5.653116585568262
F = 8343.18*Sdiff + 74.0433,2.292750070307871,5.499974882398844,6.265683398245938
F = 6920.74*Sdiff + 17.6222,2.310251979241519,10.207988385550122,0.01750190893364787
F = 5520.82*Sdiff + -1.94188,2.310251979241519,8.632816581521812,0.05250572680094361
F = 2072.02*Sdiff + -66.7311,2.310251979241519,6.882625688157026,0.6300687216113233
F = 6920.74*Sdiff + 17.6222,2.310251979241519,10.978072378630626,0.7875859020141542
F = 2002.19*Sdiff + -57.944,2.310251979241519,8.545307036853574,2.0652252541704486
F = 2010.95*Sdiff + -64.3164,2.310251979241519,5.342457701996013,2.170236707772336
F = 5520.82*Sdiff + -1.94188,2.310251979241519,10.943068560763331,2.3627577060424625
F = 3226.49*Sdiff + -33.8579,2.310251979241519,7.67021159017118,2.3802596149761106
F = 2502.04*Sdiff + -45.5233,2.310251979241519,5.990028332540984,2.3977615239097583
F = 2002.19*Sdiff + -57.944,2.310251979241519,8.930349033393828,2.4502672507107017
F = 3226.49*Sdiff + -33.8579,2.310251979241519,8.615314672588164,3.3253626973930954
F = 2453.1*Sdiff + -74.3661,2.310251979241519,6.777614234555138,3.8329180564688836
F = 2072.02*Sdiff + -66.7311,2.310251979241519,10.365505565952953,4.112948599407249
F = 2453.1*Sdiff + -74.3661,2.310251979241519,7.162656231095392,4.217960053009137
F = 2502.04*Sdiff + -45.5233,2.310251979241519,8.597812763654517,5.005545955023291
F = 9277.9*Sdiff + 53.4117,2.310251979241519,4.729890889318337,5.495599405165431
F = 2010.95*Sdiff + -64.3164,2.310251979241519,8.825337579791938,5.653116585568262
F = 9277.9*Sdiff + 53.4117,2.310251979241519,5.499974882398844,6.265683398245938
F = 9131.8*Sdiff + -2.03182,2.3277538881751667,10.207988385550122,0.01750190893364787
F = 8086.62*Sdiff + -22.8665,2.3277538881751667,8.632816581521812,0.05250572680094361
F = 9131.8*Sdiff + -2.03182,2.3277538881751667,10.978072378630626,0.7875859020141542
F = 8086.62*Sdiff + -22.8665,2.3277538881751667,10.943068560763331,2.3627577060424625
F = 5787.7*Sdiff + -66.2181,2.3277538881751667,7.67021159017118,2.3802596149761106
F = 5787.7*Sdiff + -66.2181,2.3277538881751667,8.615314672588164,3.3253626973930954
F = 12257*Sdiff + 71.6685,2.3277538881751667,4.764894707185634,3.9204276011371233
F = 10488.7*Sdiff + 27.8999,2.3277538881751667,4.729890889318337,5.495599405165431
F = 12257*Sdiff + 71.6685,2.3277538881751667,7.075146686427152,6.230679580378642
F = 10488.7*Sdiff + 27.8999,2.3277538881751667,5.499974882398844,6.265683398245938
F = 13316*Sdiff + -35.853,2.345255797108815,10.207988385550122,0.01750190893364787
F = 14759.9*Sdiff + -68.1368,2.345255797108815,8.632816581521812,0.05250572680094361
F = 13316*Sdiff + -35.853,2.345255797108815,10.978072378630626,0.7875859020141542
F = 14759.9*Sdiff + -68.1368,2.345255797108815,10.943068560763331,2.3627577060424625
F = 7986.47*Sdiff + 120.712,2.345255797108815,7.0926485953608,2.9578226097864904
F = 7986.47*Sdiff + 120.712,2.345255797108815,8.037751677777784,3.902925692203475
F = 10847.4*Sdiff + 28.2982,2.345255797108815,4.764894707185634,3.9204276011371233
F = 11990.5*Sdiff + -2.40964,2.345255797108815,4.729890889318337,5.495599405165431
F = 10847.4*Sdiff + 28.2982,2.345255797108815,7.075146686427152,6.230679580378642
F = 11990.5*Sdiff + -2.40964,2.345255797108815,5.499974882398844,6.265683398245938
F = 2403.47*Sdiff + 90.1804,2.3627577060424625,6.882625688157026,0.6300687216113233
F = 3364.35*Sdiff + 64.2288,2.3627577060424625,7.110150504294448,1.2776393521562945
F = 2755.91*Sdiff + 103.528,2.3627577060424625,8.545307036853574,2.0652252541704486
F = 2439.75*Sdiff + 93.4128,2.3627577060424625,5.342457701996013,2.170236707772336
F = 2755.91*Sdiff + 103.528,2.3627577060424625,8.930349033393828,2.4502672507107017
F = 4650.81*Sdiff + 47.2705,2.3627577060424625,7.0926485953608,2.9578226097864904
F = 2489.94*Sdiff + 81.5507,2.3627577060424625,6.777614234555138,3.8329180564688836
F = 3364.35*Sdiff + 64.2288,2.3627577060424625,9.71793493540798,3.8854237832698275
F = 4650.81*Sdiff + 47.2705,2.3627577060424625,8.037751677777784,3.902925692203475
F = 9698.26*Sdiff + -3.23262,2.3627577060424625,4.764894707185634,3.9204276011371233
F = 2403.47*Sdiff + 90.1804,2.3627577060424625,10.365505565952953,4.112948599407249
F = 2489.94*Sdiff + 81.5507,2.3627577060424625,7.162656231095392,4.217960053009137
F = 13738*Sdiff + -36.0548,2.3627577060424625,4.729890889318337,5.495599405165431
F = 2439.75*Sdiff + 93.4128,2.3627577060424625,8.825337579791938,5.653116585568262
F = 9698.26*Sdiff + -3.23262,2.3627577060424625,7.075146686427152,6.230679580378642
F = 13738*Sdiff + -36.0548,2.3627577060424625,5.499974882398844,6.265683398245938
F = 1511.38*Sdiff + 41.6689,2.3802596149761106,6.882625688157026,0.6300687216113233
F = 2291.99*Sdiff + 27.1912,2.3802596149761106,7.110150504294448,1.2776393521562945
F = 1673.05*Sdiff + 48.2571,2.3802596149761106,8.545307036853574,2.0652252541704486
F = 1520.65*Sdiff + 43.3104,2.3802596149761106,5.342457701996013,2.170236707772336
F = 4202.89*Sdiff + 77.8282,2.3802596149761106,7.67021159017118,2.3802596149761106
F = 2599.24*Sdiff + 61.2465,2.3802596149761106,5.990028332540984,2.3977615239097583
F = 1673.05*Sdiff + 48.2571,2.3802596149761106,8.930349033393828,2.4502672507107017
F = 3356.55*Sdiff + 16.1305,2.3802596149761106,7.0926485953608,2.9578226097864904
F = 4202.89*Sdiff + 77.8282,2.3802596149761106,8.615314672588164,3.3253626973930954
F = 1605.2*Sdiff + 37.1277,2.3802596149761106,6.777614234555138,3.8329180564688836
F = 2291.99*Sdiff + 27.1912,2.3802596149761106,9.71793493540798,3.8854237832698275
F = 3356.55*Sdiff + 16.1305,2.3802596149761106,8.037751677777784,3.902925692203475
F = 8813.19*Sdiff + -27.6783,2.3802596149761106,4.764894707185634,3.9204276011371233
F = 1511.38*Sdiff + 41.6689,2.3802596149761106,10.365505565952953,4.112948599407249
F = 1605.2*Sdiff + 37.1277,2.3802596149761106,7.162656231095392,4.217960053009137
F = 2599.24*Sdiff + 61.2465,2.3802596149761106,8.597812763654517,5.005545955023291
F = 15578.7*Sdiff + -69.462,2.3802596149761106,4.729890889318337,5.495599405165431
F = 1520.65*Sdiff + 43.3104,2.3802596149761106,8.825337579791938,5.653116585568262
F = 8813.19*Sdiff + -27.6783,2.3802596149761106,7.075146686427152,6.230679580378642
F = 15578.7*Sdiff + -69.462,2.3802596149761106,5.499974882398844,6.265683398245938
F = 1149.68*Sdiff + 14.8688,2.3977615239097583,6.882625688157026,0.6300687216113233
F = 1805.06*Sdiff + 3.5896,2.3977615239097583,7.110150504294448,1.2776393521562945
F = 1254.52*Sdiff + 19.7395,2.3977615239097583,8.545307036853574,2.0652252541704486
F = 1152.5*Sdiff + 16.0966,2.3977615239097583,5.342457701996013,2.170236707772336
F = 2972.37*Sdiff + 39.8692,2.3977615239097583,7.67021159017118,2.3802596149761106
F = 1898.37*Sdiff + 28.9244,2.3977615239097583,5.990028332540984,2.3977615239097583
F = 1254.52*Sdiff + 19.7395,2.3977615239097583,8.930349033393828,2.4502672507107017
F = 2716.28*Sdiff + -5.59679,2.3977615239097583,7.0926485953608,2.9578226097864904
F = 2972.37*Sdiff + 39.8692,2.3977615239097583,8.615314672588164,3.3253626973930954
F = 1233.88*Sdiff + 11.4204,2.3977615239097583,6.777614234555138,3.8329180564688836
F = 1805.06*Sdiff + 3.5896,2.3977615239097583,9.71793493540798,3.8854237832698275
F = 2716.28*Sdiff + -5.59679,2.3977615239097583,8.037751677777784,3.902925692203475
F = 8155.78*Sdiff + -48.0874,2.3977615239097583,4.764894707185634,3.9204276011371233
F = 1149.68*Sdiff + 14.8688,2.3977615239097583,10.365505565952953,4.112948599407249
F = 1233.88*Sdiff + 11.4204,2.3977615239097583,7.162656231095392,4.217960053009137
F = 1898.37*Sdiff + 28.9244,2.3977615239097583,8.597812763654517,5.005545955023291
F = 1152.5*Sdiff + 16.0966,2.3977615239097583,8.825337579791938,5.653116585568262
F = 8155.78*Sdiff + -48.0874,2.3977615239097583,7.075146686427152,6.230679580378642
F = 8417.93*Sdiff + 73.8611,2.4152634328434064,8.632816581521812,0.05250572680094361
F = 970.655*Sdiff + -7.45273,2.4152634328434064,6.882625688157026,0.6300687216113233
F = 1550.27*Sdiff + -17.1246,2.4152634328434064,7.110150504294448,1.2776393521562945
F = 1051.94*Sdiff + -3.38055,2.4152634328434064,8.545307036853574,2.0652252541704486
F = 971.325*Sdiff + -6.42062,2.4152634328434064,5.342457701996013,2.170236707772336
F = 8417.93*Sdiff + 73.8611,2.4152634328434064,10.943068560763331,2.3627577060424625
F = 2426.72*Sdiff + 12.8339,2.4152634328434064,7.67021159017118,2.3802596149761106
F = 1572.46*Sdiff + 4.14175,2.4152634328434064,5.990028332540984,2.3977615239097583
F = 1051.94*Sdiff + -3.38055,2.4152634328434064,8.930349033393828,2.4502672507107017
F = 2365.78*Sdiff + -25.2536,2.4152634328434064,7.0926485953608,2.9578226097864904
F = 2426.72*Sdiff + 12.8339,2.4152634328434064,8.615314672588164,3.3253626973930954
F = 1047.03*Sdiff + -10.3727,2.4152634328434064,6.777614234555138,3.8329180564688836
F = 1550.27*Sdiff + -17.1246,2.4152634328434064,9.71793493540798,3.8854237832698275
F = 2365.78*Sdiff + -25.2536,2.4152634328434064,8.037751677777784,3.902925692203475
F = 7684.45*Sdiff + -66.2277,2.4152634328434064,4.764894707185634,3.9204276011371233
F = 970.655*Sdiff + -7.45273,2.4152634328434064,10.365505565952953,4.112948599407249
F = 1047.03*Sdiff + -10.3727,2.4152634328434064,7.162656231095392,4.217960053009137
F = 1572.46*Sdiff + 4.14175,2.4152634328434064,8.597812763654517,5.005545955023291
F = 971.325*Sdiff + -6.42062,2.4152634328434064,8.825337579791938,5.653116585568262
F = 7684.45*Sdiff + -66.2277,2.4152634328434064,7.075146686427152,6.230679580378642
F = 7229.95*Sdiff + 36.4071,2.432765341777054,8.632816581521812,0.05250572680094361
F = 877.347*Sdiff + -29.3903,2.432765341777054,6.882625688157026,0.6300687216113233
F = 1412.85*Sdiff + -37.7938,2.432765341777054,7.110150504294448,1.2776393521562945
F = 947.748*Sdiff + -25.8909,2.432765341777054,8.545307036853574,2.0652252541704486
F = 877.222*Sdiff + -28.5014,2.432765341777054,5.342457701996013,2.170236707772336
F = 7229.95*Sdiff + 36.4071,2.432765341777054,10.943068560763331,2.3627577060424625
F = 2159.77*Sdiff + -12.2079,2.432765341777054,7.67021159017118,2.3802596149761106
F = 1408.7*Sdiff + -19.4856,2.432765341777054,5.990028332540984,2.3977615239097583
F = 947.748*Sdiff + -25.8909,2.432765341777054,8.930349033393828,2.4502672507107017
F = 2171.13*Sdiff + -44.9858,2.432765341777054,7.0926485953608,2.9578226097864904
F = 2159.77*Sdiff + -12.2079,2.432765341777054,8.615314672588164,3.3253626973930954
F = 948.666*Sdiff + -31.9126,2.432765341777054,6.777614234555138,3.8329180564688836
F = 1412.85*Sdiff + -37.7938,2.432765341777054,9.71793493540798,3.8854237832698275
F = 2171.13*Sdiff + -44.9858,2.432765341777054,8.037751677777784,3.902925692203475
F = 877.347*Sdiff + -29.3903,2.432765341777054,10.365505565952953,4.112948599407249
F = 948.666*Sdiff + -31.9126,2.432765341777054,7.162656231095392,4.217960053009137
F = 1408.7*Sdiff + -19.4856,2.432765341777054,8.597812763654517,5.005545955023291
F = 877.222*Sdiff + -28.5014,2.432765341777054,8.825337579791938,5.653116585568262
F = 17838.7*Sdiff + 109.288,2.4502672507107017,10.207988385550122,0.01750190893364787
F = 6742.83*Sdiff + 3.13432,2.4502672507107017,8.632816581521812,0.05250572680094361
F = 831.353*Sdiff + -51.2703,2.4502672507107017,6.882625688157026,0.6300687216113233
F = 17838.7*Sdiff + 109.288,2.4502672507107017,10.978072378630626,0.7875859020141542
F = 1342.92*Sdiff + -58.4092,2.4502672507107017,7.110150504294448,1.2776393521562945
F = 897.013*Sdiff + -48.3041,2.4502672507107017,8.545307036853574,2.0652252541704486
F = 830.982*Sdiff + -50.5167,2.4502672507107017,5.342457701996013,2.170236707772336
F = 6742.83*Sdiff + 3.13432,2.4502672507107017,10.943068560763331,2.3627577060424625
F = 2035.5*Sdiff + -36.8155,2.4502672507107017,7.67021159017118,2.3802596149761106
F = 1330.62*Sdiff + -42.8895,2.4502672507107017,5.990028332540984,2.3977615239097583
F = 897.013*Sdiff + -48.3041,2.4502672507107017,8.930349033393828,2.4502672507107017
F = 2035.5*Sdiff + -36.8155,2.4502672507107017,8.615314672588164,3.3253626973930954
F = 899.732*Sdiff + -53.409,2.4502672507107017,6.777614234555138,3.8329180564688836
F = 1342.92*Sdiff + -58.4092,2.4502672507107017,9.71793493540798,3.8854237832698275
F = 831.353*Sdiff + -51.2703,2.4502672507107017,10.365505565952953,4.112948599407249
F = 899.732*Sdiff + -53.409,2.4502672507107017,7.162656231095392,4.217960053009137
F = 1330.62*Sdiff + -42.8895,2.4502672507107017,8.597812763654517,5.005545955023291
F = 830.982*Sdiff + -50.5167,2.4502672507107017,8.825337579791938,5.653116585568262
F = 830.982*Sdiff + -50.5167,3.8329180564688836,6.882625688157026,0.6300687216113233
F = 1330.62*Sdiff + -42.8895,3.8329180564688836,7.110150504294448,1.2776393521562945
F = 899.732*Sdiff + -53.409,3.8329180564688836,8.545307036853574,2.0652252541704486
F = 831.353*Sdiff + -51.2703,3.8329180564688836,5.342457701996013,2.170236707772336
F = 1342.92*Sdiff + -58.4092,3.8329180564688836,5.990028332540984,2.3977615239097583
F = 899.732*Sdiff + -53.409,3.8329180564688836,8.930349033393828,2.4502672507107017
F = 2035.5*Sdiff + -36.8155,3.8329180564688836,7.0926485953608,2.9578226097864904
F = 897.013*Sdiff + -48.3041,3.8329180564688836,6.777614234555138,3.8329180564688836
F = 1330.62*Sdiff + -42.8895,3.8329180564688836,9.71793493540798,3.8854237832698275
F = 2035.5*Sdiff + -36.8155,3.8329180564688836,8.037751677777784,3.902925692203475
F = 6742.83*Sdiff + 3.13432,3.8329180564688836,4.764894707185634,3.9204276011371233
F = 830.982*Sdiff + -50.5167,3.8329180564688836,10.365505565952953,4.112948599407249
F = 897.013*Sdiff + -48.3041,3.8329180564688836,7.162656231095392,4.217960053009137
F = 1342.92*Sdiff + -58.4092,3.8329180564688836,8.597812763654517,5.005545955023291
F = 17838.7*Sdiff + 109.288,3.8329180564688836,4.729890889318337,5.495599405165431
F = 831.353*Sdiff + -51.2703,3.8329180564688836,8.825337579791938,5.653116585568262
F = 6742.83*Sdiff + 3.13432,3.8329180564688836,7.075146686427152,6.230679580378642
F = 17838.7*Sdiff + 109.288,3.8329180564688836,5.499974882398844,6.265683398245938
F = 877.222*Sdiff + -28.5014,3.8504199654025317,6.882625688157026,0.6300687216113233
F = 1408.7*Sdiff + -19.4856,3.8504199654025317,7.110150504294448,1.2776393521562945
F = 948.666*Sdiff + -31.9126,3.8504199654025317,8.545307036853574,2.0652252541704486
F = 877.347*Sdiff + -29.3903,3.8504199654025317,5.342457701996013,2.170236707772336
F = 2171.13*Sdiff + -44.9858,3.8504199654025317,7.67021159017118,2.3802596149761106
F = 1412.85*Sdiff + -37.7938,3.8504199654025317,5.990028332540984,2.3977615239097583
F = 948.666*Sdiff + -31.9126,3.8504199654025317,8.930349033393828,2.4502672507107017
F = 2159.77*Sdiff + -12.2079,3.8504199654025317,7.0926485953608,2.9578226097864904
F = 2171.13*Sdiff + -44.9858,3.8504199654025317,8.615314672588164,3.3253626973930954
F = 947.748*Sdiff + -25.8909,3.8504199654025317,6.777614234555138,3.8329180564688836
F = 1408.7*Sdiff + -19.4856,3.8504199654025317,9.71793493540798,3.8854237832698275
F = 2159.77*Sdiff + -12.2079,3.8504199654025317,8.037751677777784,3.902925692203475
F = 7229.95*Sdiff + 36.4071,3.8504199654025317,4.764894707185634,3.9204276011371233
F = 877.222*Sdiff + -28.5014,3.8504199654025317,10.365505565952953,4.112948599407249
F = 947.748*Sdiff + -25.8909,3.8504199654025317,7.162656231095392,4.217960053009137
F = 1412.85*Sdiff + -37.7938,3.8504199654025317,8.597812763654517,5.005545955023291
F = 877.347*Sdiff + -29.3903,3.8504199654025317,8.825337579791938,5.653116585568262
F = 7229.95*Sdiff + 36.4071,3.8504199654025317,7.075146686427152,6.230679580378642
F = 7684.45*Sdiff + -66.2277,3.8679218743361794,8.632816581521812,0.05250572680094361
F = 971.325*Sdiff + -6.42062,3.8679218743361794,6.882625688157026,0.6300687216113233
F = 1572.46*Sdiff + 4.14175,3.8679218743361794,7.110150504294448,1.2776393521562945
F = 1047.03*Sdiff + -10.3727,3.8679218743361794,8.545307036853574,2.0652252541704486
F = 970.655*Sdiff + -7.45273,3.8679218743361794,5.342457701996013,2.170236707772336
F = 7684.45*Sdiff + -66.2277,3.8679218743361794,10.943068560763331,2.3627577060424625
F = 2365.78*Sdiff + -25.2536,3.8679218743361794,7.67021159017118,2.3802596149761106
F = 1550.27*Sdiff + -17.1246,3.8679218743361794,5.990028332540984,2.3977615239097583
F = 1047.03*Sdiff + -10.3727,3.8679218743361794,8.930349033393828,2.4502672507107017
F = 2426.72*Sdiff + 12.8339,3.8679218743361794,7.0926485953608,2.9578226097864904
F = 2365.78*Sdiff + -25.2536,3.8679218743361794,8.615314672588164,3.3253626973930954
F = 1051.94*Sdiff + -3.38055,3.8679218743361794,6.777614234555138,3.8329180564688836
F = 1572.46*Sdiff + 4.14175,3.8679218743361794,9.71793493540798,3.8854237832698275
F = 2426.72*Sdiff + 12.8339,3.8679218743361794,8.037751677777784,3.902925692203475
F = 8417.93*Sdiff + 73.8611,3.8679218743361794,4.764894707185634,3.9204276011371233
F = 971.325*Sdiff + -6.42062,3.8679218743361794,10.365505565952953,4.112948599407249
F = 1051.94*Sdiff + -3.38055,3.8679218743361794,7.162656231095392,4.217960053009137
F = 1550.27*Sdiff + -17.1246,3.8679218743361794,8.597812763654517,5.005545955023291
F = 970.655*Sdiff + -7.45273,3.8679218743361794,8.825337579791938,5.653116585568262
F = 8417.93*Sdiff + 73.8611,3.8679218743361794,7.075146686427152,6.230679580378642
F = 8155.78*Sdiff + -48.0874,3.8854237832698275,8.632816581521812,0.05250572680094361
F = 1152.5*Sdiff + 16.0966,3.8854237832698275,6.882625688157026,0.6300687216113233
F = 1898.37*Sdiff + 28.9244,3.8854237832698275,7.110150504294448,1.2776393521562945
F = 1233.88*Sdiff + 11.4204,3.8854237832698275,8.545307036853574,2.0652252541704486
F = 1149.68*Sdiff + 14.8688,3.8854237832698275,5.342457701996013,2.170236707772336
F = 8155.78*Sdiff + -48.0874,3.8854237832698275,10.943068560763331,2.3627577060424625
F = 2716.28*Sdiff + -5.59679,3.8854237832698275,7.67021159017118,2.3802596149761106
F = 1805.06*Sdiff + 3.5896,3.8854237832698275,5.990028332540984,2.3977615239097583
F = 1233.88*Sdiff + 11.4204,3.8854237832698275,8.930349033393828,2.4502672507107017
F = 2972.37*Sdiff + 39.8692,3.8854237832698275,7.0926485953608,2.9578226097864904
F = 2716.28*Sdiff + -5.59679,3.8854237832698275,8.615314672588164,3.3253626973930954
F = 1254.52*Sdiff + 19.7395,3.8854237832698275,6.777614234555138,3.8329180564688836
F = 1898.37*Sdiff + 28.9244,3.8854237832698275,9.71793493540798,3.8854237832698275
F = 2972.37*Sdiff + 39.8692,3.8854237832698275,8.037751677777784,3.902925692203475
F = 1152.5*Sdiff + 16.0966,3.8854237832698275,10.365505565952953,4.112948599407249
F = 1254.52*Sdiff + 19.7395,3.8854237832698275,7.162656231095392,4.217960053009137
F = 1805.06*Sdiff + 3.5896,3.8854237832698275,8.597812763654517,5.005545955023291
F = 1149.68*Sdiff + 14.8688,3.8854237832698275,8.825337579791938,5.653116585568262
F = 15578.7*Sdiff + -69.462,3.902925692203475,10.207988385550122,0.01750190893364787
F = 8813.19*Sdiff + -27.6783,3.902925692203475,8.632816581521812,0.05250572680094361
F = 1520.65*Sdiff + 43.3104,3.902925692203475,6.882625688157026,0.6300687216113233
F = 15578.7*Sdiff + -69.462,3.902925692203475,10.978072378630626,0.7875859020141542
F = 2599.24*Sdiff + 61.2465,3.902925692203475,7.110150504294448,1.2776393521562945
F = 1605.2*Sdiff + 37.1277,3.902925692203475,8.545307036853574,2.0652252541704486
F = 1511.38*Sdiff + 41.6689,3.902925692203475,5.342457701996013,2.170236707772336
F = 8813.19*Sdiff + -27.6783,3.902925692203475,10.943068560763331,2.3627577060424625
F = 3356.55*Sdiff + 16.1305,3.902925692203475,7.67021159017118,2.3802596149761106
F = 2291.99*Sdiff + 27.1912,3.902925692203475,5.990028332540984,2.3977615239097583
F = 1605.2*Sdiff + 37.1277,3.902925692203475,8.930349033393828,2.4502672507107017
F = 4202.89*Sdiff + 77.8282,3.902925692203475,7.0926485953608,2.9578226097864904
F = 3356.55*Sdiff + 16.1305,3.902925692203475,8.615314672588164,3.3253626973930954
F = 1673.05*Sdiff + 48.2571,3.902925692203475,6.777614234555138,3.8329180564688836
F = 2599.24*Sdiff + 61.2465,3.902925692203475,9.71793493540798,3.8854237832698275
F = 4202.89*Sdiff + 77.8282,3.902925692203475,8.037751677777784,3.902925692203475
F = 1520.65*Sdiff + 43.3104,3.902925692203475,10.365505565952953,4.112948599407249
F = 1673.05*Sdiff + 48.2571,3.902925692203475,7.162656231095392,4.217960053009137
F = 2291.99*Sdiff + 27.1912,3.902925692203475,8.597812763654517,5.005545955023291
F = 1511.38*Sdiff + 41.6689,3.902925692203475,8.825337579791938,5.653116585568262
F = 13738*Sdiff + -36.0548,3.9204276011371233,10.207988385550122,0.01750190893364787
F = 9698.26*Sdiff + -3.23262,3.9204276011371233,8.632816581521812,0.05250572680094361
F = 2439.75*Sdiff + 93.4128,3.9204276011371233,6.882625688157026,0.6300687216113233
F = 13738*Sdiff + -36.0548,3.9204276011371233,10.978072378630626,0.7875859020141542
F = 2489.94*Sdiff + 81.5507,3.9204276011371233,8.545307036853574,2.0652252541704486
F = 2403.47*Sdiff + 90.1804,3.9204276011371233,5.342457701996013,2.170236707772336
F = 9698.26*Sdiff + -3.23262,3.9204276011371233,10.943068560763331,2.3627577060424625
F = 4650.81*Sdiff + 47.2705,3.9204276011371233,7.67021159017118,2.3802596149761106
F = 3364.35*Sdiff + 64.2288,3.9204276011371233,5.990028332540984,2.3977615239097583
F = 2489.94*Sdiff + 81.5507,3.9204276011371233,8.930349033393828,2.4502672507107017
F = 4650.81*Sdiff + 47.2705,3.9204276011371233,8.615314672588164,3.3253626973930954
F = 2755.91*Sdiff + 103.528,3.9204276011371233,6.777614234555138,3.8329180564688836
F = 2439.75*Sdiff + 93.4128,3.9204276011371233,10.365505565952953,4.112948599407249
F = 2755.91*Sdiff + 103.528,3.9204276011371233,7.162656231095392,4.217960053009137
F = 3364.35*Sdiff + 64.2288,3.9204276011371233,8.597812763654517,5.005545955023291
F = 2403.47*Sdiff + 90.1804,3.9204276011371233,8.825337579791938,5.653116585568262
F = 11990.5*Sdiff + -2.40964,3.937929510070771,10.207988385550122,0.01750190893364787
F = 10847.4*Sdiff + 28.2982,3.937929510070771,8.632816581521812,0.05250572680094361
F = 11990.5*Sdiff + -2.40964,3.937929510070771,10.978072378630626,0.7875859020141542
F = 10847.4*Sdiff + 28.2982,3.937929510070771,10.943068560763331,2.3627577060424625
F = 7986.47*Sdiff + 120.712,3.937929510070771,7.67021159017118,2.3802596149761106
F = 7986.47*Sdiff + 120.712,3.937929510070771,8.615314672588164,3.3253626973930954
F = 14759.9*Sdiff + -68.1368,3.937929510070771,4.764894707185634,3.9204276011371233
F = 13316*Sdiff + -35.853,3.937929510070771,4.729890889318337,5.495599405165431
F = 14759.9*Sdiff + -68.1368,3.937929510070771,7.075146686427152,6.230679580378642
F = 13316*Sdiff + -35.853,3.937929510070771,5.499974882398844,6.265683398245938
F = 10488.7*Sdiff + 27.8999,3.9554314190044186,10.207988385550122,0.01750190893364787
F = 12257*Sdiff + 71.6685,3.9554314190044186,8.632816581521812,0.05250572680094361
F = 10488.7*Sdiff + 27.8999,3.9554314190044186,10.978072378630626,0.7875859020141542
F = 12257*Sdiff + 71.6685,3.9554314190044186,10.943068560763331,2.3627577060424625
F = 5787.7*Sdiff + -66.2181,3.9554314190044186,7.0926485953608,2.9578226097864904
F = 5787.7*Sdiff + -66.2181,3.9554314190044186,8.037751677777784,3.902925692203475
F = 8086.62*Sdiff + -22.8665,3.9554314190044186,4.764894707185634,3.9204276011371233
F = 9131.8*Sdiff + -2.03182,3.9554314190044186,4.729890889318337,5.495599405165431
F = 8086.62*Sdiff + -22.8665,3.9554314190044186,7.075146686427152,6.230679580378642
F = 9131.8*Sdiff + -2.03182,3.9554314190044186,5.499974882398844,6.265683398245938
F = 9277.9*Sdiff + 53.4117,3.9729333279380667,10.207988385550122,0.01750190893364787
F = 2010.95*Sdiff + -64.3164,3.9729333279380667,6.882625688157026,0.6300687216113233
F = 9277.9*Sdiff + 53.4117,3.9729333279380667,10.978072378630626,0.7875859020141542
F = 2502.04*Sdiff + -45.5233,3.9729333279380667,7.110150504294448,1.2776393521562945
F = 2453.1*Sdiff + -74.3661,3.9729333279380667,8.545307036853574,2.0652252541704486
F = 2072.02*Sdiff + -66.7311,3.9729333279380667,5.342457701996013,2.170236707772336
F = 2453.1*Sdiff + -74.3661,3.9729333279380667,8.930349033393828,2.4502672507107017
F = 3226.49*Sdiff + -33.8579,3.9729333279380667,7.0926485953608,2.9578226097864904
F = 2002.19*Sdiff + -57.944,3.9729333279380667,6.777614234555138,3.8329180564688836
F = 2502.04*Sdiff + -45.5233,3.9729333279380667,9.71793493540798,3.8854237832698275
F = 3226.49*Sdiff + -33.8579,3.9729333279380667,8.037751677777784,3.902925692203475
F = 5520.82*Sdiff + -1.94188,3.9729333279380667,4.764894707185634,3.9204276011371233
F = 2010.95*Sdiff + -64.3164,3.9729333279380667,10.365505565952953,4.112948599407249
F = 2002.19*Sdiff + -57.944,3.9729333279380667,7.162656231095392,4.217960053009137
F = 6920.74*Sdiff + 17.6222,3.9729333279380667,4.729890889318337,5.495599405165431
F = 2072.02*Sdiff + -66.7311,3.9729333279380667,8.825337579791938,5.653116585568262
F = 5520.82*Sdiff + -1.94188,3.9729333279380667,7.075146686427152,6.230679580378642
F = 6920.74*Sdiff + 17.6222,3.9729333279380667,5.499974882398844,6.265683398245938
F = 8343.18*Sdiff + 74.0433,3.9904352368717144,10.207988385550122,0.01750190893364787
F = 1294.42*Sdiff + -47.2504,3.9904352368717144,6.882625688157026,0.6300687216113233
F = 8343.18*Sdiff + 74.0433,3.9904352368717144,10.978072378630626,0.7875859020141542
F = 1702.23*Sdiff + -32.2714,3.9904352368717144,7.110150504294448,1.2776393521562945
F = 1533.27*Sdiff + -54.8927,3.9904352368717144,8.545307036853574,2.0652252541704486
F = 1324.32*Sdiff + -49.1049,3.9904352368717144,5.342457701996013,2.170236707772336
F = 2742.43*Sdiff + -71.6202,3.9904352368717144,5.990028332540984,2.3977615239097583
F = 1533.27*Sdiff + -54.8927,3.9904352368717144,8.930349033393828,2.4502672507107017
F = 2267.04*Sdiff + -22.4909,3.9904352368717144,7.0926485953608,2.9578226097864904
F = 1313.19*Sdiff + -42.2861,3.9904352368717144,6.777614234555138,3.8329180564688836
F = 1702.23*Sdiff + -32.2714,3.9904352368717144,9.71793493540798,3.8854237832698275
F = 2267.04*Sdiff + -22.4909,3.9904352368717144,8.037751677777784,3.902925692203475
F = 4246.31*Sdiff + 7.41125,3.9904352368717144,4.764894707185634,3.9204276011371233
F = 1294.42*Sdiff + -47.2504,3.9904352368717144,10.365505565952953,4.112948599407249
F = 1313.19*Sdiff + -42.2861,3.9904352368717144,7.162656231095392,4.217960053009137
F = 2742.43*Sdiff + -71.6202,3.9904352368717144,8.597812763654517,5.005545955023291
F = 5631.56*Sdiff + 28.584,3.9904352368717144,4.729890889318337,5.495599405165431
F = 1324.32*Sdiff + -49.1049,3.9904352368717144,8.825337579791938,5.653116585568262
F = 4246.31*Sdiff + 7.41125,3.9904352368717144,7.075146686427152,6.230679580378642
F = 5631.56*Sdiff + 28.584,3.9904352368717144,5.499974882398844,6.265683398245938
F = 7647.72*Sdiff + 90.3365,4.0079371458053625,10.207988385550122,0.01750190893364787
F = 981.02*Sdiff + -43.5884,4.0079371458053625,6.882625688157026,0.6300687216113233
F = 7647.72*Sdiff + 90.3365,4.0079371458053625,10.978072378630626,0.7875859020141542
F = 1325.01*Sdiff + -29.7869,4.0079371458053625,7.110150504294448,1.2776393521562945
F = 1146.24*Sdiff + -50.3746,4.0079371458053625,8.545307036853574,2.0652252541704486
F = 1000.36*Sdiff + -45.2502,4.0079371458053625,5.342457701996013,2.170236707772336
F = 1988.52*Sdiff + -64.7531,4.0079371458053625,5.990028332540984,2.3977615239097583
F = 1146.24*Sdiff + -50.3746,4.0079371458053625,8.930349033393828,2.4502672507107017
F = 1793.57*Sdiff + -20.4892,4.0079371458053625,7.0926485953608,2.9578226097864904
F = 1004.14*Sdiff + -39.0891,4.0079371458053625,6.777614234555138,3.8329180564688836
F = 1325.01*Sdiff + -29.7869,4.0079371458053625,9.71793493540798,3.8854237832698275
F = 1793.57*Sdiff + -20.4892,4.0079371458053625,8.037751677777784,3.902925692203475
F = 3528.31*Sdiff + 10.0117,4.0079371458053625,4.764894707185634,3.9204276011371233
F = 981.02*Sdiff + -43.5884,4.0079371458053625,10.365505565952953,4.112948599407249
F = 1004.14*Sdiff + -39.0891,4.0079371458053625,7.162656231095392,4.217960053009137
F = 1988.52*Sdiff + -64.7531,4.0079371458053625,8.597812763654517,5.005545955023291
F = 4838.47*Sdiff + 33.6606,4.0079371458053625,4.729890889318337,5.495599405165431
F = 1000.36*Sdiff + -45.2502,4.0079371458053625,8.825337579791938,5.653116585568262
F = 3528.31*Sdiff + 10.0117,4.0079371458053625,7.075146686427152,6.230679580378642
F = 4838.47*Sdiff + 33.6606,4.0079371458053625,5.499974882398844,6.265683398245938
F = 7152.9*Sdiff + 103.012,4.02543905473901,10.207988385550122,0.01750190893364787
F = 816.465*Sdiff + -47.0605,4.02543905473901,6.882625688157026,0.6300687216113233
F = 7152.9*Sdiff + 103.012,4.02543905473901,10.978072378630626,0.7875859020141542
F = 1120.03*Sdiff + -33.5963,4.02543905473901,7.110150504294448,1.2776393521562945
F = 946.509*Sdiff + -53.492,4.02543905473901,8.545307036853574,2.0652252541704486
F = 830.967*Sdiff + -48.647,4.02543905473901,5.342457701996013,2.170236707772336
F = 1613.86*Sdiff + -66.738,4.02543905473901,5.990028332540984,2.3977615239097583
F = 946.509*Sdiff + -53.492,4.02543905473901,8.930349033393828,2.4502672507107017
F = 1530.78*Sdiff + -24.3085,4.02543905473901,7.0926485953608,2.9578226097864904
F = 840.017*Sdiff + -42.7269,4.02543905473901,6.777614234555138,3.8329180564688836
F = 1120.03*Sdiff + -33.5963,4.02543905473901,9.71793493540798,3.8854237832698275
F = 1530.78*Sdiff + -24.3085,4.02543905473901,8.037751677777784,3.902925692203475
F = 3102.6*Sdiff + 7.75987,4.02543905473901,4.764894707185634,3.9204276011371233
F = 816.465*Sdiff + -47.0605,4.02543905473901,10.365505565952953,4.112948599407249
F = 840.017*Sdiff + -42.7269,4.02543905473901,7.162656231095392,4.217960053009137
F = 1613.86*Sdiff + -66.738,4.02543905473901,8.597812763654517,5.005545955023291
F = 4344.82*Sdiff + 34.274,4.02543905473901,4.729890889318337,5.495599405165431
F = 830.967*Sdiff + -48.647,4.02543905473901,8.825337579791938,5.653116585568262
F = 3102.6*Sdiff + 7.75987,4.02543905473901,7.075146686427152,6.230679580378642
F = 4344.82*Sdiff + 34.274,4.02543905473901,5.499974882398844,6.265683398245938
F = 6825.95*Sdiff + 112.772,4.042940963672658,10.207988385550122,0.01750190893364787
F = 723.762*Sdiff + -55.3079,4.042940963672658,6.882625688157026,0.6300687216113233
F = 6825.95*Sdiff + 112.772,4.042940963672658,10.978072378630626,0.7875859020141542
F = 1003.39*Sdiff + -41.972,4.042940963672658,7.110150504294448,1.2776393521562945
F = 834.563*Sdiff + -61.4995,4.042940963672658,8.545307036853574,2.0652252541704486
F = 735.659*Sdiff + -56.8464,4.042940963672658,5.342457701996013,2.170236707772336
F = 1406.23*Sdiff + -73.8669,4.042940963672658,5.990028332540984,2.3977615239097583
F = 834.563*Sdiff + -61.4995,4.042940963672658,8.930349033393828,2.4502672507107017
F = 1380.31*Sdiff + -32.547,4.042940963672658,7.0926485953608,2.9578226097864904
F = 747.247*Sdiff + -51.0688,4.042940963672658,6.777614234555138,3.8329180564688836
F = 1003.39*Sdiff + -41.972,4.042940963672658,9.71793493540798,3.8854237832698275
F = 1380.31*Sdiff + -32.547,4.042940963672658,8.037751677777784,3.902925692203475
F = 2853.83*Sdiff + 1.48985,4.042940963672658,4.764894707185634,3.9204276011371233
F = 723.762*Sdiff + -55.3079,4.042940963672658,10.365505565952953,4.112948599407249
F = 747.247*Sdiff + -51.0688,4.042940963672658,7.162656231095392,4.217960053009137
F = 1406.23*Sdiff + -73.8669,4.042940963672658,8.597812763654517,5.005545955023291
F = 4050.92*Sdiff + 31.1575,4.042940963672658,4.729890889318337,5.495599405165431
F = 735.659*Sdiff + -56.8464,4.042940963672658,8.825337579791938,5.653116585568262
F = 2853.83*Sdiff + 1.48985,4.042940963672658,7.075146686427152,6.230679580378642
F = 4050.92*Sdiff + 31.1575,4.042940963672658,5.499974882398844,6.265683398245938
F = 6641.73*Sdiff + 120.233,4.060442872606306,10.207988385550122,0.01750190893364787
F = 671.619*Sdiff + -66.7588,4.060442872606306,6.882625688157026,0.6300687216113233
F = 6641.73*Sdiff + 120.233,4.060442872606306,10.978072378630626,0.7875859020141542
F = 939.137*Sdiff + -53.799,4.060442872606306,7.110150504294448,1.2776393521562945
F = 681.923*Sdiff + -68.213,4.060442872606306,5.342457701996013,2.170236707772336
F = 1298.6*Sdiff + -44.3288,4.060442872606306,7.0926485953608,2.9578226097864904
F = 695.41*Sdiff + -62.7056,4.060442872606306,6.777614234555138,3.8329180564688836
F = 939.137*Sdiff + -53.799,4.060442872606306,9.71793493540798,3.8854237832698275
F = 1298.6*Sdiff + -44.3288,4.060442872606306,8.037751677777784,3.902925692203475
F = 2725.23*Sdiff + -8.364,4.060442872606306,4.764894707185634,3.9204276011371233
F = 671.619*Sdiff + -66.7588,4.060442872606306,10.365505565952953,4.112948599407249
F = 695.41*Sdiff + -62.7056,4.060442872606306,7.162656231095392,4.217960053009137
F = 3903.41*Sdiff + 24.6955,4.060442872606306,4.729890889318337,5.495599405165431
F = 681.923*Sdiff + -68.213,4.060442872606306,8.825337579791938,5.653116585568262
F = 2725.23*Sdiff + -8.364,4.060442872606306,7.075146686427152,6.230679580378642
F = 3903.41*Sdiff + 24.6955,4.060442872606306,5.499974882398844,6.265683398245938
F = 6586.65*Sdiff + 125.552,4.077944781539954,10.207988385550122,0.01750190893364787
F = 6586.65*Sdiff + 125.552,4.077944781539954,10.978072378630626,0.7875859020141542
F = 1262.55*Sdiff + -58.4752,4.077944781539954,7.0926485953608,2.9578226097864904
F = 1262.55*Sdiff + -58.4752,4.077944781539954,8.037751677777784,3.902925692203475
F = 2686.26*Sdiff + -21.3816,4.077944781539954,4.764894707185634,3.9204276011371233
F = 3873.19*Sdiff + 15.1328,4.077944781539954,4.729890889318337,5.495599405165431
F = 2686.26*Sdiff + -21.3816,4.077944781539954,7.075146686427152,6.230679580378642
F = 3873.19*Sdiff + 15.1328,4.077944781539954,5.499974882398844,6.265683398245938
F = 6654.16*Sdiff + 128.761,4.095446690473602,10.207988385550122,0.01750190893364787
F = 6654.16*Sdiff + 128.761,4.095446690473602,10.978072378630626,0.7875859020141542
F = 2717.45*Sdiff + -36.7065,4.095446690473602,4.764894707185634,3.9204276011371233
F = 3944.08*Sdiff + 2.78141,4.095446690473602,4.729890889318337,5.495599405165431
F = 2717.45*Sdiff + -36.7065,4.095446690473602,7.075146686427152,6.230679580378642
F = 3944.08*Sdiff + 2.78141,4.095446690473602,5.499974882398844,6.265683398245938
F = 6839.77*Sdiff + 130.087,4.112948599407249,10.207988385550122,0.01750190893364787
F = 6839.77*Sdiff + 130.087,4.112948599407249,10.978072378630626,0.7875859020141542
F = 4104.81*Sdiff + -11.6578,4.112948599407249,4.729890889318337,5.495599405165431
F = 4104.81*Sdiff + -11.6578,4.112948599407249,5.499974882398844,6.265683398245938
F = 7141.69*Sdiff + 129.78,4.130450508340897,10.207988385550122,0.01750190893364787
F = 7141.69*Sdiff + 129.78,4.130450508340897,10.978072378630626,0.7875859020141542
F = 4339.41*Sdiff + -26.495,4.130450508340897,4.729890889318337,5.495599405165431
F = 4339.41*Sdiff + -26.495,4.130450508340897,5.499974882398844,6.265683398245938
F = 4214.43*Sdiff + -19.1966,5.303078406895305,10.207988385550122,0.01750190893364787
F = 4214.43*Sdiff + -19.1966,5.303078406895305,10.978072378630626,0.7875859020141542
F = 6976.21*Sdiff + 130.123,5.303078406895305,4.729890889318337,5.495599405165431
F = 6976.21*Sdiff + 130.123,5.303078406895305,5.499974882398844,6.265683398245938
F = 4013.96*Sdiff + -4.24976,5.320580315828953,10.207988385550122,0.01750190893364787
F = 2753.63*Sdiff + -44.6621,5.320580315828953,8.632816581521812,0.05250572680094361
F = 4013.96*Sdiff + -4.24976,5.320580315828953,10.978072378630626,0.7875859020141542
F = 2753.63*Sdiff + -44.6621,5.320580315828953,10.943068560763331,2.3627577060424625
F = 6732.37*Sdiff + 129.644,5.320580315828953,4.729890889318337,5.495599405165431
F = 6732.37*Sdiff + 129.644,5.320580315828953,5.499974882398844,6.265683398245938
F = 3896.73*Sdiff + 9.27617,5.3380822247626005,10.207988385550122,0.01750190893364787
F = 2694.16*Sdiff + -28.8442,5.3380822247626005,8.632816581521812,0.05250572680094361
F = 3896.73*Sdiff + 9.27617,5.3380822247626005,10.978072378630626,0.7875859020141542
F = 2694.16*Sdiff + -28.8442,5.3380822247626005,10.943068560763331,2.3627577060424625
F = 6605.43*Sdiff + 127.408,5.3380822247626005,4.729890889318337,5.495599405165431
F = 6605.43*Sdiff + 127.408,5.3380822247626005,5.499974882398844,6.265683398245938
F = 3874.86*Sdiff + 20.2867,5.355584133696248,10.207988385550122,0.01750190893364787
F = 2695.89*Sdiff + -14.5137,5.355584133696248,8.632816581521812,0.05250572680094361
F = 3874.86*Sdiff + 20.2867,5.355584133696248,10.978072378630626,0.7875859020141542
F = 2695.89*Sdiff + -14.5137,5.355584133696248,10.943068560763331,2.3627577060424625
F = 1275.94*Sdiff + -51.2155,5.355584133696248,7.67021159017118,2.3802596149761106
F = 920.447*Sdiff + -60.5722,5.355584133696248,5.990028332540984,2.3977615239097583
F = 1275.94*Sdiff + -51.2155,5.355584133696248,8.615314672588164,3.3253626973930954
F = 920.447*Sdiff + -60.5722,5.355584133696248,8.597812763654517,5.005545955023291
F = 6598.49*Sdiff + 123.166,5.355584133696248,4.729890889318337,5.495599405165431
F = 6598.49*Sdiff + 123.166,5.355584133696248,5.499974882398844,6.265683398245938
F = 3961.09*Sdiff + 28.3283,5.373086042629897,10.207988385550122,0.01750190893364787
F = 2776.81*Sdiff + -3.01137,5.373086042629897,8.632816581521812,0.05250572680094361
F = 704.84*Sdiff + -62.2455,5.373086042629897,6.882625688157026,0.6300687216113233
F = 3961.09*Sdiff + 28.3283,5.373086042629897,10.978072378630626,0.7875859020141542
F = 717.387*Sdiff + -56.5711,5.373086042629897,8.545307036853574,2.0652252541704486
F = 693.821*Sdiff + -60.7402,5.373086042629897,5.342457701996013,2.170236707772336
F = 2776.81*Sdiff + -3.01137,5.373086042629897,10.943068560763331,2.3627577060424625
F = 1332.57*Sdiff + -38.0522,5.373086042629897,7.67021159017118,2.3802596149761106
F = 966.117*Sdiff + -47.5287,5.373086042629897,5.990028332540984,2.3977615239097583
F = 717.387*Sdiff + -56.5711,5.373086042629897,8.930349033393828,2.4502672507107017
F = 1332.57*Sdiff + -38.0522,5.373086042629897,8.615314672588164,3.3253626973930954
F = 798.231*Sdiff + -66.7723,5.373086042629897,6.777614234555138,3.8329180564688836
F = 704.84*Sdiff + -62.2455,5.373086042629897,10.365505565952953,4.112948599407249
F = 798.231*Sdiff + -66.7723,5.373086042629897,7.162656231095392,4.217960053009137
F = 966.117*Sdiff + -47.5287,5.373086042629897,8.597812763654517,5.005545955023291
F = 6717.24*Sdiff + 116.759,5.373086042629897,4.729890889318337,5.495599405165431
F = 693.821*Sdiff + -60.7402,5.373086042629897,8.825337579791938,5.653116585568262
F = 6717.24*Sdiff + 116.759,5.373086042629897,5.499974882398844,6.265683398245938
F = 4176.98*Sdiff + 33.1525,5.390587951563544,10.207988385550122,0.01750190893364787
F = 2960.51*Sdiff + 5.09547,5.390587951563544,8.632816581521812,0.05250572680094361
F = 776.656*Sdiff + -52.2486,5.390587951563544,6.882625688157026,0.6300687216113233
F = 4176.98*Sdiff + 33.1525,5.390587951563544,10.978072378630626,0.7875859020141542
F = 1495.61*Sdiff + -69.8161,5.390587951563544,7.110150504294448,1.2776393521562945
F = 787.14*Sdiff + -46.3984,5.390587951563544,8.545307036853574,2.0652252541704486
F = 763.635*Sdiff + -50.6857,5.390587951563544,5.342457701996013,2.170236707772336
F = 2960.51*Sdiff + 5.09547,5.390587951563544,10.943068560763331,2.3627577060424625
F = 1444.94*Sdiff + -27.932,5.390587951563544,7.67021159017118,2.3802596149761106
F = 1053.52*Sdiff + -37.2843,5.390587951563544,5.990028332540984,2.3977615239097583
F = 787.14*Sdiff + -46.3984,5.390587951563544,8.930349033393828,2.4502672507107017
F = 1444.94*Sdiff + -27.932,5.390587951563544,8.615314672588164,3.3253626973930954
F = 882.728*Sdiff + -56.9995,5.390587951563544,6.777614234555138,3.8329180564688836
F = 1495.61*Sdiff + -69.8161,5.390587951563544,9.71793493540798,3.8854237832698275
F = 776.656*Sdiff + -52.2486,5.390587951563544,10.365505565952953,4.112948599407249
F = 882.728*Sdiff + -56.9995,5.390587951563544,7.162656231095392,4.217960053009137
F = 1053.52*Sdiff + -37.2843,5.390587951563544,8.597812763654517,5.005545955023291
F = 6970.19*Sdiff + 108.215,5.390587951563544,4.729890889318337,5.495599405165431
F = 763.635*Sdiff + -50.6857,5.390587951563544,8.825337579791938,5.653116585568262
F = 6970.19*Sdiff + 108.215,5.390587951563544,5.499974882398844,6.265683398245938
F = 4561.92*Sdiff + 34.4682,5.408089860497192,10.207988385550122,0.01750190893364787
F = 3288.11*Sdiff + 9.42553,5.408089860497192,8.632816581521812,0.05250572680094361
F = 903.177*Sdiff + -46.2356,5.408089860497192,6.882625688157026,0.6300687216113233
F = 4561.92*Sdiff + 34.4682,5.408089860497192,10.978072378630626,0.7875859020141542
F = 1772.21*Sdiff + -64.9311,5.408089860497192,7.110150504294448,1.2776393521562945
F = 910.168*Sdiff + -40.2221,5.408089860497192,8.545307036853574,2.0652252541704486
F = 886.665*Sdiff + -44.619,5.408089860497192,5.342457701996013,2.170236707772336
F = 3288.11*Sdiff + 9.42553,5.408089860497192,10.943068560763331,2.3627577060424625
F = 1643.96*Sdiff + -21.7826,5.408089860497192,7.67021159017118,2.3802596149761106
F = 1207.99*Sdiff + -31.0418,5.408089860497192,5.990028332540984,2.3977615239097583
F = 910.168*Sdiff + -40.2221,5.408089860497192,8.930349033393828,2.4502672507107017
F = 1643.96*Sdiff + -21.7826,5.408089860497192,8.615314672588164,3.3253626973930954
F = 1031.47*Sdiff + -51.1957,5.408089860497192,6.777614234555138,3.8329180564688836
F = 1772.21*Sdiff + -64.9311,5.408089860497192,9.71793493540798,3.8854237832698275
F = 903.177*Sdiff + -46.2356,5.408089860497192,10.365505565952953,4.112948599407249
F = 1031.47*Sdiff + -51.1957,5.408089860497192,7.162656231095392,4.217960053009137
F = 1207.99*Sdiff + -31.0418,5.408089860497192,8.597812763654517,5.005545955023291
F = 7377.45*Sdiff + 97.0808,5.408089860497192,4.729890889318337,5.495599405165431
F = 886.665*Sdiff + -44.619,5.408089860497192,8.825337579791938,5.653116585568262
F = 7377.45*Sdiff + 97.0808,5.408089860497192,5.499974882398844,6.265683398245938
F = 5188.5*Sdiff + 31.7473,5.42559176943084,10.207988385550122,0.01750190893364787
F = 3839.57*Sdiff + 9.39963,5.42559176943084,8.632816581521812,0.05250572680094361
F = 1134.03*Sdiff + -46.0272,5.42559176943084,6.882625688157026,0.6300687216113233
F = 5188.5*Sdiff + 31.7473,5.42559176943084,10.978072378630626,0.7875859020141542
F = 2293.21*Sdiff + -66.7119,5.42559176943084,7.110150504294448,1.2776393521562945
F = 1132.46*Sdiff + -39.6213,5.42559176943084,8.545307036853574,2.0652252541704486
F = 1110.55*Sdiff + -44.2927,5.42559176943084,5.342457701996013,2.170236707772336
F = 3839.57*Sdiff + 9.39963,5.42559176943084,10.943068560763331,2.3627577060424625
F = 1993.65*Sdiff + -20.6234,5.42559176943084,7.67021159017118,2.3802596149761106
F = 1483.08*Sdiff + -30.0708,5.42559176943084,5.990028332540984,2.3977615239097583
F = 1132.46*Sdiff + -39.6213,5.42559176943084,8.930349033393828,2.4502672507107017
F = 1993.65*Sdiff + -20.6234,5.42559176943084,8.615314672588164,3.3253626973930954
F = 1305.09*Sdiff + -51.4054,5.42559176943084,6.777614234555138,3.8329180564688836
F = 2293.21*Sdiff + -66.7119,5.42559176943084,9.71793493540798,3.8854237832698275
F = 1134.03*Sdiff + -46.0272,5.42559176943084,10.365505565952953,4.112948599407249
F = 1305.09*Sdiff + -51.4054,5.42559176943084,7.162656231095392,4.217960053009137
F = 1483.08*Sdiff + -30.0708,5.42559176943084,8.597812763654517,5.005545955023291
F = 7968.04*Sdiff + 82.6882,5.42559176943084,4.729890889318337,5.495599405165431
F = 1110.55*Sdiff + -44.2927,5.42559176943084,8.825337579791938,5.653116585568262
F = 7968.04*Sdiff + 82.6882,5.42559176943084,5.499974882398844,6.265683398245938
F = 6195.47*Sdiff + 23.9696,5.443093678364487,10.207988385550122,0.01750190893364787
F = 4786.29*Sdiff + 3.77364,5.443093678364487,8.632816581521812,0.05250572680094361
F = 1609.58*Sdiff + -55.4228,5.443093678364487,6.882625688157026,0.6300687216113233
F = 6195.47*Sdiff + 23.9696,5.443093678364487,10.978072378630626,0.7875859020141542
F = 3451.4*Sdiff + -80.8696,5.443093678364487,7.110150504294448,1.2776393521562945
F = 1579.89*Sdiff + -47.8924,5.443093678364487,8.545307036853574,2.0652252541704486
F = 1568.87*Sdiff + -53.3641,5.443093678364487,5.342457701996013,2.170236707772336
F = 4786.29*Sdiff + 3.77364,5.443093678364487,10.943068560763331,2.3627577060424625
F = 2653.22*Sdiff + -26.6015,5.443093678364487,7.67021159017118,2.3802596149761106
F = 2018.31*Sdiff + -37.0315,5.443093678364487,5.990028332540984,2.3977615239097583
F = 1579.89*Sdiff + -47.8924,5.443093678364487,8.930349033393828,2.4502672507107017
F = 2653.22*Sdiff + -26.6015,5.443093678364487,8.615314672588164,3.3253626973930954
F = 1879.89*Sdiff + -61.8948,5.443093678364487,6.777614234555138,3.8329180564688836
F = 3451.4*Sdiff + -80.8696,5.443093678364487,9.71793493540798,3.8854237832698275
F = 1609.58*Sdiff + -55.4228,5.443093678364487,10.365505565952953,4.112948599407249
F = 1879.89*Sdiff + -61.8948,5.443093678364487,7.162656231095392,4.217960053009137
F = 2018.31*Sdiff + -37.0315,5.443093678364487,8.597812763654517,5.005545955023291
F = 8778.13*Sdiff + 64.3115,5.443093678364487,4.729890889318337,5.495599405165431
F = 1568.87*Sdiff + -53.3641,5.443093678364487,8.825337579791938,5.653116585568262
F = 8778.13*Sdiff + 64.3115,5.443093678364487,5.499974882398844,6.265683398245938
F = 7868.11*Sdiff + 9.14339,5.460595587298136,10.207988385550122,0.01750190893364787
F = 6555.48*Sdiff + -10.4315,5.460595587298136,8.632816581521812,0.05250572680094361
F = 7868.11*Sdiff + 9.14339,5.460595587298136,10.978072378630626,0.7875859020141542
F = 2747.86*Sdiff + -75.3166,5.460595587298136,8.545307036853574,2.0652252541704486
F = 6555.48*Sdiff + -10.4315,5.460595587298136,10.943068560763331,2.3627577060424625
F = 4143.2*Sdiff + -45.9652,5.460595587298136,7.67021159017118,2.3802596149761106
F = 3312.42*Sdiff + -60.0193,5.460595587298136,5.990028332540984,2.3977615239097583
F = 2747.86*Sdiff + -75.3166,5.460595587298136,8.930349033393828,2.4502672507107017
F = 4143.2*Sdiff + -45.9652,5.460595587298136,8.615314672588164,3.3253626973930954
F = 13026.4*Sdiff + 99.7386,5.460595587298136,4.764894707185634,3.9204276011371233
F = 3312.42*Sdiff + -60.0193,5.460595587298136,8.597812763654517,5.005545955023291
F = 9847*Sdiff + 41.2827,5.460595587298136,4.729890889318337,5.495599405165431
F = 13026.4*Sdiff + 99.7386,5.460595587298136,7.075146686427152,6.230679580378642
F = 9847*Sdiff + 41.2827,5.460595587298136,5.499974882398844,6.265683398245938
F = 10863.5*Sdiff + -16.6934,5.478097496231784,10.207988385550122,0.01750190893364787
F = 10516.4*Sdiff + -41.2308,5.478097496231784,8.632816581521812,0.05250572680094361
F = 10863.5*Sdiff + -16.6934,5.478097496231784,10.978072378630626,0.7875859020141542
F = 10516.4*Sdiff + -41.2308,5.478097496231784,10.943068560763331,2.3627577060424625
F = 11523.4*Sdiff + 48.1337,5.478097496231784,4.764894707185634,3.9204276011371233
F = 11204.1*Sdiff + 13.2964,5.478097496231784,4.729890889318337,5.495599405165431
F = 11523.4*Sdiff + 48.1337,5.478097496231784,7.075146686427152,6.230679580378642
F = 11204.1*Sdiff + 13.2964,5.478097496231784,5.499974882398844,6.265683398245938
F = 16913.9*Sdiff + -60.2632,5.495599405165431,10.207988385550122,0.01750190893364787
F = 16913.9*Sdiff + -60.2632,5.495599405165431,10.978072378630626,0.7875859020141542
F = 4489.68*Sdiff + 100.147,5.495599405165431,7.110150504294448,1.2776393521562945
F = 5868.63*Sdiff + 73.6397,5.495599405165431,7.0926485953608,2.9578226097864904
F = 4489.68*Sdiff + 100.147,5.495599405165431,9.71793493540798,3.8854237832698275
F = 5868.63*Sdiff + 73.6397,5.495599405165431,8.037751677777784,3.902925692203475
F = 10238.4*Sdiff + 11.3941,5.495599405165431,4.764894707185634,3.9204276011371233
F = 12840.1*Sdiff + -18.9847,5.495599405165431,4.729890889318337,5.495599405165431
F = 10238.4*Sdiff + 11.3941,5.495599405165431,7.075146686427152,6.230679580378642
F = 12840.1*Sdiff + -18.9847,5.495599405165431,5.499974882398844,6.265683398245938
F = 1843.26*Sdiff + 60.7086,5.513101314099079,6.882625688157026,0.6300687216113233
F = 2710.38*Sdiff + 42.6335,5.513101314099079,7.110150504294448,1.2776393521562945
F = 2067.64*Sdiff + 69.3275,5.513101314099079,8.545307036853574,2.0652252541704486
F = 1860.78*Sdiff + 62.8334,5.513101314099079,5.342457701996013,2.170236707772336
F = 5496.05*Sdiff + 111.321,5.513101314099079,7.67021159017118,2.3802596149761106
F = 3293.53*Sdiff + 87.0541,5.513101314099079,5.990028332540984,2.3977615239097583
F = 2067.64*Sdiff + 69.3275,5.513101314099079,8.930349033393828,2.4502672507107017
F = 3879.17*Sdiff + 29.6172,5.513101314099079,7.0926485953608,2.9578226097864904
F = 5496.05*Sdiff + 111.321,5.513101314099079,8.615314672588164,3.3253626973930954
F = 1939.23*Sdiff + 54.9096,5.513101314099079,6.777614234555138,3.8329180564688836
F = 2710.38*Sdiff + 42.6335,5.513101314099079,9.71793493540798,3.8854237832698275
F = 3879.17*Sdiff + 29.6172,5.513101314099079,8.037751677777784,3.902925692203475
F = 9224.65*Sdiff + -16.1154,5.513101314099079,4.764894707185634,3.9204276011371233
F = 1843.26*Sdiff + 60.7086,5.513101314099079,10.365505565952953,4.112948599407249
F = 1939.23*Sdiff + 54.9096,5.513101314099079,7.162656231095392,4.217960053009137
F = 3293.53*Sdiff + 87.0541,5.513101314099079,8.597812763654517,5.005545955023291
F = 14661.2*Sdiff + -53.0965,5.513101314099079,4.729890889318337,5.495599405165431
F = 1860.78*Sdiff + 62.8334,5.513101314099079,8.825337579791938,5.653116585568262
F = 9224.65*Sdiff + -16.1154,5.513101314099079,7.075146686427152,6.230679580378642
F = 14661.2*Sdiff + -53.0965,5.513101314099079,5.499974882398844,6.265683398245938
F = 1296.62*Sdiff + 27.1952,5.5306032230327276,6.882625688157026,0.6300687216113233
F = 2007.07*Sdiff + 14.6794,5.5306032230327276,7.110150504294448,1.2776393521562945
F = 1423.08*Sdiff + 32.7168,5.5306032230327276,8.545307036853574,2.0652252541704486
F = 1301.73*Sdiff + 28.5805,5.5306032230327276,5.342457701996013,2.170236707772336
F = 3451.02*Sdiff + 56.2903,5.5306032230327276,7.67021159017118,2.3802596149761106
F = 2176.23*Sdiff + 43.3162,5.5306032230327276,5.990028332540984,2.3977615239097583
F = 1423.08*Sdiff + 32.7168,5.5306032230327276,8.930349033393828,2.4502672507107017
F = 2986.35*Sdiff + 4.74584,5.5306032230327276,7.0926485953608,2.9578226097864904
F = 3451.02*Sdiff + 56.2903,5.5306032230327276,8.615314672588164,3.3253626973930954
F = 1385.68*Sdiff + 23.3284,5.5306032230327276,6.777614234555138,3.8329180564688836
F = 2007.07*Sdiff + 14.6794,5.5306032230327276,9.71793493540798,3.8854237832698275
F = 2986.35*Sdiff + 4.74584,5.5306032230327276,8.037751677777784,3.902925692203475
F = 8458.68*Sdiff + -38.2517,5.5306032230327276,4.764894707185634,3.9204276011371233
F = 1296.62*Sdiff + 27.1952,5.5306032230327276,10.365505565952953,4.112948599407249
F = 1385.68*Sdiff + 23.3284,5.5306032230327276,7.162656231095392,4.217960053009137
F = 2176.23*Sdiff + 43.3162,5.5306032230327276,8.597812763654517,5.005545955023291
F = 1301.73*Sdiff + 28.5805,5.5306032230327276,8.825337579791938,5.653116585568262
F = 8458.68*Sdiff + -38.2517,5.5306032230327276,7.075146686427152,6.230679580378642
F = 9504.69*Sdiff + 96.7336,5.548105131966375,8.632816581521812,0.05250572680094361
F = 1045.66*Sdiff + 3.52391,5.548105131966375,6.882625688157026,0.6300687216113233
F = 1658.25*Sdiff + -6.8671,5.548105131966375,7.110150504294448,1.2776393521562945
F = 1136.41*Sdiff + 7.94443,5.548105131966375,8.545307036853574,2.0652252541704486
F = 1047.14*Sdiff + 4.64183,5.548105131966375,5.342457701996013,2.170236707772336
F = 9504.69*Sdiff + 96.7336,5.548105131966375,10.943068560763331,2.3627577060424625
F = 2650.3*Sdiff + 25.816,5.548105131966375,7.67021159017118,2.3802596149761106
F = 1707.27*Sdiff + 16.1791,5.548105131966375,5.990028332540984,2.3977615239097583
F = 1136.41*Sdiff + 7.94443,5.548105131966375,8.930349033393828,2.4502672507107017
F = 2515.78*Sdiff + -15.4854,5.548105131966375,7.0926485953608,2.9578226097864904
F = 2650.3*Sdiff + 25.816,5.548105131966375,8.615314672588164,3.3253626973930954
F = 1125.57*Sdiff + 0.370514,5.548105131966375,6.777614234555138,3.8329180564688836
F = 1658.25*Sdiff + -6.8671,5.548105131966375,9.71793493540798,3.8854237832698275
F = 2515.78*Sdiff + -15.4854,5.548105131966375,8.037751677777784,3.902925692203475
F = 7899.33*Sdiff + -57.3705,5.548105131966375,4.764894707185634,3.9204276011371233
F = 1045.66*Sdiff + 3.52391,5.548105131966375,10.365505565952953,4.112948599407249
F = 1125.57*Sdiff + 0.370514,5.548105131966375,7.162656231095392,4.217960053009137
F = 1707.27*Sdiff + 16.1791,5.548105131966375,8.597812763654517,5.005545955023291
F = 1047.14*Sdiff + 4.64183,5.548105131966375,8.825337579791938,5.653116585568262
F = 7899.33*Sdiff + -57.3705,5.548105131966375,7.075146686427152,6.230679580378642
F = 7702.41*Sdiff + 54.3043,5.565607040900023,8.632816581521812,0.05250572680094361
F = 916.34*Sdiff + -18.3819,5.565607040900023,6.882625688157026,0.6300687216113233
F = 1470.77*Sdiff + -27.4089,5.565607040900023,7.110150504294448,1.2776393521562945
F = 991.144*Sdiff + -14.6073,5.565607040900023,8.545307036853574,2.0652252541704486
F = 916.514*Sdiff + -17.4239,5.565607040900023,5.342457701996013,2.170236707772336
F = 7702.41*Sdiff + 54.3043,5.565607040900023,10.943068560763331,2.3627577060424625
F = 2269.61*Sdiff + 0.262897,5.565607040900023,7.67021159017118,2.3802596149761106
F = 1476.52*Sdiff + -7.67381,5.565607040900023,5.990028332540984,2.3977615239097583
F = 991.144*Sdiff + -14.6073,5.565607040900023,8.930349033393828,2.4502672507107017
F = 2253.8*Sdiff + -35.0725,5.565607040900023,7.0926485953608,2.9578226097864904
F = 2269.61*Sdiff + 0.262897,5.565607040900023,8.615314672588164,3.3253626973930954
F = 989.873*Sdiff + -21.0976,5.565607040900023,6.777614234555138,3.8329180564688836
F = 1470.77*Sdiff + -27.4089,5.565607040900023,9.71793493540798,3.8854237832698275
F = 2253.8*Sdiff + -35.0725,5.565607040900023,8.037751677777784,3.902925692203475
F = 7506.56*Sdiff + -74.731,5.565607040900023,4.764894707185634,3.9204276011371233
F = 916.34*Sdiff + -18.3819,5.565607040900023,10.365505565952953,4.112948599407249
F = 989.873*Sdiff + -21.0976,5.565607040900023,7.162656231095392,4.217960053009137
F = 1476.52*Sdiff + -7.67381,5.565607040900023,8.597812763654517,5.005545955023291
F = 916.514*Sdiff + -17.4239,5.565607040900023,8.825337579791938,5.653116585568262
F = 7506.56*Sdiff + -74.731,5.565607040900023,7.075146686427152,6.230679580378642
F = 6926.2*Sdiff + 19.4049,5.583108949833671,8.632816581521812,0.05250572680094361
F = 849.963*Sdiff + -40.4331,5.583108949833671,6.882625688157026,0.6300687216113233
F = 1371.54*Sdiff + -48.2081,5.583108949833671,7.110150504294448,1.2776393521562945
F = 917.451*Sdiff + -37.2018,5.583108949833671,8.545307036853574,2.0652252541704486
F = 849.669*Sdiff + -39.6121,5.583108949833671,5.342457701996013,2.170236707772336
F = 6926.2*Sdiff + 19.4049,5.583108949833671,10.943068560763331,2.3627577060424625
F = 2084.74*Sdiff + -24.6346,5.583108949833671,7.67021159017118,2.3802596149761106
F = 1361.83*Sdiff + -31.2985,5.583108949833671,5.990028332540984,2.3977615239097583
F = 917.451*Sdiff + -37.2018,5.583108949833671,8.930349033393828,2.4502672507107017
F = 2111.36*Sdiff + -54.9089,5.583108949833671,7.0926485953608,2.9578226097864904
F = 2084.74*Sdiff + -24.6346,5.583108949833671,8.615314672588164,3.3253626973930954
F = 919.596*Sdiff + -42.7638,5.583108949833671,6.777614234555138,3.8329180564688836
F = 1371.54*Sdiff + -48.2081,5.583108949833671,9.71793493540798,3.8854237832698275
F = 2111.36*Sdiff + -54.9089,5.583108949833671,8.037751677777784,3.902925692203475
F = 849.963*Sdiff + -40.4331,5.583108949833671,10.365505565952953,4.112948599407249
F = 919.596*Sdiff + -42.7638,5.583108949833671,7.162656231095392,4.217960053009137
F = 1361.83*Sdiff + -31.2985,5.583108949833671,8.597812763654517,5.005545955023291
F = 849.669*Sdiff + -39.6121,5.583108949833671,8.825337579791938,5.653116585568262
F = 17605.5*Sdiff + 87.446,5.600610858767318,10.207988385550122,0.01750190893364787
F = 6642.28*Sdiff + -11.9704,5.600610858767318,8.632816581521812,0.05250572680094361
F = 17605.5*Sdiff + 87.446,5.600610858767318,10.978072378630626,0.7875859020141542
F = 6642.28*Sdiff + -11.9704,5.600610858767318,10.943068560763331,2.3627577060424625
