position (mm),time (seconds since jan 1 1975)
77,1791347379.3827572
77,1791347379.487477
77,1791347379.562919
76,1791347379.6377127
76,1791347379.7120266
76,1791347379.7858353
75,1791347379.8626318
75,1791347379.9374442
75,1791347380.0122445
75,1791347380.0870442
74,1791347380.16236
74,1791347380.237157
74,1791347380.3124795
73,1791347380.387282
73,1791347380.4621022
73,1791347380.5369134
72,1791347380.6127107
72,1791347380.6870246
72,1791347380.761349
71,1791347380.838146
71,1791347380.942941
71,1791347381.047678
70,1791347381.1227698
70,1791347381.2274895
70,1791347381.3317406
69,1791347381.405546
69,1791347381.4798791
69,1791347381.5556767
68,1791347381.6311932
68,1791347381.7055056
68,1791347381.7797065
67,1791347381.8844266
67,1791347381.9603226
67,1791347382.0350556
66,1791347382.1098552
66,1791347382.1846557
66,1791347382.289375
65,1791347382.3646858
65,1791347382.4395816
65,1791347382.5213742
64,1791347382.596174
64,1791347382.6699882
64,1791347382.7453094
63,1791347382.8495626
63,1791347382.924363
63,1791347383.0286708
62,1791347383.1041503
62,1791347383.178489
62,1791347383.2533033
61,1791347383.3281257
61,1791347383.4039242
61,1791347383.4777257
60,1791347383.553057
60,1791347383.6278567
60,1791347383.7026691
59,1791347383.777484
59,1791347383.8827162
59,1791347383.9570642
58,1791347384.0308619
58,1791347384.1365905
58,1791347384.212387
57,1791347384.317116
57,1791347384.3924382
57,1791347384.4667377
56,1791347384.5431025
56,1791347384.6473346
56,1791347384.7530527
55,1791347384.8287117
55,1791347384.9035087
54,1791347385.008231
54,1791347385.083029
54,1791347385.1877892
53,1791347385.2918565
53,1791347385.3656833
53,1791347385.4417162
52,1791347385.5459554
52,1791347385.650672
51,1791347385.7304783
51,1791347385.8052785
51,1791347385.9100337
50,1791347385.985109
50,1791347386.0599096
50,1791347386.1342325
49,1791347386.2389596
49,1791347386.313753
49,1791347386.3895612
48,1791347386.4628947
48,1791347386.5681942
48,1791347386.649986
47,1791347386.7247925
47,1791347386.7995954
47,1791347386.904314
46,1791347387.0090432
46,1791347387.0838432
45,1791347387.1582413
45,1791347387.233997
45,1791347387.308758
45,1791347387.3835526
44,1791347387.4583628
44,1791347387.5331633
44,1791347387.6079628
43,1791347387.682769
43,1791347387.7575753
43,1791347387.83189
42,1791347387.9356518
42,1791347388.0408702
42,1791347388.1156704
41,1791347388.2199175
41,1791347388.3246374
40,1791347388.399716
40,1791347388.504447
40,1791347388.5792582
39,1791347388.6540468
39,1791347388.7278495
39,1791347388.803163
38,1791347388.8784513
38,1791347388.9542613
38,1791347389.0290644
37,1791347389.1038613
37,1791347389.17822
37,1791347389.2530196
37,1791347389.3571615
36,1791347389.4319808
36,1791347389.5078049
36,1791347389.582606
35,1791347389.686839
35,1791347389.7616394
34,1791347389.837438
34,1791347389.9112468
34,1791347389.9865692
34,1791347390.06137
33,1791347390.1361651
33,1791347390.2114935
33,1791347390.2862852
32,1791347390.360597
32,1791347390.4353979
32,1791347390.5101972
31,1791347390.5879693
31,1791347390.6632822
31,1791347390.738257
30,1791347390.8128822
30,1791347390.8877006
30,1791347390.9625
30,1791347391.067222
29,1791347391.1416714
29,1791347391.2154744
28,1791347391.2912724
28,1791347391.3650746
28,1791347391.4403877
28,1791347391.5451083
27,1791347391.6209054
27,1791347391.6952832
27,1791347391.7695699
26,1791347391.8740735
26,1791347391.948874
25,1791347392.0236747
25,1791347392.0984743
25,1791347392.1727924
25,1791347392.2476044
24,1791347392.322423
24,1791347392.426919
23,1791347392.5027156
23,1791347392.5770824
23,1791347392.6518822
23,1791347392.75612
22,1791347392.8309283
22,1791347392.9071314
22,1791347393.0116978
21,1791347393.1163738
21,1791347393.2206125
20,1791347393.295413
20,1791347393.370214
20,1791347393.446024
19,1791347393.5204115
19,1791347393.5962794
19,1791347393.6710906
18,1791347393.7458906
18,1791347393.8269799
18,1791347393.902785
17,1791347393.9766593
17,1791347394.0594325
17,1791347394.1332343
16,1791347394.2374883
16,1791347394.3417141
16,1791347394.417021
15,1791347394.4918482
15,1791347394.5961347
15,1791347394.6699367
14,1791347394.7457342
14,1791347394.8210428
14,1791347394.9256272
13,1791347395.0303602
13,1791347395.1051583
12,1791347395.1802344
12,1791347395.2547715
12,1791347395.35967
11,1791347395.4643986
11,1791347395.5691292
11,1791347395.6509125
10,1791347395.7257102
10,1791347395.8005195
10,1791347395.876228
9,1791347395.9510264
9,1791347396.0268388
9,1791347396.1026363
8,1791347396.2078748
8,1791347396.2826746
8,1791347396.3570373
7,1791347396.462277
7,1791347396.5370698
7,1791347396.6113937
6,1791347396.7156377
6,1791347396.8198836
5,1791347396.9251242
5,1791347396.999924
5,1791347397.1046448
4,1791347397.1804414
4,1791347397.258762
4,1791347397.3330731
3,1791347397.4084253
3,1791347397.483225
3,1791347397.5565414
2,1791347397.6323385
2,1791347397.707152
2,1791347397.8118792
1,1791347397.8856823
1,1791347397.9604826
1,1791347398.0352936
0,1791347398.1100993
0,1791347398.190909
0,1791347398.2651253
0,1791347398.339884
0,1791347398.4153495
0,1791347398.490157
0,1791347398.564477
0,1791347398.669194
0,1791347398.7734036
0,1791347398.877124
