power 1 (W),time (seconds since jan 1 1975),power 2 (W),time (seconds since jan 1 1975),Sdifference
1.24E-09,1750358261,3.51E-09,1750358261,-4.78E-01
1.23E-09,1750358261,3.51E-09,1750358261,-4.81E-01
1.23E-09,1750358261,3.51E-09,1750358261,-4.81E-01
1.23E-09,1750358261,3.51E-09,1750358261,-4.81E-01
1.23E-09,1750358261,3.51E-09,1750358261,-4.81E-01
1.23E-09,1750358261,3.50E-09,1750358261,-4.80E-01
1.23E-09,1750358261,3.50E-09,1750358261,-4.80E-01
1.23E-09,1750358261,3.50E-09,1750358261,-4.80E-01
1.23E-09,1750358261,3.50E-09,1750358261,-4.80E-01
1.23E-09,1750358262,3.49E-09,1750358261,-4.79E-01
1.23E-09,1750358262,3.49E-09,1750358262,-4.79E-01
1.23E-09,1750358262,3.49E-09,1750358262,-4.79E-01
1.23E-09,1750358262,3.49E-09,1750358262,-4.79E-01
1.23E-09,1750358262,3.48E-09,1750358262,-4.78E-01
1.23E-09,1750358262,3.48E-09,1750358262,-4.78E-01
1.23E-09,1750358262,3.48E-09,1750358262,-4.78E-01
1.22E-09,1750358262,3.48E-09,1750358262,-4.81E-01
1.22E-09,1750358262,3.48E-09,1750358262,-4.81E-01
1.22E-09,1750358262,3.48E-09,1750358262,-4.81E-01
1.22E-09,1750358262,3.48E-09,1750358262,-4.81E-01
1.21E-09,1750358262,3.49E-09,1750358262,-4.85E-01
1.21E-09,1750358262,3.49E-09,1750358262,-4.85E-01
1.21E-09,1750358262,3.49E-09,1750358262,-4.85E-01
1.20E-09,1750358263,3.48E-09,1750358262,-4.87E-01
1.20E-09,1750358263,3.47E-09,1750358262,-4.86E-01
1.20E-09,1750358263,3.45E-09,1750358263,-4.84E-01
1.19E-09,1750358263,3.44E-09,1750358263,-4.86E-01
1.19E-09,1750358263,3.42E-09,1750358263,-4.84E-01
1.19E-09,1750358263,3.40E-09,1750358263,-4.81E-01
1.18E-09,1750358263,3.38E-09,1750358263,-4.82E-01
1.18E-09,1750358263,3.36E-09,1750358263,-4.80E-01
1.17E-09,1750358263,3.33E-09,1750358263,-4.80E-01
1.16E-09,1750358263,3.28E-09,1750358263,-4.77E-01
1.16E-09,1750358263,3.25E-09,1750358263,-4.74E-01
1.15E-09,1750358263,3.23E-09,1750358263,-4.75E-01
1.14E-09,1750358263,3.20E-09,1750358263,-4.75E-01
1.14E-09,1750358263,3.16E-09,1750358263,-4.70E-01
1.13E-09,1750358263,3.13E-09,1750358263,-4.69E-01
1.12E-09,1750358264,3.09E-09,1750358263,-4.68E-01
1.11E-09,1750358264,3.05E-09,1750358264,-4.66E-01
1.11E-09,1750358264,3.01E-09,1750358264,-4.61E-01
1.10E-09,1750358264,2.96E-09,1750358264,-4.58E-01
1.08E-09,1750358264,2.90E-09,1750358264,-4.57E-01
1.07E-09,1750358264,2.78E-09,1750358264,-4.44E-01
1.06E-09,1750358264,2.73E-09,1750358264,-4.41E-01
1.05E-09,1750358264,2.68E-09,1750358264,-4.37E-01
1.05E-09,1750358264,2.63E-09,1750358264,-4.29E-01
1.04E-09,1750358264,2.59E-09,1750358264,-4.27E-01
1.04E-09,1750358264,2.55E-09,1750358264,-4.21E-01
1.04E-09,1750358264,2.52E-09,1750358264,-4.16E-01
1.04E-09,1750358264,2.50E-09,1750358264,-4.12E-01
1.04E-09,1750358264,2.47E-09,1750358264,-4.07E-01
1.04E-09,1750358264,2.45E-09,1750358264,-4.04E-01
1.04E-09,1750358265,2.43E-09,1750358265,-4.01E-01
1.04E-09,1750358265,2.41E-09,1750358265,-3.97E-01
1.05E-09,1750358265,2.40E-09,1750358265,-3.91E-01
1.05E-09,1750358265,2.39E-09,1750358265,-3.90E-01
1.06E-09,1750358265,2.38E-09,1750358265,-3.84E-01
1.07E-09,1750358265,2.37E-09,1750358265,-3.78E-01
1.08E-09,1750358265,2.37E-09,1750358265,-3.74E-01
1.09E-09,1750358265,2.37E-09,1750358265,-3.70E-01
1.10E-09,1750358265,2.38E-09,1750358265,-3.68E-01
1.11E-09,1750358265,2.39E-09,1750358265,-3.66E-01
1.12E-09,1750358265,2.40E-09,1750358265,-3.64E-01
1.14E-09,1750358265,2.43E-09,1750358265,-3.61E-01
1.15E-09,1750358265,2.46E-09,1750358265,-3.63E-01
1.16E-09,1750358265,2.50E-09,1750358265,-3.66E-01
1.17E-09,1750358265,2.55E-09,1750358265,-3.71E-01
1.18E-09,1750358266,2.60E-09,1750358266,-3.76E-01
1.18E-09,1750358266,2.65E-09,1750358266,-3.84E-01
1.19E-09,1750358266,2.71E-09,1750358266,-3.90E-01
1.20E-09,1750358266,2.77E-09,1750358266,-3.95E-01
1.21E-09,1750358266,2.83E-09,1750358266,-4.01E-01
1.23E-09,1750358266,2.89E-09,1750358266,-4.03E-01
1.25E-09,1750358266,2.95E-09,1750358266,-4.05E-01
1.26E-09,1750358266,3.00E-09,1750358266,-4.08E-01
1.28E-09,1750358266,3.05E-09,1750358266,-4.09E-01
1.31E-09,1750358266,3.08E-09,1750358266,-4.03E-01
1.33E-09,1750358266,3.11E-09,1750358266,-4.01E-01
1.36E-09,1750358266,3.14E-09,1750358266,-3.96E-01
1.37E-09,1750358266,3.15E-09,1750358266,-3.94E-01
1.39E-09,1750358267,3.16E-09,1750358266,-3.89E-01
1.43E-09,1750358267,3.17E-09,1750358266,-3.78E-01
1.44E-09,1750358267,3.17E-09,1750358267,-3.75E-01
1.45E-09,1750358267,3.16E-09,1750358267,-3.71E-01
1.46E-09,1750358267,3.15E-09,1750358267,-3.67E-01
1.46E-09,1750358267,3.13E-09,1750358267,-3.64E-01
1.46E-09,1750358267,3.11E-09,1750358267,-3.61E-01
1.45E-09,1750358267,3.09E-09,1750358267,-3.61E-01
1.43E-09,1750358267,3.06E-09,1750358267,-3.63E-01
1.41E-09,1750358267,3.02E-09,1750358267,-3.63E-01
1.39E-09,1750358267,2.98E-09,1750358267,-3.64E-01
1.36E-09,1750358267,2.94E-09,1750358267,-3.67E-01
1.33E-09,1750358267,2.88E-09,1750358267,-3.68E-01
1.30E-09,1750358267,2.83E-09,1750358267,-3.70E-01
1.28E-09,1750358268,2.76E-09,1750358267,-3.66E-01
1.25E-09,1750358268,2.69E-09,1750358267,-3.65E-01
1.23E-09,1750358268,2.62E-09,1750358267,-3.61E-01
1.21E-09,1750358268,2.55E-09,1750358268,-3.56E-01
1.20E-09,1750358268,2.48E-09,1750358268,-3.48E-01
1.19E-09,1750358268,2.41E-09,1750358268,-3.39E-01
1.18E-09,1750358268,2.34E-09,1750358268,-3.30E-01
1.18E-09,1750358268,2.28E-09,1750358268,-3.18E-01
1.18E-09,1750358268,2.21E-09,1750358268,-3.04E-01
1.19E-09,1750358268,2.15E-09,1750358268,-2.87E-01
1.19E-09,1750358268,2.09E-09,1750358268,-2.74E-01
1.20E-09,1750358268,2.04E-09,1750358268,-2.59E-01
1.21E-09,1750358268,1.99E-09,1750358268,-2.44E-01
1.22E-09,1750358268,1.95E-09,1750358268,-2.30E-01
1.23E-09,1750358268,1.91E-09,1750358268,-2.17E-01
1.24E-09,1750358269,1.87E-09,1750358268,-2.03E-01
1.25E-09,1750358269,1.84E-09,1750358268,-1.91E-01
1.26E-09,1750358269,1.81E-09,1750358268,-1.79E-01
1.26E-09,1750358269,1.78E-09,1750358269,-1.71E-01
1.27E-09,1750358269,1.74E-09,1750358269,-1.56E-01
1.27E-09,1750358269,1.70E-09,1750358269,-1.45E-01
1.28E-09,1750358269,1.66E-09,1750358269,-1.29E-01
1.28E-09,1750358269,1.61E-09,1750358269,-1.14E-01
1.28E-09,1750358269,1.56E-09,1750358269,-9.86E-02
1.28E-09,1750358269,1.51E-09,1750358269,-8.24E-02
1.28E-09,1750358269,1.46E-09,1750358269,-6.57E-02
1.29E-09,1750358269,1.42E-09,1750358269,-4.80E-02
1.29E-09,1750358269,1.37E-09,1750358269,-3.01E-02
1.30E-09,1750358269,1.33E-09,1750358269,-1.14E-02
1.30E-09,1750358269,1.29E-09,1750358269,3.86E-03
1.31E-09,1750358270,1.26E-09,1750358269,1.95E-02
1.31E-09,1750358270,1.23E-09,1750358269,3.15E-02
1.31E-09,1750358270,1.20E-09,1750358269,4.38E-02
1.31E-09,1750358270,1.17E-09,1750358270,5.65E-02
1.31E-09,1750358270,1.15E-09,1750358270,6.50E-02
1.31E-09,1750358270,1.13E-09,1750358270,7.38E-02
1.31E-09,1750358270,1.11E-09,1750358270,8.26E-02
1.31E-09,1750358270,1.09E-09,1750358270,9.17E-02
1.32E-09,1750358270,1.07E-09,1750358270,1.05E-01
1.33E-09,1750358270,1.05E-09,1750358270,1.18E-01
1.34E-09,1750358270,1.04E-09,1750358270,1.26E-01
1.35E-09,1750358270,1.03E-09,1750358270,1.34E-01
1.37E-09,1750358270,1.02E-09,1750358270,1.46E-01
1.39E-09,1750358270,1.01E-09,1750358270,1.58E-01
1.41E-09,1750358270,1.00E-09,1750358270,1.70E-01
1.44E-09,1750358271,9.98E-10,1750358270,1.81E-01
1.46E-09,1750358271,9.95E-10,1750358270,1.89E-01
1.49E-09,1750358271,9.96E-10,1750358270,1.99E-01
1.51E-09,1750358271,9.99E-10,1750358271,2.04E-01
1.54E-09,1750358271,1.01E-09,1750358271,2.08E-01
1.56E-09,1750358271,1.01E-09,1750358271,2.14E-01
1.59E-09,1750358271,1.03E-09,1750358271,2.14E-01
1.61E-09,1750358271,1.04E-09,1750358271,2.15E-01
1.65E-09,1750358271,1.06E-09,1750358271,2.18E-01
1.67E-09,1750358271,1.08E-09,1750358271,2.15E-01
1.68E-09,1750358271,1.09E-09,1750358271,2.13E-01
1.71E-09,1750358271,1.11E-09,1750358271,2.13E-01
1.72E-09,1750358271,1.12E-09,1750358271,2.11E-01
1.73E-09,1750358272,1.13E-09,1750358271,2.10E-01
1.73E-09,1750358272,1.14E-09,1750358271,2.06E-01
1.74E-09,1750358272,1.14E-09,1750358271,2.08E-01
1.75E-09,1750358272,1.14E-09,1750358271,2.11E-01
1.76E-09,1750358272,1.14E-09,1750358271,2.14E-01
1.76E-09,1750358272,1.14E-09,1750358272,2.14E-01
1.77E-09,1750358272,1.14E-09,1750358272,2.16E-01
1.77E-09,1750358272,1.14E-09,1750358272,2.16E-01
1.78E-09,1750358272,1.14E-09,1750358272,2.19E-01
1.78E-09,1750358272,1.13E-09,1750358272,2.23E-01
1.79E-09,1750358272,1.13E-09,1750358272,2.26E-01
1.79E-09,1750358272,1.12E-09,1750358272,2.30E-01
1.80E-09,1750358272,1.11E-09,1750358272,2.37E-01
1.80E-09,1750358272,1.10E-09,1750358272,2.41E-01
1.80E-09,1750358272,1.09E-09,1750358272,2.46E-01
1.81E-09,1750358273,1.08E-09,1750358272,2.53E-01
1.81E-09,1750358273,1.07E-09,1750358272,2.57E-01
1.82E-09,1750358273,1.06E-09,1750358272,2.64E-01
1.82E-09,1750358273,1.04E-09,1750358272,2.73E-01
1.82E-09,1750358273,1.03E-09,1750358272,2.77E-01
1.82E-09,1750358273,1.02E-09,1750358273,2.82E-01
1.82E-09,1750358273,1.00E-09,1750358273,2.91E-01
1.82E-09,1750358273,9.86E-10,1750358273,2.97E-01
1.82E-09,1750358273,9.71E-10,1750358273,3.04E-01
1.82E-09,1750358273,9.56E-10,1750358273,3.11E-01
1.82E-09,1750358273,9.40E-10,1750358273,3.19E-01
1.83E-09,1750358273,9.25E-10,1750358273,3.28E-01
1.83E-09,1750358273,9.10E-10,1750358273,3.36E-01
1.83E-09,1750358273,8.95E-10,1750358273,3.43E-01
1.83E-09,1750358273,8.79E-10,1750358273,3.51E-01
1.83E-09,1750358274,8.64E-10,1750358273,3.59E-01
1.82E-09,1750358274,8.50E-10,1750358273,3.63E-01
1.82E-09,1750358274,8.36E-10,1750358273,3.70E-01
1.82E-09,1750358274,8.24E-10,1750358273,3.77E-01
1.81E-09,1750358274,8.10E-10,1750358273,3.82E-01
1.80E-09,1750358274,8.00E-10,1750358274,3.85E-01
1.80E-09,1750358274,7.90E-10,1750358274,3.90E-01
1.79E-09,1750358274,7.82E-10,1750358274,3.92E-01
1.78E-09,1750358274,7.75E-10,1750358274,3.93E-01
1.78E-09,1750358274,7.69E-10,1750358274,3.97E-01
1.76E-09,1750358274,7.65E-10,1750358274,3.94E-01
1.76E-09,1750358274,7.62E-10,1750358274,3.96E-01
1.76E-09,1750358274,7.62E-10,1750358274,3.96E-01
1.76E-09,1750358274,7.62E-10,1750358274,3.96E-01
1.76E-09,1750358275,7.64E-10,1750358274,3.95E-01
1.76E-09,1750358275,7.67E-10,1750358274,3.93E-01
1.76E-09,1750358275,7.72E-10,1750358274,3.90E-01
1.76E-09,1750358275,7.79E-10,1750358274,3.86E-01
1.77E-09,1750358275,7.86E-10,1750358274,3.85E-01
1.77E-09,1750358275,7.95E-10,1750358274,3.80E-01
1.77E-09,1750358275,8.04E-10,1750358275,3.75E-01
1.78E-09,1750358275,8.15E-10,1750358275,3.72E-01
1.79E-09,1750358275,8.28E-10,1750358275,3.67E-01
1.79E-09,1750358275,8.41E-10,1750358275,3.61E-01
1.79E-09,1750358275,8.55E-10,1750358275,3.53E-01
1.80E-09,1750358275,8.71E-10,1750358275,3.48E-01
1.80E-09,1750358275,8.87E-10,1750358275,3.40E-01
1.80E-09,1750358275,9.05E-10,1750358275,3.31E-01
1.80E-09,1750358275,9.22E-10,1750358275,3.23E-01
1.80E-09,1750358276,9.39E-10,1750358275,3.14E-01
1.80E-09,1750358276,9.57E-10,1750358275,3.06E-01
1.80E-09,1750358276,9.74E-10,1750358275,2.98E-01
1.79E-09,1750358276,9.90E-10,1750358275,2.88E-01
1.79E-09,1750358276,1.01E-09,1750358275,2.79E-01
1.79E-09,1750358276,1.02E-09,1750358275,2.74E-01
1.78E-09,1750358276,1.04E-09,1750358276,2.62E-01
1.78E-09,1750358276,1.05E-09,1750358276,2.58E-01
1.78E-09,1750358276,1.06E-09,1750358276,2.54E-01
1.77E-09,1750358276,1.07E-09,1750358276,2.46E-01
1.77E-09,1750358276,1.08E-09,1750358276,2.42E-01
1.77E-09,1750358276,1.09E-09,1750358276,2.38E-01
1.77E-09,1750358276,1.10E-09,1750358276,2.33E-01
1.76E-09,1750358276,1.10E-09,1750358276,2.31E-01
1.76E-09,1750358276,1.11E-09,1750358276,2.26E-01
1.76E-09,1750358277,1.11E-09,1750358276,2.26E-01
1.76E-09,1750358277,1.12E-09,1750358276,2.22E-01
1.76E-09,1750358277,1.12E-09,1750358276,2.22E-01
1.76E-09,1750358277,1.12E-09,1750358276,2.22E-01
1.76E-09,1750358277,1.12E-09,1750358276,2.22E-01
1.76E-09,1750358277,1.12E-09,1750358276,2.22E-01
1.76E-09,1750358277,1.12E-09,1750358277,2.22E-01
1.76E-09,1750358277,1.11E-09,1750358277,2.26E-01
1.76E-09,1750358277,1.11E-09,1750358277,2.26E-01
1.76E-09,1750358277,1.10E-09,1750358277,2.31E-01
1.76E-09,1750358277,1.10E-09,1750358277,2.31E-01
1.76E-09,1750358277,1.09E-09,1750358277,2.35E-01
1.76E-09,1750358277,1.08E-09,1750358277,2.39E-01
1.76E-09,1750358277,1.08E-09,1750358277,2.39E-01
1.76E-09,1750358277,1.07E-09,1750358277,2.44E-01
1.75E-09,1750358278,1.07E-09,1750358277,2.41E-01
1.75E-09,1750358278,1.06E-09,1750358277,2.46E-01
1.75E-09,1750358278,1.05E-09,1750358277,2.50E-01
1.75E-09,1750358278,1.05E-09,1750358277,2.50E-01
1.75E-09,1750358278,1.04E-09,1750358277,2.54E-01
1.75E-09,1750358278,1.03E-09,1750358277,2.59E-01
1.74E-09,1750358278,1.03E-09,1750358278,2.56E-01
1.75E-09,1750358278,1.02E-09,1750358278,2.64E-01
1.75E-09,1750358278,1.02E-09,1750358278,2.64E-01
1.75E-09,1750358278,1.01E-09,1750358278,2.68E-01
1.75E-09,1750358278,1.01E-09,1750358278,2.68E-01
1.75E-09,1750358278,1.01E-09,1750358278,2.68E-01
1.75E-09,1750358278,1.01E-09,1750358278,2.68E-01
1.76E-09,1750358278,1.00E-09,1750358278,2.75E-01
1.76E-09,1750358278,1.01E-09,1750358278,2.71E-01
1.76E-09,1750358279,1.01E-09,1750358278,2.71E-01
1.76E-09,1750358279,1.01E-09,1750358278,2.71E-01
1.76E-09,1750358279,1.01E-09,1750358278,2.71E-01
1.76E-09,1750358279,1.01E-09,1750358278,2.71E-01
1.76E-09,1750358279,1.01E-09,1750358278,2.71E-01
1.76E-09,1750358279,1.01E-09,1750358278,2.71E-01
1.75E-09,1750358279,1.01E-09,1750358279,2.68E-01
1.75E-09,1750358279,1.02E-09,1750358279,2.64E-01
1.75E-09,1750358279,1.02E-09,1750358279,2.64E-01
1.75E-09,1750358279,1.02E-09,1750358279,2.64E-01
1.74E-09,1750358279,1.02E-09,1750358279,2.61E-01
1.74E-09,1750358279,1.03E-09,1750358279,2.56E-01
1.74E-09,1750358279,1.03E-09,1750358279,2.56E-01
1.74E-09,1750358279,1.03E-09,1750358279,2.56E-01
1.74E-09,1750358279,1.04E-09,1750358279,2.52E-01
1.73E-09,1750358280,1.04E-09,1750358279,2.49E-01
1.73E-09,1750358280,1.04E-09,1750358279,2.49E-01
1.74E-09,1750358280,1.04E-09,1750358279,2.52E-01
1.74E-09,1750358280,1.04E-09,1750358279,2.52E-01
1.74E-09,1750358280,1.04E-09,1750358279,2.52E-01
1.74E-09,1750358280,1.04E-09,1750358279,2.52E-01
1.74E-09,1750358280,1.04E-09,1750358280,2.52E-01
1.75E-09,1750358280,1.04E-09,1750358280,2.54E-01
1.75E-09,1750358280,1.04E-09,1750358280,2.54E-01
1.75E-09,1750358280,1.04E-09,1750358280,2.54E-01
1.76E-09,1750358280,1.04E-09,1750358280,2.57E-01
1.76E-09,1750358280,1.03E-09,1750358280,2.62E-01
1.76E-09,1750358280,1.03E-09,1750358280,2.62E-01
1.76E-09,1750358280,1.02E-09,1750358280,2.66E-01
1.76E-09,1750358280,1.02E-09,1750358280,2.66E-01
1.76E-09,1750358281,1.01E-09,1750358280,2.71E-01
1.76E-09,1750358281,9.99E-10,1750358280,2.76E-01
1.76E-09,1750358281,9.91E-10,1750358280,2.80E-01
1.76E-09,1750358281,9.83E-10,1750358280,2.83E-01
1.76E-09,1750358281,9.74E-10,1750358280,2.87E-01
1.76E-09,1750358281,9.65E-10,1750358280,2.92E-01
1.75E-09,1750358281,9.55E-10,1750358281,2.94E-01
1.75E-09,1750358281,9.44E-10,1750358281,2.99E-01
1.75E-09,1750358281,9.33E-10,1750358281,3.05E-01
1.75E-09,1750358281,9.22E-10,1750358281,3.10E-01
1.74E-09,1750358281,9.11E-10,1750358281,3.13E-01
1.74E-09,1750358281,8.99E-10,1750358281,3.19E-01
1.74E-09,1750358281,8.88E-10,1750358281,3.24E-01
1.74E-09,1750358281,8.76E-10,1750358281,3.30E-01
1.73E-09,1750358281,8.64E-10,1750358281,3.34E-01
1.73E-09,1750358282,8.52E-10,1750358281,3.40E-01
1.73E-09,1750358282,8.41E-10,1750358281,3.46E-01
1.73E-09,1750358282,8.30E-10,1750358281,3.52E-01
1.72E-09,1750358282,8.21E-10,1750358281,3.54E-01
1.72E-09,1750358282,8.12E-10,1750358281,3.59E-01
1.72E-09,1750358282,8.03E-10,1750358281,3.63E-01
1.72E-09,1750358282,7.94E-10,1750358282,3.68E-01
1.73E-09,1750358282,7.86E-10,1750358282,3.75E-01
1.73E-09,1750358282,7.78E-10,1750358282,3.80E-01
1.73E-09,1750358282,7.71E-10,1750358282,3.83E-01
1.73E-09,1750358282,7.63E-10,1750358282,3.88E-01
1.74E-09,1750358282,7.58E-10,1750358282,3.93E-01
1.74E-09,1750358282,7.53E-10,1750358282,3.96E-01
1.74E-09,1750358282,7.49E-10,1750358282,3.98E-01
1.75E-09,1750358282,7.48E-10,1750358282,4.01E-01
1.75E-09,1750358283,7.48E-10,1750358282,4.01E-01
1.74E-09,1750358283,7.48E-10,1750358282,3.99E-01
1.74E-09,1750358283,7.50E-10,1750358282,3.98E-01
1.74E-09,1750358283,7.52E-10,1750358282,3.96E-01
1.74E-09,1750358283,7.55E-10,1750358282,3.95E-01
1.73E-09,1750358283,7.60E-10,1750358282,3.90E-01
1.73E-09,1750358283,7.65E-10,1750358283,3.87E-01
1.73E-09,1750358283,7.72E-10,1750358283,3.83E-01
1.72E-09,1750358283,7.78E-10,1750358283,3.77E-01
1.72E-09,1750358283,7.86E-10,1750358283,3.73E-01
1.72E-09,1750358283,7.95E-10,1750358283,3.68E-01
1.72E-09,1750358283,8.04E-10,1750358283,3.63E-01
1.72E-09,1750358283,8.13E-10,1750358283,3.58E-01
1.71E-09,1750358283,8.22E-10,1750358283,3.51E-01
1.71E-09,1750358283,8.31E-10,1750358283,3.46E-01
1.71E-09,1750358284,8.39E-10,1750358283,3.42E-01
1.71E-09,1750358284,8.46E-10,1750358283,3.38E-01
1.71E-09,1750358284,8.53E-10,1750358283,3.34E-01
1.71E-09,1750358284,8.61E-10,1750358283,3.30E-01
1.71E-09,1750358284,8.68E-10,1750358283,3.27E-01
1.71E-09,1750358284,8.75E-10,1750358283,3.23E-01
1.70E-09,1750358284,8.82E-10,1750358284,3.17E-01
1.70E-09,1750358284,8.89E-10,1750358284,3.13E-01
1.70E-09,1750358284,8.95E-10,1750358284,3.10E-01
1.70E-09,1750358284,9.01E-10,1750358284,3.07E-01
1.70E-09,1750358284,9.07E-10,1750358284,3.04E-01
1.69E-09,1750358284,9.14E-10,1750358284,2.98E-01
1.69E-09,1750358284,9.20E-10,1750358284,2.95E-01
1.69E-09,1750358284,9.25E-10,1750358284,2.93E-01
1.68E-09,1750358285,9.31E-10,1750358284,2.87E-01
1.67E-09,1750358285,9.37E-10,1750358284,2.81E-01
1.66E-09,1750358285,9.45E-10,1750358284,2.74E-01
1.65E-09,1750358285,9.53E-10,1750358284,2.68E-01
1.64E-09,1750358285,9.61E-10,1750358284,2.61E-01
1.62E-09,1750358285,9.70E-10,1750358284,2.51E-01
1.60E-09,1750358285,9.78E-10,1750358284,2.41E-01
1.58E-09,1750358285,9.86E-10,1750358285,2.31E-01
1.56E-09,1750358285,9.91E-10,1750358285,2.23E-01
1.54E-09,1750358285,9.95E-10,1750358285,2.15E-01
1.52E-09,1750358285,9.96E-10,1750358285,2.08E-01
1.50E-09,1750358285,9.93E-10,1750358285,2.03E-01
1.48E-09,1750358285,9.87E-10,1750358285,2.00E-01
1.46E-09,1750358285,9.80E-10,1750358285,1.97E-01
1.44E-09,1750358285,9.71E-10,1750358285,1.95E-01
1.43E-09,1750358286,9.62E-10,1750358285,1.96E-01
1.41E-09,1750358286,9.53E-10,1750358285,1.93E-01
1.39E-09,1750358286,9.43E-10,1750358285,1.92E-01
1.38E-09,1750358286,9.33E-10,1750358285,1.93E-01
1.37E-09,1750358286,9.22E-10,1750358285,1.95E-01
1.36E-09,1750358286,9.12E-10,1750358285,1.97E-01
1.35E-09,1750358286,9.05E-10,1750358285,1.97E-01
1.34E-09,1750358286,8.98E-10,1750358286,1.97E-01
1.33E-09,1750358286,8.93E-10,1750358286,1.97E-01
1.32E-09,1750358286,8.90E-10,1750358286,1.95E-01
1.31E-09,1750358286,8.89E-10,1750358286,1.91E-01
1.30E-09,1750358286,8.90E-10,1750358286,1.87E-01
1.29E-09,1750358286,8.94E-10,1750358286,1.81E-01
1.29E-09,1750358286,9.03E-10,1750358286,1.76E-01
1.28E-09,1750358287,9.14E-10,1750358286,1.67E-01
1.28E-09,1750358287,9.29E-10,1750358286,1.59E-01
1.27E-09,1750358287,9.47E-10,1750358286,1.46E-01
1.27E-09,1750358287,9.67E-10,1750358286,1.35E-01
1.27E-09,1750358287,9.88E-10,1750358286,1.25E-01
1.27E-09,1750358287,1.01E-09,1750358286,1.14E-01
1.26E-09,1750358287,1.03E-09,1750358286,1.00E-01
1.26E-09,1750358287,1.06E-09,1750358286,8.62E-02
1.25E-09,1750358287,1.08E-09,1750358287,7.30E-02
1.24E-09,1750358287,1.11E-09,1750358287,5.53E-02
1.23E-09,1750358287,1.14E-09,1750358287,3.80E-02
1.22E-09,1750358287,1.17E-09,1750358287,2.09E-02
1.20E-09,1750358287,1.20E-09,1750358287,0.00E+00
1.19E-09,1750358287,1.23E-09,1750358287,-1.65E-02
1.18E-09,1750358287,1.26E-09,1750358287,-3.28E-02
1.17E-09,1750358288,1.28E-09,1750358287,-4.49E-02
1.17E-09,1750358288,1.30E-09,1750358287,-5.26E-02
1.17E-09,1750358288,1.32E-09,1750358287,-6.02E-02
1.17E-09,1750358288,1.35E-09,1750358287,-7.14E-02
1.18E-09,1750358288,1.37E-09,1750358287,-7.45E-02
1.20E-09,1750358288,1.40E-09,1750358287,-7.69E-02
1.22E-09,1750358288,1.43E-09,1750358287,-7.92E-02
1.24E-09,1750358288,1.46E-09,1750358287,-8.15E-02
1.27E-09,1750358288,1.50E-09,1750358288,-8.30E-02
1.31E-09,1750358288,1.54E-09,1750358288,-8.07E-02
1.36E-09,1750358288,1.59E-09,1750358288,-7.80E-02
1.41E-09,1750358288,1.64E-09,1750358288,-7.54E-02
1.46E-09,1750358288,1.70E-09,1750358288,-7.59E-02
1.51E-09,1750358288,1.76E-09,1750358288,-7.65E-02
1.56E-09,1750358288,1.82E-09,1750358288,-7.69E-02
1.61E-09,1750358289,1.89E-09,1750358288,-8.00E-02
1.65E-09,1750358289,1.96E-09,1750358288,-8.59E-02
1.68E-09,1750358289,2.03E-09,1750358288,-9.43E-02
1.71E-09,1750358289,2.11E-09,1750358288,-1.05E-01
1.73E-09,1750358289,2.19E-09,1750358288,-1.17E-01
1.75E-09,1750358289,2.27E-09,1750358288,-1.29E-01
1.75E-09,1750358289,2.35E-09,1750358288,-1.46E-01
1.75E-09,1750358289,2.42E-09,1750358288,-1.61E-01
1.75E-09,1750358289,2.49E-09,1750358289,-1.75E-01
1.74E-09,1750358289,2.55E-09,1750358289,-1.89E-01
1.73E-09,1750358289,2.61E-09,1750358289,-2.03E-01
1.72E-09,1750358289,2.65E-09,1750358289,-2.13E-01
1.71E-09,1750358289,2.69E-09,1750358289,-2.23E-01
1.70E-09,1750358289,2.73E-09,1750358289,-2.33E-01
1.69E-09,1750358289,2.76E-09,1750358289,-2.40E-01
1.68E-09,1750358290,2.78E-09,1750358289,-2.47E-01
1.68E-09,1750358290,2.80E-09,1750358289,-2.50E-01
1.67E-09,1750358290,2.82E-09,1750358289,-2.56E-01
1.67E-09,1750358290,2.84E-09,1750358289,-2.59E-01
1.67E-09,1750358290,2.87E-09,1750358289,-2.64E-01
1.67E-09,1750358290,2.89E-09,1750358289,-2.68E-01
1.66E-09,1750358290,2.91E-09,1750358289,-2.74E-01
1.65E-09,1750358290,2.93E-09,1750358289,-2.79E-01
1.63E-09,1750358290,2.95E-09,1750358290,-2.88E-01
1.63E-09,1750358290,2.97E-09,1750358290,-2.91E-01
1.63E-09,1750358290,2.98E-09,1750358290,-2.93E-01
1.63E-09,1750358290,3.00E-09,1750358290,-2.96E-01
1.63E-09,1750358290,2.99E-09,1750358290,-2.94E-01
1.62E-09,1750358290,2.96E-09,1750358290,-2.93E-01
1.62E-09,1750358290,2.93E-09,1750358290,-2.88E-01
1.61E-09,1750358291,2.92E-09,1750358290,-2.89E-01
1.60E-09,1750358291,2.91E-09,1750358290,-2.90E-01
1.59E-09,1750358291,2.91E-09,1750358290,-2.93E-01
1.57E-09,1750358291,2.91E-09,1750358290,-2.99E-01
1.56E-09,1750358291,2.91E-09,1750358290,-3.02E-01
1.54E-09,1750358291,2.91E-09,1750358290,-3.08E-01
1.53E-09,1750358291,2.91E-09,1750358291,-3.11E-01
1.50E-09,1750358291,2.90E-09,1750358291,-3.18E-01
1.49E-09,1750358291,2.91E-09,1750358291,-3.23E-01
1.48E-09,1750358291,2.91E-09,1750358291,-3.26E-01
1.47E-09,1750358291,2.91E-09,1750358291,-3.29E-01
1.46E-09,1750358291,2.91E-09,1750358291,-3.32E-01
1.45E-09,1750358291,2.92E-09,1750358291,-3.36E-01
1.44E-09,1750358291,2.92E-09,1750358291,-3.39E-01
1.44E-09,1750358292,2.93E-09,1750358291,-3.41E-01
1.44E-09,1750358292,2.93E-09,1750358291,-3.41E-01
1.44E-09,1750358292,2.94E-09,1750358291,-3.42E-01
1.43E-09,1750358292,2.94E-09,1750358291,-3.46E-01
1.43E-09,1750358292,2.95E-09,1750358291,-3.47E-01
1.43E-09,1750358292,2.95E-09,1750358291,-3.47E-01
1.43E-09,1750358292,2.96E-09,1750358291,-3.49E-01
1.43E-09,1750358292,2.96E-09,1750358292,-3.49E-01
1.44E-09,1750358292,2.96E-09,1750358292,-3.45E-01
1.44E-09,1750358292,2.96E-09,1750358292,-3.45E-01
1.43E-09,1750358292,2.96E-09,1750358292,-3.49E-01
1.42E-09,1750358292,2.95E-09,1750358292,-3.50E-01
1.42E-09,1750358292,2.96E-09,1750358292,-3.52E-01
1.41E-09,1750358292,2.97E-09,1750358292,-3.56E-01
1.41E-09,1750358293,2.97E-09,1750358292,-3.56E-01
1.41E-09,1750358293,2.98E-09,1750358292,-3.58E-01
1.42E-09,1750358293,2.97E-09,1750358292,-3.53E-01
1.44E-09,1750358293,2.95E-09,1750358292,-3.44E-01
1.46E-09,1750358293,2.93E-09,1750358292,-3.35E-01
1.49E-09,1750358293,2.91E-09,1750358292,-3.23E-01
1.50E-09,1750358293,2.89E-09,1750358292,-3.17E-01
1.50E-09,1750358293,2.88E-09,1750358292,-3.15E-01
1.48E-09,1750358293,2.87E-09,1750358293,-3.20E-01
1.46E-09,1750358293,2.87E-09,1750358293,-3.26E-01
1.43E-09,1750358293,2.88E-09,1750358293,-3.36E-01
1.41E-09,1750358293,2.90E-09,1750358293,-3.46E-01
1.39E-09,1750358293,2.93E-09,1750358293,-3.56E-01
1.36E-09,1750358294,2.93E-09,1750358293,-3.66E-01
1.35E-09,1750358294,2.93E-09,1750358293,-3.69E-01
1.34E-09,1750358294,2.93E-09,1750358293,-3.72E-01
1.34E-09,1750358294,2.92E-09,1750358293,-3.71E-01
1.33E-09,1750358294,2.91E-09,1750358293,-3.73E-01
1.33E-09,1750358294,2.91E-09,1750358293,-3.73E-01
1.32E-09,1750358294,2.92E-09,1750358293,-3.77E-01
1.32E-09,1750358294,2.93E-09,1750358293,-3.79E-01
1.32E-09,1750358294,2.96E-09,1750358293,-3.83E-01
1.31E-09,1750358294,3.00E-09,1750358294,-3.92E-01
1.31E-09,1750358294,3.04E-09,1750358294,-3.98E-01
1.32E-09,1750358294,3.09E-09,1750358294,-4.01E-01
1.32E-09,1750358294,3.13E-09,1750358294,-4.07E-01
1.32E-09,1750358294,3.17E-09,1750358294,-4.12E-01
1.32E-09,1750358294,3.23E-09,1750358294,-4.20E-01
1.32E-09,1750358295,3.25E-09,1750358294,-4.22E-01
1.31E-09,1750358295,3.27E-09,1750358294,-4.28E-01
1.31E-09,1750358295,3.28E-09,1750358294,-4.29E-01
1.31E-09,1750358295,3.29E-09,1750358294,-4.30E-01
1.31E-09,1750358295,3.30E-09,1750358294,-4.32E-01
1.31E-09,1750358295,3.31E-09,1750358294,-4.33E-01
1.31E-09,1750358295,3.32E-09,1750358294,-4.34E-01
1.31E-09,1750358295,3.33E-09,1750358294,-4.35E-01
1.31E-09,1750358295,3.34E-09,1750358295,-4.37E-01
1.32E-09,1750358295,3.35E-09,1750358295,-4.35E-01
1.32E-09,1750358295,3.36E-09,1750358295,-4.36E-01
1.32E-09,1750358295,3.36E-09,1750358295,-4.36E-01
1.32E-09,1750358295,3.37E-09,1750358295,-4.37E-01
1.32E-09,1750358295,3.37E-09,1750358295,-4.37E-01
1.32E-09,1750358295,3.38E-09,1750358295,-4.38E-01
1.32E-09,1750358296,3.38E-09,1750358295,-4.38E-01
1.31E-09,1750358296,3.38E-09,1750358295,-4.41E-01
1.31E-09,1750358296,3.39E-09,1750358295,-4.43E-01
1.31E-09,1750358296,3.39E-09,1750358295,-4.43E-01
1.30E-09,1750358296,3.39E-09,1750358295,-4.46E-01
1.29E-09,1750358296,3.39E-09,1750358295,-4.49E-01
1.29E-09,1750358296,3.39E-09,1750358295,-4.49E-01
1.28E-09,1750358296,3.39E-09,1750358295,-4.52E-01
1.28E-09,1750358296,3.39E-09,1750358296,-4.52E-01
1.27E-09,1750358296,3.38E-09,1750358296,-4.54E-01
1.27E-09,1750358296,3.38E-09,1750358296,-4.54E-01
1.26E-09,1750358296,3.39E-09,1750358296,-4.58E-01
1.25E-09,1750358296,3.39E-09,1750358296,-4.61E-01
1.24E-09,1750358296,3.38E-09,1750358296,-4.63E-01
1.23E-09,1750358296,3.37E-09,1750358296,-4.65E-01
1.22E-09,1750358297,3.35E-09,1750358296,-4.66E-01
1.20E-09,1750358297,3.33E-09,1750358296,-4.70E-01
1.19E-09,1750358297,3.32E-09,1750358296,-4.72E-01
1.18E-09,1750358297,3.30E-09,1750358296,-4.73E-01
1.17E-09,1750358297,3.27E-09,1750358296,-4.73E-01
1.15E-09,1750358297,3.25E-09,1750358296,-4.77E-01
1.14E-09,1750358297,3.23E-09,1750358296,-4.78E-01
1.13E-09,1750358297,3.20E-09,1750358296,-4.78E-01
1.11E-09,1750358297,3.18E-09,1750358297,-4.83E-01
1.10E-09,1750358297,3.16E-09,1750358297,-4.84E-01
1.09E-09,1750358297,3.13E-09,1750358297,-4.83E-01
1.07E-09,1750358297,3.10E-09,1750358297,-4.87E-01
1.06E-09,1750358297,3.07E-09,1750358297,-4.87E-01
1.05E-09,1750358297,3.04E-09,1750358297,-4.87E-01
1.03E-09,1750358297,3.01E-09,1750358297,-4.90E-01
1.03E-09,1750358298,2.97E-09,1750358297,-4.85E-01
1.02E-09,1750358298,2.93E-09,1750358297,-4.84E-01
1.02E-09,1750358298,2.89E-09,1750358297,-4.78E-01
1.01E-09,1750358298,2.85E-09,1750358297,-4.77E-01
1.01E-09,1750358298,2.80E-09,1750358297,-4.70E-01
1.01E-09,1750358298,2.76E-09,1750358297,-4.64E-01
1.01E-09,1750358298,2.72E-09,1750358297,-4.58E-01
1.01E-09,1750358298,2.67E-09,1750358298,-4.51E-01
1.00E-09,1750358298,2.60E-09,1750358298,-4.44E-01
1.00E-09,1750358298,2.57E-09,1750358298,-4.40E-01
1.01E-09,1750358298,2.55E-09,1750358298,-4.33E-01
1.01E-09,1750358298,2.52E-09,1750358298,-4.28E-01
1.02E-09,1750358298,2.50E-09,1750358298,-4.20E-01
1.02E-09,1750358298,2.48E-09,1750358298,-4.17E-01
1.03E-09,1750358298,2.47E-09,1750358298,-4.11E-01
1.04E-09,1750358299,2.45E-09,1750358298,-4.04E-01
1.05E-09,1750358299,2.44E-09,1750358298,-3.98E-01
1.06E-09,1750358299,2.43E-09,1750358298,-3.93E-01
1.07E-09,1750358299,2.43E-09,1750358298,-3.89E-01
1.09E-09,1750358299,2.43E-09,1750358298,-3.81E-01
1.10E-09,1750358299,2.44E-09,1750358298,-3.79E-01
1.11E-09,1750358299,2.44E-09,1750358298,-3.75E-01
1.11E-09,1750358299,2.45E-09,1750358299,-3.76E-01
1.12E-09,1750358299,2.47E-09,1750358299,-3.76E-01
1.12E-09,1750358299,2.49E-09,1750358299,-3.80E-01
1.12E-09,1750358299,2.52E-09,1750358299,-3.85E-01
1.12E-09,1750358299,2.55E-09,1750358299,-3.90E-01
1.12E-09,1750358299,2.59E-09,1750358299,-3.96E-01
1.13E-09,1750358299,2.64E-09,1750358299,-4.01E-01
1.14E-09,1750358299,2.70E-09,1750358299,-4.06E-01
1.15E-09,1750358299,2.75E-09,1750358299,-4.10E-01
1.16E-09,1750358300,2.82E-09,1750358299,-4.17E-01
1.18E-09,1750358300,2.88E-09,1750358299,-4.19E-01
1.20E-09,1750358300,2.95E-09,1750358299,-4.22E-01
1.22E-09,1750358300,3.02E-09,1750358299,-4.25E-01
1.23E-09,1750358300,3.08E-09,1750358299,-4.29E-01
1.25E-09,1750358300,3.15E-09,1750358299,-4.32E-01
1.26E-09,1750358300,3.20E-09,1750358300,-4.35E-01
1.28E-09,1750358300,3.29E-09,1750358300,-4.40E-01
1.29E-09,1750358300,3.33E-09,1750358300,-4.42E-01
1.31E-09,1750358300,3.36E-09,1750358300,-4.39E-01
1.32E-09,1750358300,3.39E-09,1750358300,-4.39E-01
1.33E-09,1750358300,3.41E-09,1750358300,-4.39E-01
1.33E-09,1750358300,3.43E-09,1750358300,-4.41E-01
1.33E-09,1750358300,3.44E-09,1750358300,-4.42E-01
1.33E-09,1750358301,3.45E-09,1750358300,-4.44E-01
1.32E-09,1750358301,3.45E-09,1750358300,-4.47E-01
1.30E-09,1750358301,3.44E-09,1750358300,-4.51E-01
1.28E-09,1750358301,3.43E-09,1750358300,-4.56E-01
1.26E-09,1750358301,3.41E-09,1750358300,-4.60E-01
1.23E-09,1750358301,3.38E-09,1750358300,-4.66E-01
1.21E-09,1750358301,3.35E-09,1750358301,-4.69E-01
1.18E-09,1750358301,3.31E-09,1750358301,-4.74E-01
1.15E-09,1750358301,3.26E-09,1750358301,-4.78E-01
1.13E-09,1750358301,3.21E-09,1750358301,-4.79E-01
1.10E-09,1750358301,3.15E-09,1750358301,-4.82E-01
1.08E-09,1750358301,3.08E-09,1750358301,-4.81E-01
1.06E-09,1750358301,3.00E-09,1750358301,-4.78E-01
1.05E-09,1750358301,2.92E-09,1750358301,-4.71E-01
1.04E-09,1750358301,2.84E-09,1750358301,-4.64E-01
1.03E-09,1750358301,2.76E-09,1750358301,-4.56E-01
1.03E-09,1750358302,2.68E-09,1750358301,-4.45E-01
1.03E-09,1750358302,2.60E-09,1750358301,-4.33E-01
1.03E-09,1750358302,2.51E-09,1750358301,-4.18E-01
1.04E-09,1750358302,2.43E-09,1750358301,-4.01E-01
1.05E-09,1750358302,2.36E-09,1750358301,-3.84E-01
1.06E-09,1750358302,2.28E-09,1750358302,-3.65E-01
1.07E-09,1750358302,2.21E-09,1750358302,-3.48E-01
1.09E-09,1750358302,2.15E-09,1750358302,-3.27E-01
1.11E-09,1750358302,2.09E-09,1750358302,-3.06E-01
1.12E-09,1750358302,2.03E-09,1750358302,-2.89E-01
1.15E-09,1750358302,1.98E-09,1750358302,-2.65E-01
1.15E-09,1750358302,1.88E-09,1750358302,-2.41E-01
1.16E-09,1750358302,1.83E-09,1750358302,-2.24E-01
1.17E-09,1750358302,1.78E-09,1750358302,-2.07E-01
1.17E-09,1750358303,1.72E-09,1750358302,-1.90E-01
1.18E-09,1750358303,1.67E-09,1750358302,-1.72E-01
1.19E-09,1750358303,1.62E-09,1750358302,-1.53E-01
1.19E-09,1750358303,1.57E-09,1750358302,-1.38E-01
1.20E-09,1750358303,1.53E-09,1750358302,-1.21E-01
1.20E-09,1750358303,1.48E-09,1750358303,-1.04E-01
1.20E-09,1750358303,1.43E-09,1750358303,-8.75E-02
1.21E-09,1750358303,1.39E-09,1750358303,-6.92E-02
1.21E-09,1750358303,1.35E-09,1750358303,-5.47E-02
1.21E-09,1750358303,1.31E-09,1750358303,-3.97E-02
1.21E-09,1750358303,1.28E-09,1750358303,-2.81E-02
1.22E-09,1750358303,1.25E-09,1750358303,-1.21E-02
1.23E-09,1750358303,1.22E-09,1750358303,4.08E-03
1.24E-09,1750358304,1.19E-09,1750358303,2.06E-02
1.26E-09,1750358304,1.16E-09,1750358303,4.13E-02
1.27E-09,1750358304,1.14E-09,1750358303,5.39E-02
1.29E-09,1750358304,1.11E-09,1750358303,7.50E-02
1.31E-09,1750358304,1.09E-09,1750358303,9.17E-02
1.34E-09,1750358304,1.07E-09,1750358303,1.12E-01
1.36E-09,1750358304,1.06E-09,1750358303,1.24E-01
1.38E-09,1750358304,1.04E-09,1750358304,1.40E-01
1.41E-09,1750358304,1.03E-09,1750358304,1.56E-01
1.43E-09,1750358304,1.03E-09,1750358304,1.63E-01
1.46E-09,1750358304,1.02E-09,1750358304,1.77E-01
1.48E-09,1750358304,1.02E-09,1750358304,1.84E-01
1.50E-09,1750358304,1.02E-09,1750358304,1.90E-01
1.52E-09,1750358304,1.03E-09,1750358304,1.92E-01
1.54E-09,1750358304,1.04E-09,1750358304,1.94E-01
1.56E-09,1750358304,1.05E-09,1750358304,1.95E-01
1.57E-09,1750358305,1.06E-09,1750358304,1.94E-01
1.58E-09,1750358305,1.07E-09,1750358304,1.92E-01
1.59E-09,1750358305,1.08E-09,1750358304,1.91E-01
1.60E-09,1750358305,1.09E-09,1750358304,1.90E-01
1.61E-09,1750358305,1.10E-09,1750358304,1.88E-01
1.62E-09,1750358305,1.11E-09,1750358305,1.87E-01
1.62E-09,1750358305,1.11E-09,1750358305,1.87E-01
1.63E-09,1750358305,1.10E-09,1750358305,1.94E-01
1.63E-09,1750358305,1.10E-09,1750358305,1.94E-01
1.64E-09,1750358305,1.09E-09,1750358305,2.01E-01
1.64E-09,1750358305,1.08E-09,1750358305,2.06E-01
1.65E-09,1750358305,1.08E-09,1750358305,2.09E-01
1.65E-09,1750358305,1.07E-09,1750358305,2.13E-01
1.65E-09,1750358305,1.06E-09,1750358305,2.18E-01
1.65E-09,1750358305,1.05E-09,1750358305,2.22E-01
1.66E-09,1750358306,1.05E-09,1750358305,2.25E-01
1.66E-09,1750358306,1.04E-09,1750358305,2.30E-01
1.66E-09,1750358306,1.03E-09,1750358305,2.34E-01
1.66E-09,1750358306,1.02E-09,1750358305,2.39E-01
1.66E-09,1750358306,1.01E-09,1750358305,2.43E-01
1.66E-09,1750358306,1.01E-09,1750358306,2.43E-01
1.67E-09,1750358306,9.98E-10,1750358306,2.52E-01
1.67E-09,1750358306,9.90E-10,1750358306,2.56E-01
1.67E-09,1750358306,9.83E-10,1750358306,2.59E-01
1.68E-09,1750358306,9.77E-10,1750358306,2.65E-01
1.69E-09,1750358306,9.66E-10,1750358306,2.73E-01
1.69E-09,1750358306,9.63E-10,1750358306,2.74E-01
1.70E-09,1750358306,9.61E-10,1750358306,2.78E-01
1.70E-09,1750358306,9.58E-10,1750358306,2.79E-01
1.71E-09,1750358306,9.56E-10,1750358306,2.83E-01
1.72E-09,1750358307,9.54E-10,1750358306,2.86E-01
1.72E-09,1750358307,9.50E-10,1750358306,2.88E-01
1.73E-09,1750358307,9.47E-10,1750358306,2.92E-01
1.73E-09,1750358307,9.43E-10,1750358306,2.94E-01
1.74E-09,1750358307,9.38E-10,1750358307,2.99E-01
1.74E-09,1750358307,9.31E-10,1750358307,3.03E-01
1.74E-09,1750358307,9.25E-10,1750358307,3.06E-01
1.74E-09,1750358307,9.17E-10,1750358307,3.10E-01
1.74E-09,1750358307,9.10E-10,1750358307,3.13E-01
1.74E-09,1750358307,9.02E-10,1750358307,3.17E-01
1.74E-09,1750358307,8.94E-10,1750358307,3.21E-01
1.74E-09,1750358307,8.87E-10,1750358307,3.25E-01
1.73E-09,1750358307,8.81E-10,1750358307,3.25E-01
1.73E-09,1750358307,8.74E-10,1750358307,3.29E-01
1.73E-09,1750358307,8.69E-10,1750358307,3.31E-01
1.73E-09,1750358308,8.66E-10,1750358307,3.33E-01
1.73E-09,1750358308,8.64E-10,1750358307,3.34E-01
1.73E-09,1750358308,8.62E-10,1750358307,3.35E-01
1.74E-09,1750358308,8.61E-10,1750358307,3.38E-01
1.74E-09,1750358308,8.60E-10,1750358308,3.38E-01
1.74E-09,1750358308,8.61E-10,1750358308,3.38E-01
1.75E-09,1750358308,8.63E-10,1750358308,3.39E-01
1.75E-09,1750358308,8.67E-10,1750358308,3.37E-01
1.76E-09,1750358308,8.71E-10,1750358308,3.38E-01
1.76E-09,1750358308,8.77E-10,1750358308,3.35E-01
1.77E-09,1750358308,8.83E-10,1750358308,3.34E-01
1.77E-09,1750358308,8.90E-10,1750358308,3.31E-01
1.78E-09,1750358308,8.99E-10,1750358308,3.29E-01
1.79E-09,1750358308,9.07E-10,1750358308,3.27E-01
1.79E-09,1750358308,9.17E-10,1750358308,3.22E-01
1.80E-09,1750358309,9.28E-10,1750358308,3.20E-01
1.80E-09,1750358309,9.39E-10,1750358308,3.14E-01
1.81E-09,1750358309,9.51E-10,1750358308,3.11E-01
1.81E-09,1750358309,9.64E-10,1750358308,3.05E-01
1.81E-09,1750358309,9.76E-10,1750358309,2.99E-01
1.82E-09,1750358309,9.88E-10,1750358309,2.96E-01
1.82E-09,1750358309,9.99E-10,1750358309,2.91E-01
1.82E-09,1750358309,1.01E-09,1750358309,2.86E-01
1.82E-09,1750358309,1.02E-09,1750358309,2.82E-01
1.82E-09,1750358309,1.03E-09,1750358309,2.77E-01
1.82E-09,1750358309,1.04E-09,1750358309,2.73E-01
1.82E-09,1750358309,1.04E-09,1750358309,2.73E-01
1.81E-09,1750358309,1.06E-09,1750358309,2.61E-01
1.81E-09,1750358309,1.06E-09,1750358309,2.61E-01
1.81E-09,1750358310,1.06E-09,1750358309,2.61E-01
1.81E-09,1750358310,1.06E-09,1750358309,2.61E-01
1.81E-09,1750358310,1.07E-09,1750358309,2.57E-01
1.81E-09,1750358310,1.06E-09,1750358309,2.61E-01
1.81E-09,1750358310,1.06E-09,1750358310,2.61E-01
1.81E-09,1750358310,1.06E-09,1750358310,2.61E-01
1.81E-09,1750358310,1.05E-09,1750358310,2.66E-01
1.81E-09,1750358310,1.05E-09,1750358310,2.66E-01
1.81E-09,1750358310,1.04E-09,1750358310,2.70E-01
1.81E-09,1750358310,1.03E-09,1750358310,2.75E-01
1.82E-09,1750358310,1.02E-09,1750358310,2.82E-01
1.82E-09,1750358310,1.02E-09,1750358310,2.82E-01
1.82E-09,1750358310,1.01E-09,1750358310,2.86E-01
1.82E-09,1750358310,9.98E-10,1750358310,2.92E-01
1.82E-09,1750358310,9.89E-10,1750358310,2.96E-01
1.83E-09,1750358311,9.81E-10,1750358310,3.02E-01
1.83E-09,1750358311,9.72E-10,1750358310,3.06E-01
1.83E-09,1750358311,9.63E-10,1750358310,3.10E-01
1.83E-09,1750358311,9.55E-10,1750358310,3.14E-01
1.83E-09,1750358311,9.46E-10,1750358311,3.18E-01
1.83E-09,1750358311,9.38E-10,1750358311,3.22E-01
1.84E-09,1750358311,9.30E-10,1750358311,3.29E-01
1.84E-09,1750358311,9.22E-10,1750358311,3.32E-01
1.84E-09,1750358311,9.15E-10,1750358311,3.36E-01
1.85E-09,1750358311,9.08E-10,1750358311,3.42E-01
1.85E-09,1750358311,9.00E-10,1750358311,3.45E-01
1.85E-09,1750358311,8.94E-10,1750358311,3.48E-01
1.85E-09,1750358311,8.85E-10,1750358311,3.53E-01
1.86E-09,1750358311,8.82E-10,1750358311,3.57E-01
1.86E-09,1750358311,8.81E-10,1750358311,3.57E-01
1.86E-09,1750358312,8.82E-10,1750358311,3.57E-01
1.86E-09,1750358312,8.84E-10,1750358311,3.56E-01
1.86E-09,1750358312,8.86E-10,1750358311,3.55E-01
1.86E-09,1750358312,8.90E-10,1750358312,3.53E-01
1.86E-09,1750358312,8.93E-10,1750358312,3.51E-01
1.86E-09,1750358312,8.97E-10,1750358312,3.49E-01
1.86E-09,1750358312,9.03E-10,1750358312,3.46E-01
1.86E-09,1750358312,9.07E-10,1750358312,3.44E-01
1.86E-09,1750358312,9.12E-10,1750358312,3.42E-01
1.85E-09,1750358312,9.17E-10,1750358312,3.37E-01
1.85E-09,1750358312,9.22E-10,1750358312,3.35E-01
1.84E-09,1750358312,9.28E-10,1750358312,3.29E-01
1.84E-09,1750358312,9.32E-10,1750358312,3.28E-01
1.83E-09,1750358313,9.38E-10,1750358312,3.22E-01
1.83E-09,1750358313,9.43E-10,1750358312,3.20E-01
1.82E-09,1750358313,9.48E-10,1750358312,3.15E-01
1.81E-09,1750358313,9.53E-10,1750358312,3.10E-01
1.80E-09,1750358313,9.59E-10,1750358312,3.05E-01
1.80E-09,1750358313,9.64E-10,1750358313,3.02E-01
1.79E-09,1750358313,9.69E-10,1750358313,2.98E-01
1.78E-09,1750358313,9.73E-10,1750358313,2.93E-01
1.77E-09,1750358313,9.76E-10,1750358313,2.89E-01
1.76E-09,1750358313,9.80E-10,1750358313,2.85E-01
1.76E-09,1750358313,9.83E-10,1750358313,2.83E-01
1.75E-09,1750358313,9.85E-10,1750358313,2.80E-01
1.75E-09,1750358313,9.90E-10,1750358313,2.77E-01
1.75E-09,1750358314,9.92E-10,1750358313,2.76E-01
1.74E-09,1750358314,9.93E-10,1750358313,2.73E-01
1.73E-09,1750358314,9.95E-10,1750358313,2.70E-01
1.73E-09,1750358314,9.95E-10,1750358313,2.70E-01
1.73E-09,1750358314,9.96E-10,1750358313,2.69E-01
1.72E-09,1750358314,9.95E-10,1750358313,2.67E-01
1.72E-09,1750358314,9.94E-10,1750358314,2.68E-01
1.71E-09,1750358314,9.92E-10,1750358314,2.66E-01
1.71E-09,1750358314,9.90E-10,1750358314,2.67E-01
1.70E-09,1750358314,9.87E-10,1750358314,2.65E-01
1.70E-09,1750358314,9.83E-10,1750358314,2.67E-01
1.69E-09,1750358314,9.78E-10,1750358314,2.67E-01
1.69E-09,1750358314,9.73E-10,1750358314,2.69E-01
1.68E-09,1750358314,9.66E-10,1750358314,2.70E-01
1.67E-09,1750358315,9.59E-10,1750358314,2.70E-01
1.67E-09,1750358315,9.51E-10,1750358314,2.74E-01
1.66E-09,1750358315,9.42E-10,1750358314,2.76E-01
1.66E-09,1750358315,9.33E-10,1750358314,2.80E-01
1.65E-09,1750358315,9.24E-10,1750358314,2.82E-01
1.64E-09,1750358315,9.13E-10,1750358314,2.85E-01
1.64E-09,1750358315,9.03E-10,1750358314,2.90E-01
1.63E-09,1750358315,8.93E-10,1750358315,2.92E-01
1.63E-09,1750358315,8.82E-10,1750358315,2.98E-01
1.62E-09,1750358315,8.71E-10,1750358315,3.01E-01
1.62E-09,1750358315,8.60E-10,1750358315,3.06E-01
1.62E-09,1750358315,8.50E-10,1750358315,3.12E-01
1.62E-09,1750358315,8.40E-10,1750358315,3.17E-01
1.62E-09,1750358315,8.29E-10,1750358315,3.23E-01
1.62E-09,1750358315,8.20E-10,1750358315,3.28E-01
1.62E-09,1750358316,8.11E-10,1750358315,3.33E-01
1.61E-09,1750358316,8.03E-10,1750358315,3.34E-01
1.61E-09,1750358316,7.97E-10,1750358315,3.38E-01
1.61E-09,1750358316,7.91E-10,1750358315,3.41E-01
1.61E-09,1750358316,7.86E-10,1750358315,3.44E-01
1.60E-09,1750358316,7.81E-10,1750358315,3.44E-01
1.60E-09,1750358316,7.78E-10,1750358315,3.46E-01
1.59E-09,1750358316,7.75E-10,1750358316,3.45E-01
1.59E-09,1750358316,7.74E-10,1750358316,3.45E-01
1.58E-09,1750358316,7.75E-10,1750358316,3.42E-01
1.58E-09,1750358316,7.77E-10,1750358316,3.41E-01
1.57E-09,1750358316,7.81E-10,1750358316,3.36E-01
1.57E-09,1750358316,7.86E-10,1750358316,3.33E-01
1.56E-09,1750358316,7.92E-10,1750358316,3.27E-01
1.56E-09,1750358317,8.01E-10,1750358316,3.21E-01
1.55E-09,1750358317,8.10E-10,1750358316,3.14E-01
1.55E-09,1750358317,8.19E-10,1750358316,3.09E-01
1.55E-09,1750358317,8.28E-10,1750358316,3.04E-01
1.54E-09,1750358317,8.37E-10,1750358316,2.96E-01
1.54E-09,1750358317,8.44E-10,1750358316,2.92E-01
1.54E-09,1750358317,8.51E-10,1750358316,2.88E-01
1.53E-09,1750358317,8.58E-10,1750358316,2.81E-01
1.53E-09,1750358317,8.64E-10,1750358317,2.78E-01
1.52E-09,1750358317,8.69E-10,1750358317,2.72E-01
1.52E-09,1750358317,8.74E-10,1750358317,2.70E-01
1.52E-09,1750358317,8.79E-10,1750358317,2.67E-01
1.51E-09,1750358317,8.82E-10,1750358317,2.63E-01
1.51E-09,1750358317,8.85E-10,1750358317,2.61E-01
1.51E-09,1750358318,8.88E-10,1750358317,2.59E-01
1.51E-09,1750358318,8.91E-10,1750358317,2.58E-01
1.51E-09,1750358318,8.94E-10,1750358317,2.56E-01
1.51E-09,1750358318,8.97E-10,1750358317,2.55E-01
1.51E-09,1750358318,9.02E-10,1750358317,2.52E-01
1.51E-09,1750358318,9.06E-10,1750358317,2.50E-01
1.51E-09,1750358318,9.11E-10,1750358317,2.47E-01
1.50E-09,1750358318,9.17E-10,1750358317,2.41E-01
1.50E-09,1750358318,9.23E-10,1750358317,2.38E-01
1.49E-09,1750358318,9.31E-10,1750358318,2.31E-01
1.49E-09,1750358318,9.40E-10,1750358318,2.26E-01
1.48E-09,1750358318,9.51E-10,1750358318,2.18E-01
1.46E-09,1750358318,9.63E-10,1750358318,2.05E-01
1.45E-09,1750358318,9.76E-10,1750358318,1.95E-01
1.43E-09,1750358318,9.91E-10,1750358318,1.81E-01
1.42E-09,1750358319,1.01E-09,1750358318,1.69E-01
1.40E-09,1750358319,1.02E-09,1750358318,1.57E-01
1.38E-09,1750358319,1.04E-09,1750358318,1.40E-01
1.36E-09,1750358319,1.05E-09,1750358318,1.29E-01
1.34E-09,1750358319,1.06E-09,1750358318,1.17E-01
1.32E-09,1750358319,1.06E-09,1750358318,1.09E-01
1.30E-09,1750358319,1.06E-09,1750358318,1.02E-01
1.28E-09,1750358319,1.06E-09,1750358318,9.40E-02
1.26E-09,1750358319,1.06E-09,1750358318,8.62E-02
1.24E-09,1750358319,1.06E-09,1750358319,7.83E-02
1.22E-09,1750358319,1.06E-09,1750358319,7.02E-02
1.21E-09,1750358319,1.06E-09,1750358319,6.61E-02
1.19E-09,1750358319,1.05E-09,1750358319,6.25E-02
1.18E-09,1750358319,1.05E-09,1750358319,5.83E-02
1.17E-09,1750358319,1.05E-09,1750358319,5.41E-02
1.16E-09,1750358320,1.05E-09,1750358319,4.98E-02
1.15E-09,1750358320,1.05E-09,1750358319,4.55E-02
1.15E-09,1750358320,1.05E-09,1750358319,4.55E-02
1.14E-09,1750358320,1.05E-09,1750358319,4.11E-02
1.14E-09,1750358320,1.05E-09,1750358319,4.11E-02
1.13E-09,1750358320,1.05E-09,1750358319,3.67E-02
1.13E-09,1750358320,1.06E-09,1750358319,3.20E-02
1.13E-09,1750358320,1.06E-09,1750358319,3.20E-02
1.13E-09,1750358320,1.07E-09,1750358319,2.73E-02
1.13E-09,1750358320,1.08E-09,1750358320,2.26E-02
1.12E-09,1750358320,1.10E-09,1750358320,9.01E-03
1.12E-09,1750358320,1.11E-09,1750358320,4.48E-03
1.11E-09,1750358320,1.13E-09,1750358320,-8.93E-03
1.10E-09,1750358320,1.16E-09,1750358320,-2.65E-02
1.09E-09,1750358320,1.18E-09,1750358320,-3.96E-02
1.08E-09,1750358321,1.21E-09,1750358320,-5.68E-02
1.07E-09,1750358321,1.24E-09,1750358320,-7.36E-02
1.06E-09,1750358321,1.27E-09,1750358320,-9.01E-02
1.05E-09,1750358321,1.30E-09,1750358320,-1.06E-01
1.03E-09,1750358321,1.34E-09,1750358320,-1.31E-01
1.02E-09,1750358321,1.38E-09,1750358320,-1.50E-01
1.01E-09,1750358321,1.42E-09,1750358320,-1.69E-01
9.95E-10,1750358321,1.46E-09,1750358320,-1.89E-01
9.86E-10,1750358321,1.49E-09,1750358320,-2.04E-01
9.83E-10,1750358321,1.53E-09,1750358321,-2.18E-01
9.86E-10,1750358321,1.56E-09,1750358321,-2.25E-01
9.96E-10,1750358321,1.60E-09,1750358321,-2.33E-01
1.01E-09,1750358321,1.63E-09,1750358321,-2.35E-01
1.03E-09,1750358321,1.67E-09,1750358321,-2.37E-01
1.06E-09,1750358321,1.72E-09,1750358321,-2.37E-01
1.10E-09,1750358322,1.76E-09,1750358321,-2.31E-01
1.15E-09,1750358322,1.82E-09,1750358321,-2.26E-01
1.19E-09,1750358322,1.87E-09,1750358321,-2.22E-01
1.24E-09,1750358322,1.94E-09,1750358321,-2.20E-01
1.28E-09,1750358322,2.00E-09,1750358321,-2.20E-01
1.33E-09,1750358322,2.07E-09,1750358321,-2.18E-01
1.37E-09,1750358322,2.15E-09,1750358321,-2.22E-01
1.41E-09,1750358322,2.31E-09,1750358321,-2.42E-01
1.44E-09,1750358322,2.40E-09,1750358322,-2.50E-01
1.46E-09,1750358322,2.50E-09,1750358322,-2.63E-01
1.47E-09,1750358322,2.60E-09,1750358322,-2.78E-01
1.48E-09,1750358322,2.70E-09,1750358322,-2.92E-01
1.49E-09,1750358322,2.80E-09,1750358322,-3.05E-01
1.49E-09,1750358322,2.89E-09,1750358322,-3.20E-01
1.49E-09,1750358322,2.98E-09,1750358322,-3.33E-01
1.48E-09,1750358323,3.06E-09,1750358322,-3.48E-01
1.48E-09,1750358323,3.13E-09,1750358322,-3.58E-01
1.47E-09,1750358323,3.19E-09,1750358322,-3.69E-01
1.47E-09,1750358323,3.24E-09,1750358322,-3.76E-01
1.46E-09,1750358323,3.29E-09,1750358322,-3.85E-01
1.46E-09,1750358323,3.32E-09,1750358322,-3.89E-01
1.46E-09,1750358323,3.35E-09,1750358322,-3.93E-01
1.46E-09,1750358323,3.37E-09,1750358322,-3.95E-01
1.47E-09,1750358323,3.40E-09,1750358323,-3.96E-01
1.47E-09,1750358323,3.41E-09,1750358323,-3.98E-01
1.48E-09,1750358323,3.43E-09,1750358323,-3.97E-01
1.49E-09,1750358323,3.44E-09,1750358323,-3.96E-01
1.48E-09,1750358323,3.46E-09,1750358323,-4.01E-01
1.47E-09,1750358323,3.47E-09,1750358323,-4.05E-01
1.46E-09,1750358323,3.48E-09,1750358323,-4.09E-01
1.46E-09,1750358324,3.48E-09,1750358323,-4.09E-01
1.46E-09,1750358324,3.48E-09,1750358323,-4.09E-01
1.46E-09,1750358324,3.48E-09,1750358323,-4.09E-01
1.46E-09,1750358324,3.48E-09,1750358323,-4.09E-01
1.45E-09,1750358324,3.47E-09,1750358323,-4.11E-01
1.45E-09,1750358324,3.43E-09,1750358323,-4.06E-01
1.44E-09,1750358324,3.37E-09,1750358323,-4.01E-01
1.43E-09,1750358324,3.32E-09,1750358323,-3.98E-01
1.42E-09,1750358324,3.30E-09,1750358324,-3.98E-01
1.41E-09,1750358324,3.28E-09,1750358324,-3.99E-01
1.39E-09,1750358324,3.27E-09,1750358324,-4.03E-01
1.38E-09,1750358324,3.26E-09,1750358324,-4.05E-01
1.37E-09,1750358324,3.25E-09,1750358324,-4.07E-01
1.36E-09,1750358324,3.24E-09,1750358324,-4.09E-01
1.35E-09,1750358324,3.23E-09,1750358324,-4.10E-01
1.35E-09,1750358325,3.21E-09,1750358324,-4.08E-01
1.34E-09,1750358325,3.20E-09,1750358324,-4.10E-01
1.34E-09,1750358325,3.19E-09,1750358324,-4.08E-01
1.33E-09,1750358325,3.18E-09,1750358324,-4.10E-01
1.33E-09,1750358325,3.17E-09,1750358324,-4.09E-01
1.33E-09,1750358325,3.16E-09,1750358324,-4.08E-01
1.33E-09,1750358325,3.15E-09,1750358324,-4.06E-01
1.33E-09,1750358325,3.14E-09,1750358325,-4.05E-01
1.33E-09,1750358325,3.13E-09,1750358325,-4.04E-01
1.33E-09,1750358325,3.13E-09,1750358325,-4.04E-01
1.33E-09,1750358325,3.13E-09,1750358325,-4.04E-01
1.33E-09,1750358325,3.13E-09,1750358325,-4.04E-01
1.34E-09,1750358325,3.12E-09,1750358325,-3.99E-01
1.35E-09,1750358325,3.12E-09,1750358325,-3.96E-01
1.36E-09,1750358325,3.12E-09,1750358325,-3.93E-01
1.36E-09,1750358326,3.11E-09,1750358325,-3.91E-01
1.36E-09,1750358326,3.11E-09,1750358325,-3.91E-01
1.36E-09,1750358326,3.11E-09,1750358325,-3.91E-01
1.35E-09,1750358326,3.10E-09,1750358325,-3.93E-01
1.35E-09,1750358326,3.10E-09,1750358325,-3.93E-01
1.35E-09,1750358326,3.10E-09,1750358325,-3.93E-01
1.35E-09,1750358326,3.09E-09,1750358325,-3.92E-01
1.35E-09,1750358326,3.08E-09,1750358326,-3.91E-01
1.37E-09,1750358326,3.07E-09,1750358326,-3.83E-01
1.39E-09,1750358326,3.05E-09,1750358326,-3.74E-01
1.42E-09,1750358326,3.03E-09,1750358326,-3.62E-01
1.45E-09,1750358326,3.02E-09,1750358326,-3.51E-01
1.48E-09,1750358326,3.00E-09,1750358326,-3.39E-01
1.50E-09,1750358326,2.99E-09,1750358326,-3.32E-01
1.51E-09,1750358326,2.98E-09,1750358326,-3.27E-01
1.51E-09,1750358327,2.97E-09,1750358326,-3.26E-01
1.50E-09,1750358327,2.96E-09,1750358326,-3.27E-01
1.49E-09,1750358327,2.97E-09,1750358326,-3.32E-01
1.47E-09,1750358327,2.97E-09,1750358326,-3.38E-01
1.46E-09,1750358327,2.97E-09,1750358326,-3.41E-01
1.45E-09,1750358327,2.96E-09,1750358326,-3.42E-01
1.44E-09,1750358327,2.95E-09,1750358326,-3.44E-01
1.44E-09,1750358327,2.94E-09,1750358327,-3.42E-01
1.44E-09,1750358327,2.92E-09,1750358327,-3.39E-01
1.44E-09,1750358327,2.91E-09,1750358327,-3.38E-01
1.43E-09,1750358327,2.89E-09,1750358327,-3.38E-01
1.43E-09,1750358327,2.89E-09,1750358327,-3.38E-01
1.43E-09,1750358327,2.89E-09,1750358327,-3.38E-01
1.43E-09,1750358327,2.90E-09,1750358327,-3.39E-01
1.43E-09,1750358327,2.92E-09,1750358327,-3.43E-01
1.43E-09,1750358328,2.95E-09,1750358327,-3.47E-01
1.43E-09,1750358328,2.98E-09,1750358327,-3.51E-01
1.43E-09,1750358328,3.02E-09,1750358327,-3.57E-01
1.43E-09,1750358328,3.05E-09,1750358327,-3.62E-01
1.43E-09,1750358328,3.10E-09,1750358327,-3.69E-01
1.43E-09,1750358328,3.12E-09,1750358327,-3.71E-01
1.43E-09,1750358328,3.14E-09,1750358328,-3.74E-01
1.43E-09,1750358328,3.15E-09,1750358328,-3.76E-01
1.43E-09,1750358328,3.17E-09,1750358328,-3.78E-01
1.43E-09,1750358328,3.18E-09,1750358328,-3.80E-01
1.44E-09,1750358328,3.19E-09,1750358328,-3.78E-01
1.44E-09,1750358328,3.20E-09,1750358328,-3.79E-01
1.44E-09,1750358328,3.22E-09,1750358328,-3.82E-01
1.44E-09,1750358328,3.22E-09,1750358328,-3.82E-01
1.44E-09,1750358328,3.23E-09,1750358328,-3.83E-01
1.44E-09,1750358329,3.24E-09,1750358328,-3.85E-01
1.44E-09,1750358329,3.25E-09,1750358328,-3.86E-01
1.44E-09,1750358329,3.26E-09,1750358328,-3.87E-01
1.44E-09,1750358329,3.27E-09,1750358328,-3.89E-01
1.44E-09,1750358329,3.27E-09,1750358329,-3.89E-01
1.44E-09,1750358329,3.28E-09,1750358329,-3.90E-01
1.43E-09,1750358329,3.29E-09,1750358329,-3.94E-01
1.43E-09,1750358329,3.30E-09,1750358329,-3.95E-01
1.42E-09,1750358329,3.30E-09,1750358329,-3.98E-01
1.41E-09,1750358329,3.31E-09,1750358329,-4.03E-01
1.41E-09,1750358329,3.31E-09,1750358329,-4.03E-01
1.40E-09,1750358329,3.31E-09,1750358329,-4.06E-01
1.39E-09,1750358329,3.31E-09,1750358329,-4.09E-01
1.38E-09,1750358329,3.30E-09,1750358329,-4.10E-01
1.37E-09,1750358329,3.30E-09,1750358329,-4.13E-01
1.36E-09,1750358330,3.29E-09,1750358329,-4.15E-01
1.35E-09,1750358330,3.28E-09,1750358329,-4.17E-01
1.33E-09,1750358330,3.27E-09,1750358329,-4.22E-01
1.32E-09,1750358330,3.26E-09,1750358329,-4.24E-01
1.31E-09,1750358330,3.24E-09,1750358330,-4.24E-01
1.30E-09,1750358330,3.22E-09,1750358330,-4.25E-01
1.28E-09,1750358330,3.20E-09,1750358330,-4.29E-01
1.27E-09,1750358330,3.18E-09,1750358330,-4.29E-01
1.25E-09,1750358330,3.16E-09,1750358330,-4.33E-01
1.24E-09,1750358330,3.13E-09,1750358330,-4.32E-01
1.22E-09,1750358330,3.11E-09,1750358330,-4.36E-01
1.20E-09,1750358330,3.09E-09,1750358330,-4.41E-01
1.19E-09,1750358330,3.07E-09,1750358330,-4.41E-01
1.17E-09,1750358330,3.05E-09,1750358330,-4.45E-01
1.16E-09,1750358330,3.03E-09,1750358330,-4.46E-01
1.14E-09,1750358331,3.01E-09,1750358330,-4.51E-01
1.12E-09,1750358331,2.99E-09,1750358330,-4.55E-01
1.11E-09,1750358331,2.96E-09,1750358330,-4.55E-01
1.09E-09,1750358331,2.94E-09,1750358330,-4.59E-01
1.08E-09,1750358331,2.91E-09,1750358331,-4.59E-01
1.06E-09,1750358331,2.89E-09,1750358331,-4.63E-01
1.05E-09,1750358331,2.86E-09,1750358331,-4.63E-01
1.04E-09,1750358331,2.83E-09,1750358331,-4.63E-01
1.03E-09,1750358331,2.80E-09,1750358331,-4.62E-01
1.02E-09,1750358331,2.78E-09,1750358331,-4.63E-01
1.01E-09,1750358331,2.75E-09,1750358331,-4.63E-01
1.01E-09,1750358331,2.73E-09,1750358331,-4.60E-01
1.00E-09,1750358331,2.71E-09,1750358331,-4.61E-01
9.92E-10,1750358331,2.69E-09,1750358331,-4.61E-01
9.86E-10,1750358332,2.67E-09,1750358331,-4.61E-01
9.74E-10,1750358332,2.65E-09,1750358331,-4.62E-01
9.70E-10,1750358332,2.62E-09,1750358331,-4.60E-01
9.67E-10,1750358332,2.61E-09,1750358331,-4.59E-01
9.65E-10,1750358332,2.59E-09,1750358332,-4.57E-01
9.65E-10,1750358332,2.57E-09,1750358332,-4.54E-01
9.64E-10,1750358332,2.56E-09,1750358332,-4.53E-01
9.64E-10,1750358332,2.56E-09,1750358332,-4.53E-01
9.67E-10,1750358332,2.56E-09,1750358332,-4.52E-01
9.72E-10,1750358332,2.56E-09,1750358332,-4.50E-01
9.77E-10,1750358332,2.56E-09,1750358332,-4.48E-01
9.84E-10,1750358332,2.57E-09,1750358332,-4.46E-01
9.88E-10,1750358332,2.59E-09,1750358332,-4.48E-01
9.94E-10,1750358332,2.61E-09,1750358332,-4.48E-01
9.93E-10,1750358333,2.64E-09,1750358332,-4.53E-01
9.93E-10,1750358333,2.67E-09,1750358332,-4.58E-01
9.94E-10,1750358333,2.71E-09,1750358332,-4.63E-01
9.97E-10,1750358333,2.76E-09,1750358332,-4.69E-01
1.00E-09,1750358333,2.81E-09,1750358333,-4.75E-01
1.01E-09,1750358333,2.87E-09,1750358333,-4.79E-01
1.03E-09,1750358333,2.93E-09,1750358333,-4.80E-01
1.04E-09,1750358333,3.00E-09,1750358333,-4.85E-01
1.06E-09,1750358333,3.06E-09,1750358333,-4.85E-01
1.08E-09,1750358333,3.13E-09,1750358333,-4.87E-01
1.10E-09,1750358333,3.20E-09,1750358333,-4.88E-01
1.12E-09,1750358333,3.28E-09,1750358333,-4.91E-01
1.14E-09,1750358333,3.35E-09,1750358333,-4.92E-01
1.15E-09,1750358333,3.41E-09,1750358333,-4.96E-01
1.17E-09,1750358333,3.48E-09,1750358333,-4.97E-01
1.19E-09,1750358334,3.54E-09,1750358333,-4.97E-01
1.20E-09,1750358334,3.59E-09,1750358333,-4.99E-01
1.22E-09,1750358334,3.64E-09,1750358333,-4.98E-01
1.23E-09,1750358334,3.68E-09,1750358333,-4.99E-01
1.25E-09,1750358334,3.72E-09,1750358334,-4.97E-01
1.25E-09,1750358334,3.75E-09,1750358334,-5.00E-01
1.25E-09,1750358334,3.77E-09,1750358334,-5.02E-01
1.25E-09,1750358334,3.79E-09,1750358334,-5.04E-01
1.24E-09,1750358334,3.80E-09,1750358334,-5.08E-01
1.23E-09,1750358334,3.80E-09,1750358334,-5.11E-01
1.21E-09,1750358334,3.79E-09,1750358334,-5.16E-01
1.19E-09,1750358334,3.77E-09,1750358334,-5.20E-01
1.17E-09,1750358334,3.73E-09,1750358334,-5.22E-01
1.14E-09,1750358334,3.69E-09,1750358334,-5.28E-01
1.11E-09,1750358334,3.64E-09,1750358334,-5.33E-01
1.08E-09,1750358335,3.58E-09,1750358334,-5.36E-01
1.05E-09,1750358335,3.52E-09,1750358334,-5.40E-01
1.02E-09,1750358335,3.45E-09,1750358334,-5.44E-01
9.95E-10,1750358335,3.37E-09,1750358334,-5.44E-01
9.72E-10,1750358335,3.29E-09,1750358335,-5.44E-01
9.51E-10,1750358335,3.20E-09,1750358335,-5.42E-01
9.36E-10,1750358335,3.11E-09,1750358335,-5.37E-01
9.25E-10,1750358335,3.01E-09,1750358335,-5.30E-01
9.21E-10,1750358335,2.91E-09,1750358335,-5.19E-01
9.21E-10,1750358335,2.82E-09,1750358335,-5.08E-01
9.30E-10,1750358335,2.73E-09,1750358335,-4.92E-01
9.42E-10,1750358335,2.65E-09,1750358335,-4.76E-01
9.59E-10,1750358335,2.57E-09,1750358335,-4.57E-01
9.78E-10,1750358335,2.50E-09,1750358335,-4.38E-01
9.96E-10,1750358335,2.44E-09,1750358335,-4.20E-01
1.01E-09,1750358336,2.38E-09,1750358335,-4.04E-01
1.03E-09,1750358336,2.32E-09,1750358335,-3.85E-01
1.04E-09,1750358336,2.27E-09,1750358335,-3.72E-01
1.06E-09,1750358336,2.21E-09,1750358335,-3.52E-01
1.07E-09,1750358336,2.16E-09,1750358336,-3.37E-01
1.07E-09,1750358336,2.11E-09,1750358336,-3.27E-01
1.08E-09,1750358336,2.05E-09,1750358336,-3.10E-01
1.09E-09,1750358336,1.99E-09,1750358336,-2.92E-01
1.09E-09,1750358336,1.94E-09,1750358336,-2.81E-01
1.10E-09,1750358336,1.88E-09,1750358336,-2.62E-01
1.10E-09,1750358336,1.82E-09,1750358336,-2.47E-01
1.11E-09,1750358336,1.76E-09,1750358336,-2.26E-01
1.11E-09,1750358336,1.71E-09,1750358336,-2.13E-01
1.12E-09,1750358336,1.65E-09,1750358336,-1.91E-01
1.12E-09,1750358336,1.60E-09,1750358336,-1.76E-01
1.13E-09,1750358337,1.55E-09,1750358336,-1.57E-01
1.14E-09,1750358337,1.50E-09,1750358336,-1.36E-01
1.15E-09,1750358337,1.46E-09,1750358336,-1.19E-01
1.16E-09,1750358337,1.41E-09,1750358336,-9.73E-02
1.18E-09,1750358337,1.38E-09,1750358337,-7.81E-02
1.20E-09,1750358337,1.34E-09,1750358337,-5.51E-02
1.22E-09,1750358337,1.31E-09,1750358337,-3.56E-02
1.24E-09,1750358337,1.29E-09,1750358337,-1.98E-02
1.26E-09,1750358337,1.26E-09,1750358337,0.00E+00
1.28E-09,1750358337,1.25E-09,1750358337,1.19E-02
1.31E-09,1750358337,1.24E-09,1750358337,2.75E-02
1.33E-09,1750358337,1.23E-09,1750358337,3.91E-02
1.35E-09,1750358337,1.22E-09,1750358337,5.06E-02
1.37E-09,1750358338,1.21E-09,1750358337,6.20E-02
1.39E-09,1750358338,1.21E-09,1750358337,6.92E-02
1.42E-09,1750358338,1.20E-09,1750358337,8.40E-02
1.44E-09,1750358338,1.20E-09,1750358337,9.09E-02
1.46E-09,1750358338,1.20E-09,1750358337,9.77E-02
1.47E-09,1750358338,1.20E-09,1750358337,1.01E-01
1.49E-09,1750358338,1.20E-09,1750358338,1.08E-01
1.51E-09,1750358338,1.21E-09,1750358338,1.10E-01
1.52E-09,1750358338,1.21E-09,1750358338,1.14E-01
1.53E-09,1750358338,1.21E-09,1750358338,1.17E-01
1.54E-09,1750358338,1.22E-09,1750358338,1.16E-01
1.56E-09,1750358338,1.22E-09,1750358338,1.22E-01
1.57E-09,1750358338,1.21E-09,1750358338,1.29E-01
1.58E-09,1750358338,1.21E-09,1750358338,1.33E-01
1.59E-09,1750358338,1.20E-09,1750358338,1.40E-01
1.59E-09,1750358338,1.19E-09,1750358338,1.44E-01
1.60E-09,1750358338,1.19E-09,1750358338,1.47E-01
1.61E-09,1750358339,1.18E-09,1750358338,1.54E-01
1.61E-09,1750358339,1.17E-09,1750358338,1.58E-01
1.62E-09,1750358339,1.16E-09,1750358338,1.65E-01
1.62E-09,1750358339,1.15E-09,1750358338,1.70E-01
1.62E-09,1750358339,1.14E-09,1750358339,1.74E-01
1.62E-09,1750358339,1.14E-09,1750358339,1.74E-01
1.62E-09,1750358339,1.13E-09,1750358339,1.78E-01
1.63E-09,1750358339,1.12E-09,1750358339,1.85E-01
1.63E-09,1750358339,1.12E-09,1750358339,1.85E-01
1.62E-09,1750358339,1.11E-09,1750358339,1.87E-01
1.62E-09,1750358339,1.11E-09,1750358339,1.87E-01
1.62E-09,1750358339,1.10E-09,1750358339,1.91E-01
1.63E-09,1750358339,1.10E-09,1750358339,1.94E-01
1.63E-09,1750358339,1.10E-09,1750358339,1.94E-01
1.63E-09,1750358339,1.09E-09,1750358339,1.99E-01
1.64E-09,1750358340,1.09E-09,1750358339,2.01E-01
1.65E-09,1750358340,1.09E-09,1750358339,2.04E-01
1.65E-09,1750358340,1.09E-09,1750358339,2.04E-01
1.66E-09,1750358340,1.09E-09,1750358339,2.07E-01
1.67E-09,1750358340,1.09E-09,1750358340,2.10E-01
1.69E-09,1750358340,1.09E-09,1750358340,2.16E-01
1.70E-09,1750358340,1.09E-09,1750358340,2.19E-01
1.71E-09,1750358340,1.08E-09,1750358340,2.26E-01
1.72E-09,1750358340,1.08E-09,1750358340,2.29E-01
1.73E-09,1750358340,1.08E-09,1750358340,2.31E-01
1.74E-09,1750358340,1.08E-09,1750358340,2.34E-01
1.74E-09,1750358340,1.07E-09,1750358340,2.38E-01
1.75E-09,1750358340,1.07E-09,1750358340,2.41E-01
1.76E-09,1750358340,1.06E-09,1750358340,2.48E-01
1.76E-09,1750358340,1.06E-09,1750358340,2.48E-01
1.77E-09,1750358341,1.05E-09,1750358340,2.55E-01
1.77E-09,1750358341,1.05E-09,1750358340,2.55E-01
1.78E-09,1750358341,1.04E-09,1750358340,2.62E-01
1.78E-09,1750358341,1.04E-09,1750358340,2.62E-01
1.78E-09,1750358341,1.04E-09,1750358341,2.62E-01
1.79E-09,1750358341,1.04E-09,1750358341,2.65E-01
1.79E-09,1750358341,1.04E-09,1750358341,2.65E-01
1.80E-09,1750358341,1.04E-09,1750358341,2.68E-01
1.81E-09,1750358341,1.04E-09,1750358341,2.70E-01
1.81E-09,1750358341,1.04E-09,1750358341,2.70E-01
1.82E-09,1750358341,1.05E-09,1750358341,2.68E-01
1.83E-09,1750358341,1.06E-09,1750358341,2.66E-01
1.83E-09,1750358341,1.06E-09,1750358341,2.66E-01
1.84E-09,1750358341,1.07E-09,1750358341,2.65E-01
1.85E-09,1750358341,1.08E-09,1750358341,2.63E-01
1.85E-09,1750358342,1.09E-09,1750358341,2.59E-01
1.86E-09,1750358342,1.10E-09,1750358341,2.57E-01
1.86E-09,1750358342,1.11E-09,1750358341,2.53E-01
1.87E-09,1750358342,1.12E-09,1750358341,2.51E-01
1.87E-09,1750358342,1.12E-09,1750358342,2.51E-01
1.87E-09,1750358342,1.13E-09,1750358342,2.47E-01
1.88E-09,1750358342,1.14E-09,1750358342,2.45E-01
1.88E-09,1750358342,1.15E-09,1750358342,2.41E-01
1.88E-09,1750358342,1.16E-09,1750358342,2.37E-01
1.88E-09,1750358342,1.17E-09,1750358342,2.33E-01
1.88E-09,1750358342,1.18E-09,1750358342,2.29E-01
1.88E-09,1750358342,1.18E-09,1750358342,2.29E-01
1.88E-09,1750358342,1.19E-09,1750358342,2.25E-01
1.88E-09,1750358342,1.19E-09,1750358342,2.25E-01
1.88E-09,1750358343,1.20E-09,1750358342,2.21E-01
1.88E-09,1750358343,1.20E-09,1750358342,2.21E-01
1.88E-09,1750358343,1.21E-09,1750358342,2.17E-01
1.88E-09,1750358343,1.21E-09,1750358342,2.17E-01
1.88E-09,1750358343,1.22E-09,1750358342,2.13E-01
1.88E-09,1750358343,1.22E-09,1750358343,2.13E-01
1.87E-09,1750358343,1.22E-09,1750358343,2.10E-01
1.87E-09,1750358343,1.22E-09,1750358343,2.10E-01
1.86E-09,1750358343,1.21E-09,1750358343,2.12E-01
1.86E-09,1750358343,1.21E-09,1750358343,2.12E-01
1.85E-09,1750358343,1.20E-09,1750358343,2.13E-01
1.85E-09,1750358343,1.19E-09,1750358343,2.17E-01
1.84E-09,1750358343,1.18E-09,1750358343,2.19E-01
1.84E-09,1750358343,1.17E-09,1750358343,2.23E-01
1.84E-09,1750358343,1.16E-09,1750358343,2.27E-01
1.83E-09,1750358344,1.14E-09,1750358343,2.32E-01
1.83E-09,1750358344,1.13E-09,1750358343,2.36E-01
1.83E-09,1750358344,1.11E-09,1750358343,2.45E-01
1.83E-09,1750358344,1.10E-09,1750358343,2.49E-01
1.83E-09,1750358344,1.09E-09,1750358343,2.53E-01
1.83E-09,1750358344,1.07E-09,1750358344,2.62E-01
1.83E-09,1750358344,1.06E-09,1750358344,2.66E-01
1.83E-09,1750358344,1.05E-09,1750358344,2.71E-01
1.82E-09,1750358344,1.04E-09,1750358344,2.73E-01
1.82E-09,1750358344,1.03E-09,1750358344,2.77E-01
1.82E-09,1750358344,1.02E-09,1750358344,2.82E-01
1.82E-09,1750358344,1.01E-09,1750358344,2.86E-01
1.82E-09,1750358344,1.00E-09,1750358344,2.91E-01
1.82E-09,1750358344,9.92E-10,1750358344,2.94E-01
1.82E-09,1750358345,9.84E-10,1750358344,2.98E-01
1.82E-09,1750358345,9.77E-10,1750358344,3.01E-01
1.82E-09,1750358345,9.70E-10,1750358344,3.05E-01
1.82E-09,1750358345,9.63E-10,1750358344,3.08E-01
1.82E-09,1750358345,9.56E-10,1750358344,3.11E-01
1.81E-09,1750358345,9.49E-10,1750358344,3.12E-01
1.81E-09,1750358345,9.44E-10,1750358345,3.14E-01
1.81E-09,1750358345,9.39E-10,1750358345,3.17E-01
1.81E-09,1750358345,9.36E-10,1750358345,3.18E-01
1.80E-09,1750358345,9.33E-10,1750358345,3.17E-01
1.80E-09,1750358345,9.32E-10,1750358345,3.18E-01
1.80E-09,1750358345,9.33E-10,1750358345,3.17E-01
1.80E-09,1750358345,9.35E-10,1750358345,3.16E-01
1.80E-09,1750358345,9.37E-10,1750358345,3.15E-01
1.80E-09,1750358345,9.41E-10,1750358345,3.13E-01
1.80E-09,1750358346,9.45E-10,1750358345,3.11E-01
1.80E-09,1750358346,9.49E-10,1750358345,3.10E-01
1.80E-09,1750358346,9.54E-10,1750358345,3.07E-01
1.80E-09,1750358346,9.58E-10,1750358345,3.05E-01
1.79E-09,1750358346,9.64E-10,1750358345,3.00E-01
1.79E-09,1750358346,9.69E-10,1750358345,2.98E-01
1.79E-09,1750358346,9.75E-10,1750358346,2.95E-01
1.78E-09,1750358346,9.80E-10,1750358346,2.90E-01
1.78E-09,1750358346,9.86E-10,1750358346,2.87E-01
1.77E-09,1750358346,9.92E-10,1750358346,2.82E-01
1.77E-09,1750358346,9.99E-10,1750358346,2.78E-01
1.76E-09,1750358346,1.01E-09,1750358346,2.71E-01
1.76E-09,1750358346,1.01E-09,1750358346,2.71E-01
1.75E-09,1750358346,1.02E-09,1750358346,2.64E-01
1.75E-09,1750358346,1.03E-09,1750358346,2.59E-01
1.74E-09,1750358347,1.04E-09,1750358346,2.52E-01
1.74E-09,1750358347,1.04E-09,1750358346,2.52E-01
1.73E-09,1750358347,1.05E-09,1750358346,2.45E-01
1.73E-09,1750358347,1.06E-09,1750358346,2.40E-01
1.72E-09,1750358347,1.07E-09,1750358346,2.33E-01
1.72E-09,1750358347,1.08E-09,1750358346,2.29E-01
1.71E-09,1750358347,1.08E-09,1750358347,2.26E-01
1.71E-09,1750358347,1.09E-09,1750358347,2.21E-01
1.71E-09,1750358347,1.10E-09,1750358347,2.17E-01
1.70E-09,1750358347,1.10E-09,1750358347,2.14E-01
1.70E-09,1750358347,1.11E-09,1750358347,2.10E-01
1.69E-09,1750358347,1.11E-09,1750358347,2.07E-01
1.69E-09,1750358347,1.11E-09,1750358347,2.07E-01
1.69E-09,1750358347,1.11E-09,1750358347,2.07E-01
1.68E-09,1750358347,1.12E-09,1750358347,2.00E-01
1.68E-09,1750358348,1.12E-09,1750358347,2.00E-01
1.67E-09,1750358348,1.12E-09,1750358347,1.97E-01
1.67E-09,1750358348,1.12E-09,1750358347,1.97E-01
1.67E-09,1750358348,1.12E-09,1750358347,1.97E-01
1.66E-09,1750358348,1.11E-09,1750358347,1.99E-01
1.66E-09,1750358348,1.11E-09,1750358347,1.99E-01
1.65E-09,1750358348,1.11E-09,1750358348,1.96E-01
1.65E-09,1750358348,1.10E-09,1750358348,2.00E-01
1.65E-09,1750358348,1.10E-09,1750358348,2.00E-01
1.64E-09,1750358348,1.09E-09,1750358348,2.01E-01
1.64E-09,1750358348,1.08E-09,1750358348,2.06E-01
1.63E-09,1750358348,1.07E-09,1750358348,2.07E-01
1.62E-09,1750358348,1.06E-09,1750358348,2.09E-01
1.62E-09,1750358348,1.05E-09,1750358348,2.13E-01
1.61E-09,1750358348,1.04E-09,1750358348,2.15E-01
1.61E-09,1750358349,1.03E-09,1750358348,2.20E-01
1.60E-09,1750358349,1.02E-09,1750358348,2.21E-01
1.60E-09,1750358349,1.01E-09,1750358348,2.26E-01
1.59E-09,1750358349,9.90E-10,1750358348,2.33E-01
1.59E-09,1750358349,9.81E-10,1750358349,2.37E-01
1.59E-09,1750358349,9.72E-10,1750358349,2.41E-01
1.58E-09,1750358349,9.62E-10,1750358349,2.43E-01
1.58E-09,1750358349,9.53E-10,1750358349,2.48E-01
1.58E-09,1750358349,9.45E-10,1750358349,2.51E-01
1.57E-09,1750358349,9.38E-10,1750358349,2.52E-01
1.57E-09,1750358349,9.32E-10,1750358349,2.55E-01
1.56E-09,1750358349,9.27E-10,1750358349,2.55E-01
1.56E-09,1750358349,9.22E-10,1750358349,2.57E-01
1.55E-09,1750358349,9.19E-10,1750358349,2.56E-01
1.54E-09,1750358349,9.17E-10,1750358349,2.54E-01
1.54E-09,1750358350,9.15E-10,1750358349,2.55E-01
1.53E-09,1750358350,9.15E-10,1750358349,2.52E-01
1.52E-09,1750358350,9.16E-10,1750358349,2.48E-01
1.51E-09,1750358350,9.17E-10,1750358349,2.44E-01
1.51E-09,1750358350,9.18E-10,1750358350,2.44E-01
1.50E-09,1750358350,9.21E-10,1750358350,2.39E-01
1.49E-09,1750358350,9.23E-10,1750358350,2.35E-01
1.48E-09,1750358350,9.25E-10,1750358350,2.31E-01
1.48E-09,1750358350,9.26E-10,1750358350,2.30E-01
1.48E-09,1750358350,9.28E-10,1750358350,2.29E-01
1.47E-09,1750358350,9.29E-10,1750358350,2.26E-01
1.47E-09,1750358350,9.31E-10,1750358350,2.24E-01
1.47E-09,1750358350,9.32E-10,1750358350,2.24E-01
1.47E-09,1750358350,9.33E-10,1750358350,2.23E-01
1.47E-09,1750358351,9.34E-10,1750358350,2.23E-01
1.47E-09,1750358351,9.35E-10,1750358350,2.22E-01
1.47E-09,1750358351,9.37E-10,1750358350,2.21E-01
1.47E-09,1750358351,9.39E-10,1750358350,2.20E-01
1.46E-09,1750358351,9.41E-10,1750358350,2.16E-01
1.46E-09,1750358351,9.44E-10,1750358351,2.15E-01
1.46E-09,1750358351,9.48E-10,1750358351,2.13E-01
1.46E-09,1750358351,9.53E-10,1750358351,2.10E-01
1.47E-09,1750358351,9.59E-10,1750358351,2.10E-01
1.47E-09,1750358351,9.96E-10,1750358351,1.92E-01
1.47E-09,1750358351,1.01E-09,1750358351,1.85E-01
1.48E-09,1750358351,1.02E-09,1750358351,1.84E-01
1.48E-09,1750358352,1.04E-09,1750358351,1.75E-01
1.49E-09,1750358352,1.06E-09,1750358351,1.69E-01
1.49E-09,1750358352,1.08E-09,1750358351,1.60E-01
1.49E-09,1750358352,1.10E-09,1750358351,1.51E-01
1.48E-09,1750358352,1.12E-09,1750358351,1.38E-01
1.48E-09,1750358352,1.13E-09,1750358352,1.34E-01
1.47E-09,1750358352,1.15E-09,1750358352,1.22E-01
1.46E-09,1750358352,1.16E-09,1750358352,1.15E-01
1.45E-09,1750358352,1.17E-09,1750358352,1.07E-01
1.43E-09,1750358352,1.17E-09,1750358352,1.00E-01
1.42E-09,1750358352,1.17E-09,1750358352,9.65E-02
1.40E-09,1750358352,1.18E-09,1750358352,8.53E-02
1.38E-09,1750358352,1.18E-09,1750358352,7.81E-02
1.34E-09,1750358353,1.18E-09,1750358352,6.35E-02
1.32E-09,1750358353,1.18E-09,1750358352,5.60E-02
1.30E-09,1750358353,1.19E-09,1750358352,4.42E-02
1.28E-09,1750358353,1.19E-09,1750358352,3.64E-02
1.26E-09,1750358353,1.19E-09,1750358352,2.86E-02
1.25E-09,1750358353,1.20E-09,1750358352,2.04E-02
1.23E-09,1750358353,1.20E-09,1750358352,1.23E-02
1.22E-09,1750358353,1.20E-09,1750358353,8.26E-03
1.21E-09,1750358353,1.21E-09,1750358353,0.00E+00
1.20E-09,1750358353,1.22E-09,1750358353,-8.26E-03
1.19E-09,1750358353,1.22E-09,1750358353,-1.24E-02
1.18E-09,1750358353,1.23E-09,1750358353,-2.07E-02
1.17E-09,1750358353,1.25E-09,1750358353,-3.31E-02
1.17E-09,1750358353,1.26E-09,1750358353,-3.70E-02
1.16E-09,1750358354,1.27E-09,1750358353,-4.53E-02
1.15E-09,1750358354,1.29E-09,1750358353,-5.74E-02
1.14E-09,1750358354,1.30E-09,1750358353,-6.56E-02
1.14E-09,1750358354,1.32E-09,1750358353,-7.32E-02
1.13E-09,1750358354,1.34E-09,1750358353,-8.50E-02
1.12E-09,1750358354,1.36E-09,1750358353,-9.68E-02
1.10E-09,1750358354,1.38E-09,1750358353,-1.13E-01
1.08E-09,1750358354,1.42E-09,1750358353,-1.36E-01
1.06E-09,1750358354,1.45E-09,1750358354,-1.55E-01
1.04E-09,1750358354,1.49E-09,1750358354,-1.78E-01
1.02E-09,1750358354,1.53E-09,1750358354,-2.00E-01
9.82E-10,1750358354,1.57E-09,1750358354,-2.30E-01
9.65E-10,1750358354,1.61E-09,1750358354,-2.50E-01
9.52E-10,1750358354,1.66E-09,1750358354,-2.71E-01
9.41E-10,1750358355,1.69E-09,1750358354,-2.85E-01
9.36E-10,1750358355,1.73E-09,1750358354,-2.98E-01
9.37E-10,1750358355,1.77E-09,1750358354,-3.08E-01
9.43E-10,1750358355,1.82E-09,1750358354,-3.17E-01
9.57E-10,1750358355,1.86E-09,1750358354,-3.21E-01
9.78E-10,1750358355,1.91E-09,1750358354,-3.23E-01
1.01E-09,1750358355,1.96E-09,1750358354,-3.20E-01
1.04E-09,1750358355,2.01E-09,1750358354,-3.18E-01
1.08E-09,1750358355,2.14E-09,1750358355,-3.29E-01
1.11E-09,1750358355,2.22E-09,1750358355,-3.33E-01
1.15E-09,1750358355,2.30E-09,1750358355,-3.33E-01
1.19E-09,1750358355,2.38E-09,1750358355,-3.33E-01
1.23E-09,1750358355,2.47E-09,1750358355,-3.35E-01
1.26E-09,1750358355,2.56E-09,1750358355,-3.40E-01
1.29E-09,1750358355,2.66E-09,1750358355,-3.47E-01
1.31E-09,1750358356,2.76E-09,1750358355,-3.56E-01
1.33E-09,1750358356,2.87E-09,1750358355,-3.67E-01
1.35E-09,1750358356,2.97E-09,1750358355,-3.75E-01
1.36E-09,1750358356,3.06E-09,1750358355,-3.85E-01
1.37E-09,1750358356,3.15E-09,1750358355,-3.94E-01
1.37E-09,1750358356,3.23E-09,1750358355,-4.04E-01
1.37E-09,1750358356,3.30E-09,1750358355,-4.13E-01
1.37E-09,1750358356,3.37E-09,1750358355,-4.22E-01
1.37E-09,1750358356,3.43E-09,1750358356,-4.29E-01
1.37E-09,1750358356,3.48E-09,1750358356,-4.35E-01
1.36E-09,1750358356,3.54E-09,1750358356,-4.45E-01
1.36E-09,1750358356,3.58E-09,1750358356,-4.49E-01
1.36E-09,1750358356,3.63E-09,1750358356,-4.55E-01
1.36E-09,1750358356,3.68E-09,1750358356,-4.60E-01
1.36E-09,1750358356,3.73E-09,1750358356,-4.66E-01
1.37E-09,1750358357,3.78E-09,1750358356,-4.68E-01
1.37E-09,1750358357,3.83E-09,1750358356,-4.73E-01
1.38E-09,1750358357,3.88E-09,1750358356,-4.75E-01
1.38E-09,1750358357,3.92E-09,1750358356,-4.79E-01
1.37E-09,1750358357,3.96E-09,1750358356,-4.86E-01
1.37E-09,1750358357,4.00E-09,1750358356,-4.90E-01
1.38E-09,1750358357,4.03E-09,1750358356,-4.90E-01
1.38E-09,1750358357,4.06E-09,1750358356,-4.93E-01
1.39E-09,1750358357,4.09E-09,1750358357,-4.93E-01
1.41E-09,1750358357,4.10E-09,1750358357,-4.88E-01
1.41E-09,1750358357,4.11E-09,1750358357,-4.89E-01
1.42E-09,1750358357,4.10E-09,1750358357,-4.86E-01
1.43E-09,1750358357,4.03E-09,1750358357,-4.76E-01
1.43E-09,1750358357,3.94E-09,1750358357,-4.67E-01
1.44E-09,1750358357,3.87E-09,1750358357,-4.58E-01
1.44E-09,1750358358,3.83E-09,1750358357,-4.54E-01
1.44E-09,1750358358,3.79E-09,1750358357,-4.49E-01
1.44E-09,1750358358,3.76E-09,1750358357,-4.46E-01
1.43E-09,1750358358,3.72E-09,1750358357,-4.45E-01
1.43E-09,1750358358,3.69E-09,1750358357,-4.41E-01
1.43E-09,1750358358,3.67E-09,1750358357,-4.39E-01
1.43E-09,1750358358,3.64E-09,1750358357,-4.36E-01
1.42E-09,1750358358,3.61E-09,1750358357,-4.35E-01
1.42E-09,1750358358,3.59E-09,1750358358,-4.33E-01
1.41E-09,1750358358,3.57E-09,1750358358,-4.34E-01
1.41E-09,1750358358,3.55E-09,1750358358,-4.31E-01
1.40E-09,1750358358,3.54E-09,1750358358,-4.33E-01
1.38E-09,1750358358,3.52E-09,1750358358,-4.37E-01
1.37E-09,1750358358,3.51E-09,1750358358,-4.39E-01
1.36E-09,1750358358,3.51E-09,1750358358,-4.41E-01
1.35E-09,1750358359,3.51E-09,1750358358,-4.44E-01
1.34E-09,1750358359,3.51E-09,1750358358,-4.47E-01
1.33E-09,1750358359,3.51E-09,1750358358,-4.50E-01
1.33E-09,1750358359,3.51E-09,1750358358,-4.50E-01
1.34E-09,1750358359,3.52E-09,1750358358,-4.49E-01
1.34E-09,1750358359,3.53E-09,1750358358,-4.50E-01
1.35E-09,1750358359,3.54E-09,1750358358,-4.48E-01
1.36E-09,1750358359,3.55E-09,1750358358,-4.46E-01
1.36E-09,1750358359,3.55E-09,1750358359,-4.46E-01
1.37E-09,1750358359,3.54E-09,1750358359,-4.42E-01
1.38E-09,1750358359,3.54E-09,1750358359,-4.39E-01
1.39E-09,1750358359,3.53E-09,1750358359,-4.35E-01
1.40E-09,1750358359,3.52E-09,1750358359,-4.31E-01
1.42E-09,1750358359,3.51E-09,1750358359,-4.24E-01
1.44E-09,1750358359,3.50E-09,1750358359,-4.17E-01
1.47E-09,1750358360,3.48E-09,1750358359,-4.06E-01
1.51E-09,1750358360,3.45E-09,1750358359,-3.91E-01
1.55E-09,1750358360,3.43E-09,1750358359,-3.78E-01
1.60E-09,1750358360,3.39E-09,1750358359,-3.59E-01
1.64E-09,1750358360,3.36E-09,1750358359,-3.44E-01
1.67E-09,1750358360,3.33E-09,1750358359,-3.32E-01
1.69E-09,1750358360,3.30E-09,1750358359,-3.23E-01
1.69E-09,1750358360,3.27E-09,1750358359,-3.19E-01
1.69E-09,1750358360,3.24E-09,1750358360,-3.14E-01
1.68E-09,1750358360,3.21E-09,1750358360,-3.13E-01
1.66E-09,1750358360,3.17E-09,1750358360,-3.13E-01
1.65E-09,1750358360,3.15E-09,1750358360,-3.13E-01
1.63E-09,1750358360,3.12E-09,1750358360,-3.14E-01
1.62E-09,1750358360,3.10E-09,1750358360,-3.14E-01
1.61E-09,1750358360,3.07E-09,1750358360,-3.12E-01
1.61E-09,1750358361,3.04E-09,1750358360,-3.08E-01
1.60E-09,1750358361,3.01E-09,1750358360,-3.06E-01
1.59E-09,1750358361,2.98E-09,1750358360,-3.04E-01
1.58E-09,1750358361,2.96E-09,1750358360,-3.04E-01
1.58E-09,1750358361,2.94E-09,1750358360,-3.01E-01
1.57E-09,1750358361,2.94E-09,1750358360,-3.04E-01
1.57E-09,1750358361,2.94E-09,1750358360,-3.04E-01
1.56E-09,1750358361,2.95E-09,1750358360,-3.08E-01
1.56E-09,1750358361,2.97E-09,1750358361,-3.11E-01
1.56E-09,1750358361,3.01E-09,1750358361,-3.17E-01
1.56E-09,1750358361,3.05E-09,1750358361,-3.23E-01
,,3.08E-09,1750358361,
,,3.12E-09,1750358361,
,,3.14E-09,1750358361,
,,3.16E-09,1750358361,
,,3.18E-09,1750358361,
,,3.19E-09,1750358361,
,,3.20E-09,1750358361,
,,3.21E-09,1750358361,