power 2 (W),time (seconds since jan 1 1975)
2.22e-12,1791347379.3054767
2.63e-12,1791347379.3717866
2.7e-12,1791347379.4386368
2.71e-12,1791347379.505556
2.3e-12,1791347379.5719087
2.36e-12,1791347379.6387112
2.72e-12,1791347379.7050445
2.73e-12,1791347379.7718658
2.6e-12,1791347379.8396952
2.41e-12,1791347379.9055173
2.63e-12,1791347379.972357
2.9e-12,1791347380.0381749
2.55e-12,1791347380.1055076
2.64e-12,1791347380.173654
2.61e-12,1791347380.2381537
2.55e-12,1791347380.3054986
2.73e-12,1791347380.3723197
2.66e-12,1791347380.4381568
2.62e-12,1791347380.505488
2.48e-12,1791347380.571822
2.47e-12,1791347380.638642
2.36e-12,1791347380.7054837
2.48e-12,1791347380.7713223
2.51e-12,1791347380.838146
1.99e-12,1791347380.9050295
2.41e-12,1791347380.970865
2.2e-12,1791347381.037709
2.4e-12,1791347381.104537
2.19e-12,1791347381.1716402
2.2e-12,1791347381.2384603
2.4e-12,1791347381.3052819
2.3e-12,1791347381.3716347
2.22e-12,1791347381.4379919
2.3e-12,1791347381.504816
2.42e-12,1791347381.5716343
2.4e-12,1791347381.6381743
2.33e-12,1791347381.7055056
2.38e-12,1791347381.7717366
2.56e-12,1791347381.8385885
2.08e-12,1791347381.905405
2.2e-12,1791347381.971217
2e-12,1791347382.0380518
2.33e-12,1791347382.1048746
2.48e-12,1791347382.171698
2.43e-12,1791347382.238511
2.27e-12,1791347382.3053381
2.42e-12,1791347382.3716838
2.3e-12,1791347382.4385846
2.49e-12,1791347382.5044196
2.12e-12,1791347382.5712414
2.46e-12,1791347382.6380744
2.36e-12,1791347382.703898
2.6e-12,1791347382.7712474
2.45e-12,1791347382.838604
2.7e-12,1791347382.9712374
2.72e-12,1791347383.0386443
2.85e-12,1791347383.1041503
2.76e-12,1791347383.1715167
2.8e-12,1791347383.2383428
2.73e-12,1791347383.3041675
2.7e-12,1791347383.3710108
2.76e-12,1791347383.43883
2.68e-12,1791347383.504654
2.54e-12,1791347383.5710094
2.33e-12,1791347383.6378307
2.62e-12,1791347383.704662
3.06e-12,1791347383.771498
2.78e-12,1791347383.8373263
2.76e-12,1791347383.9036603
3.06e-12,1791347383.9710214
2.58e-12,1791347384.0378716
2.5e-12,1791347384.104666
2.53e-12,1791347384.1715007
2.96e-12,1791347384.2373192
2.55e-12,1791347384.3041468
2.86e-12,1791347384.3714938
2.67e-12,1791347384.4373233
2.46e-12,1791347384.5041397
2.52e-12,1791347384.5710359
2.44e-12,1791347384.6368508
2.4e-12,1791347384.7041895
2.37e-12,1791347384.7710042
2.23e-12,1791347384.8366876
2.26e-12,1791347384.9045062
2.46e-12,1791347384.9723282
2.27e-12,1791347385.037152
2.63e-12,1791347385.1039734
2.47e-12,1791347385.1711528
2.73e-12,1791347385.2374892
2.28e-12,1791347385.369669
2.22e-12,1791347385.436731
2.89e-12,1791347385.504548
2.59e-12,1791347385.5705533
2.66e-12,1791347385.6367092
2.34e-12,1791347385.7045376
2.4e-12,1791347385.7703717
2.45e-12,1791347385.8371992
2.39e-12,1791347385.9045417
2.2e-12,1791347385.9701493
2.26e-12,1791347386.036972
2.49e-12,1791347386.103793
2.4e-12,1791347386.1701372
2.32e-12,1791347386.2369583
2.24e-12,1791347386.3037806
2.08e-12,1791347386.3706124
2.1e-12,1791347386.4369571
2.46e-12,1791347386.503814
2.74e-12,1791347386.6370213
2.49e-12,1791347386.7038422
2.43e-12,1791347386.77068
2.26e-12,1791347386.8375058
2.35e-12,1791347386.904314
2.46e-12,1791347386.9704154
2.19e-12,1791347387.0369637
2.09e-12,1791347387.103013
2.37e-12,1791347387.170123
1.94e-12,1791347387.2369516
2.37e-12,1791347387.303766
2.3e-12,1791347387.370588
2.44e-12,1791347387.4374185
2.11e-12,1791347387.5032623
2.55e-12,1791347387.5700638
2.66e-12,1791347387.6368856
2.75e-12,1791347387.703517
2.1e-12,1791347387.77055
2.49e-12,1791347387.8368747
1.94e-12,1791347387.903235
2.34e-12,1791347387.9699793
2.43e-12,1791347388.0368807
2.81e-12,1791347388.1037033
2.48e-12,1791347388.1700501
2.49e-12,1791347388.2368717
2.64e-12,1791347388.3036938
2.78e-12,1791347388.3697913
2.71e-12,1791347388.4376311
2.48e-12,1791347388.5034494
2.61e-12,1791347388.5702703
2.3e-12,1791347388.6360948
2.24e-12,1791347388.7029274
2.33e-12,1791347388.7702506
1.92e-12,1791347388.8360753
2.58e-12,1791347388.9033842
2.56e-12,1791347388.9702182
2.48e-12,1791347389.0360806
2.4e-12,1791347389.1028643
2.32e-12,1791347389.17024
2.33e-12,1791347389.2360642
2.17e-12,1791347389.3028855
2.33e-12,1791347389.3701255
2.55e-12,1791347389.4359698
2.46e-12,1791347389.5028188
2.44e-12,1791347389.5706372
2.4e-12,1791347389.6364613
2.2e-12,1791347389.7027957
2.22e-12,1791347389.7706153
2.45e-12,1791347389.837438
2.1e-12,1791347389.9032967
2.81e-12,1791347389.970613
2.55e-12,1791347390.0364301
2.7e-12,1791347390.1032526
2.92e-12,1791347390.16959
2.84e-12,1791347390.2364185
2.42e-12,1791347390.3032396
2.73e-12,1791347390.3695734
2.43e-12,1791347390.4363945
2.29e-12,1791347390.5032167
2.54e-12,1791347390.5690196
2.33e-12,1791347390.6358414
2.61e-12,1791347390.7031763
2.43e-12,1791347390.769002
2.81e-12,1791347390.8358388
2.32e-12,1791347390.9036574
2.53e-12,1791347390.9694815
2.51e-12,1791347391.0373034
2.73e-12,1791347391.1031244
2.76e-12,1791347391.16963
2.59e-12,1791347391.3032393
2.66e-12,1791347391.3690636
2.41e-12,1791347391.4363992
2.33e-12,1791347391.50322
2.47e-12,1791347391.569044
2.3e-12,1791347391.6364193
2.43e-12,1791347391.702239
2.41e-12,1791347391.7695699
2.8e-12,1791347391.836395
2.85e-12,1791347391.901999
2.82e-12,1791347391.9688544
2.73e-12,1791347392.0366392
2.62e-12,1791347392.102464
2.48e-12,1791347392.1688075
2.53e-12,1791347392.2366347
2.46e-12,1791347392.3024871
2.72e-12,1791347392.3695593
2.84e-12,1791347392.4358933
2.36e-12,1791347392.5027156
2.46e-12,1791347392.5691094
2.79e-12,1791347392.6359396
2.39e-12,1791347392.701749
2.55e-12,1791347392.769092
2.61e-12,1791347392.8359206
2.71e-12,1791347392.9021444
2.3e-12,1791347392.9687483
2.58e-12,1791347393.03663
2.5e-12,1791347393.1024013
2.68e-12,1791347393.1692326
2.87e-12,1791347393.2355742
2.82e-12,1791347393.3023942
3e-12,1791347393.3692155
2.46e-12,1791347393.4350529
2.8e-12,1791347393.5024593
2.61e-12,1791347393.5692947
2.62e-12,1791347393.6351755
2.76e-12,1791347393.7020082
2.6e-12,1791347393.7688372
2.58e-12,1791347393.834958
2.96e-12,1791347393.9017868
2.85e-12,1791347393.9691584
2.67e-12,1791347394.035496
2.76e-12,1791347394.1023169
2.49e-12,1791347394.1691384
2.41e-12,1791347394.235496
2.72e-12,1791347394.3023067
2.43e-12,1791347394.3696542
2.69e-12,1791347394.435012
2.79e-12,1791347394.5018206
2.27e-12,1791347394.5696464
2.45e-12,1791347394.6350303
2.37e-12,1791347394.7018516
2.5e-12,1791347394.7686749
2.79e-12,1791347394.902172
2.47e-12,1791347394.9685118
2.23e-12,1791347395.0353446
2.4e-12,1791347395.1021662
2.33e-12,1791347395.16799
2.44e-12,1791347395.2348156
2.8e-12,1791347395.3026426
2.38e-12,1791347395.36865
2.27e-12,1791347395.435489
2.4e-12,1791347395.5022972
1.99e-12,1791347395.5691292
1.97e-12,1791347395.6349804
2.14e-12,1791347395.702772
2.4e-12,1791347395.768596
2.76e-12,1791347395.8354359
2.6e-12,1791347395.9021611
2.42e-12,1791347395.9679809
2.16e-12,1791347396.0348177
2.55e-12,1791347396.1026363
2.66e-12,1791347396.16846
2.27e-12,1791347396.2348022
2.17e-12,1791347396.3016455
2.42e-12,1791347396.368004
2.53e-12,1791347396.4353426
2.73e-12,1791347396.5011659
2.6e-12,1791347396.5679877
2.72e-12,1791347396.6353302
2.73e-12,1791347396.7011628
2.73e-12,1791347396.768497
2.42e-12,1791347396.8348405
2.83e-12,1791347396.901681
2.39e-12,1791347396.9680095
2.6e-12,1791347397.0348306
2.36e-12,1791347397.1016521
2.36e-12,1791347397.1684735
2.73e-12,1791347397.2349164
2.63e-12,1791347397.301647
2.57e-12,1791347397.3679795
2.59e-12,1791347397.4353578
2.66e-12,1791347397.5011775
2.76e-12,1791347397.568509
2.59e-12,1791347397.635331
2.97e-12,1791347397.701167
2.56e-12,1791347397.7679884
2.81e-12,1791347397.8338206
2.47e-12,1791347397.9016397
2.38e-12,1791347397.9684613
2.58e-12,1791347398.0342968
2.65e-12,1791347398.1011178
2.83e-12,1791347398.1679559
2.69e-12,1791347398.2341623
2.33e-12,1791347398.3009865
2.2e-12,1791347398.3678086
2.24e-12,1791347398.4343064
2.43e-12,1791347398.501127
2.64e-12,1791347398.5684726
2.52e-12,1791347398.634263
2.73e-12,1791347398.7010908
2.58e-12,1791347398.7684164
2.53e-12,1791347398.834219
